<?xml version="1.0" encoding="UTF-8"?>
<kml xmlns="http://www.opengis.net/kml/2.2" xmlns:gx="http://www.google.com/kml/ext/2.2">
<Document><name>10/8 Thu · Kaminoyama → Nikaho Onsen</name><description>Over to the Sea of Japan coast under Mount Chokai. Flyover runs 18 min at 300 m (984 ft) above ground, tilt 60°. Double-click the tour below to play it.</description>
<Style id="rt"><LineStyle><color>b32fd5ff</color><width>3</width></LineStyle></Style>
<gx:Tour><name>▶ 10/8 Thu · Kaminoyama → Nikaho Onsen — 206 km (128 mi)</name><description>Over to the Sea of Japan coast under Mount Chokai.</description><gx:Playlist><gx:FlyTo><gx:duration>4</gx:duration><gx:flyToMode>bounce</gx:flyToMode><Camera><longitude>140.261017</longitude><latitude>38.147874</latitude><altitude>300</altitude><heading>36.8</heading><tilt>60</tilt><altitudeMode>relativeToGround</altitudeMode></Camera></gx:FlyTo><gx:FlyTo><gx:duration>5.64</gx:duration><gx:flyToMode>smooth</gx:flyToMode><Camera><longitude>140.266571</longitude><latitude>38.153715</latitude><altitude>300</altitude><heading>38.9</heading><tilt>60</tilt><altitudeMode>relativeToGround</altitudeMode></Camera></gx:FlyTo><gx:FlyTo><gx:duration>5.64</gx:duration><gx:flyToMode>smooth</gx:flyToMode><Camera><longitude>140.273566</longitude><latitude>38.160539</latitude><altitude>300</altitude><heading>58.7</heading><tilt>60</tilt><altitudeMode>relativeToGround</altitudeMode></Camera></gx:FlyTo><gx:FlyTo><gx:duration>5.64</gx:duration><gx:flyToMode>smooth</gx:flyToMode><Camera><longitude>140.284810</longitude><latitude>38.165903</latitude><altitude>300</altitude><heading>58.9</heading><tilt>60</tilt><altitudeMode>relativeToGround</altitudeMode></Camera></gx:FlyTo><gx:FlyTo><gx:duration>5.64</gx:duration><gx:flyToMode>smooth</gx:flyToMode><Camera><longitude>140.294852</longitude><latitude>38.170667</latitude><altitude>300</altitude><heading>56.7</heading><tilt>60</tilt><altitudeMode>relativeToGround</altitudeMode></Camera></gx:FlyTo><gx:FlyTo><gx:duration>5.64</gx:duration><gx:flyToMode>smooth</gx:flyToMode><Camera><longitude>140.303993</longitude><latitude>38.175387</latitude><altitude>300</altitude><heading>31.8</heading><tilt>60</tilt><altitudeMode>relativeToGround</altitudeMode></Camera></gx:FlyTo><gx:FlyTo><gx:duration>5.64</gx:duration><gx:flyToMode>smooth</gx:flyToMode><Camera><longitude>140.309916</longitude><latitude>38.182898</latitude><altitude>300</altitude><heading>303.0</heading><tilt>60</tilt><altitudeMode>relativeToGround</altitudeMode></Camera></gx:FlyTo><gx:FlyTo><gx:duration>5.64</gx:duration><gx:flyToMode>smooth</gx:flyToMode><Camera><longitude>140.303435</longitude><latitude>38.186202</latitude><altitude>300</altitude><heading>335.0</heading><tilt>60</tilt><altitudeMode>relativeToGround</altitudeMode></Camera></gx:FlyTo><gx:FlyTo><gx:duration>5.64</gx:duration><gx:flyToMode>smooth</gx:flyToMode><Camera><longitude>140.299187</longitude><latitude>38.193369</latitude><altitude>300</altitude><heading>345.4</heading><tilt>60</tilt><altitudeMode>relativeToGround</altitudeMode></Camera></gx:FlyTo><gx:FlyTo><gx:duration>5.64</gx:duration><gx:flyToMode>smooth</gx:flyToMode><Camera><longitude>140.296268</longitude><latitude>38.202167</latitude><altitude>300</altitude><heading>335.9</heading><tilt>60</tilt><altitudeMode>relativeToGround</altitudeMode></Camera></gx:FlyTo><gx:FlyTo><gx:duration>5.64</gx:duration><gx:flyToMode>smooth</gx:flyToMode><Camera><longitude>140.291119</longitude><latitude>38.211222</latitude><altitude>300</altitude><heading>323.9</heading><tilt>60</tilt><altitudeMode>relativeToGround</altitudeMode></Camera></gx:FlyTo><gx:FlyTo><gx:duration>5.64</gx:duration><gx:flyToMode>smooth</gx:flyToMode><Camera><longitude>140.282879</longitude><latitude>38.220105</latitude><altitude>300</altitude><heading>330.7</heading><tilt>60</tilt><altitudeMode>relativeToGround</altitudeMode></Camera></gx:FlyTo><gx:FlyTo><gx:duration>5.64</gx:duration><gx:flyToMode>smooth</gx:flyToMode><Camera><longitude>140.276613</longitude><latitude>38.228860</latitude><altitude>300</altitude><heading>352.0</heading><tilt>60</tilt><altitudeMode>relativeToGround</altitudeMode></Camera></gx:FlyTo><gx:FlyTo><gx:duration>5.64</gx:duration><gx:flyToMode>smooth</gx:flyToMode><Camera><longitude>140.274982</longitude><latitude>38.237958</latitude><altitude>300</altitude><heading>24.1</heading><tilt>60</tilt><altitudeMode>relativeToGround</altitudeMode></Camera></gx:FlyTo><gx:FlyTo><gx:duration>5.64</gx:duration><gx:flyToMode>smooth</gx:flyToMode><Camera><longitude>140.280690</longitude><latitude>38.247957</latitude><altitude>300</altitude><heading>37.1</heading><tilt>60</tilt><altitudeMode>relativeToGround</altitudeMode></Camera></gx:FlyTo><gx:FlyTo><gx:duration>5.64</gx:duration><gx:flyToMode>smooth</gx:flyToMode><Camera><longitude>140.287642</longitude><latitude>38.255167</latitude><altitude>300</altitude><heading>14.3</heading><tilt>60</tilt><altitudeMode>relativeToGround</altitudeMode></Camera></gx:FlyTo><gx:FlyTo><gx:duration>5.64</gx:duration><gx:flyToMode>smooth</gx:flyToMode><Camera><longitude>140.290561</longitude><latitude>38.264136</latitude><altitude>300</altitude><heading>17.6</heading><tilt>60</tilt><altitudeMode>relativeToGround</altitudeMode></Camera></gx:FlyTo><gx:FlyTo><gx:duration>5.64</gx:duration><gx:flyToMode>smooth</gx:flyToMode><Camera><longitude>140.294423</longitude><latitude>38.273706</latitude><altitude>300</altitude><heading>17.1</heading><tilt>60</tilt><altitudeMode>relativeToGround</altitudeMode></Camera></gx:FlyTo><gx:FlyTo><gx:duration>5.64</gx:duration><gx:flyToMode>smooth</gx:flyToMode><Camera><longitude>140.297899</longitude><latitude>38.282590</latitude><altitude>300</altitude><heading>9.8</heading><tilt>60</tilt><altitudeMode>relativeToGround</altitudeMode></Camera></gx:FlyTo><gx:FlyTo><gx:duration>5.64</gx:duration><gx:flyToMode>smooth</gx:flyToMode><Camera><longitude>140.300345</longitude><latitude>38.293705</latitude><altitude>300</altitude><heading>36.4</heading><tilt>60</tilt><altitudeMode>relativeToGround</altitudeMode></Camera></gx:FlyTo><gx:FlyTo><gx:duration>5.64</gx:duration><gx:flyToMode>smooth</gx:flyToMode><Camera><longitude>140.307684</longitude><latitude>38.301516</latitude><altitude>300</altitude><heading>24.3</heading><tilt>60</tilt><altitudeMode>relativeToGround</altitudeMode></Camera></gx:FlyTo><gx:FlyTo><gx:duration>5.64</gx:duration><gx:flyToMode>smooth</gx:flyToMode><Camera><longitude>140.312533</longitude><latitude>38.309927</latitude><altitude>300</altitude><heading>322.4</heading><tilt>60</tilt><altitudeMode>relativeToGround</altitudeMode></Camera></gx:FlyTo><gx:FlyTo><gx:duration>5.64</gx:duration><gx:flyToMode>smooth</gx:flyToMode><Camera><longitude>140.305710</longitude><latitude>38.316879</latitude><altitude>300</altitude><heading>323.4</heading><tilt>60</tilt><altitudeMode>relativeToGround</altitudeMode></Camera></gx:FlyTo><gx:FlyTo><gx:duration>5.64</gx:duration><gx:flyToMode>smooth</gx:flyToMode><Camera><longitude>140.298715</longitude><latitude>38.324261</latitude><altitude>300</altitude><heading>353.5</heading><tilt>60</tilt><altitudeMode>relativeToGround</altitudeMode></Camera></gx:FlyTo><gx:FlyTo><gx:duration>5.64</gx:duration><gx:flyToMode>smooth</gx:flyToMode><Camera><longitude>140.297213</longitude><latitude>38.334560</latitude><altitude>300</altitude><heading>359.2</heading><tilt>60</tilt><altitudeMode>relativeToGround</altitudeMode></Camera></gx:FlyTo><gx:FlyTo><gx:duration>5.64</gx:duration><gx:flyToMode>smooth</gx:flyToMode><Camera><longitude>140.296998</longitude><latitude>38.347220</latitude><altitude>300</altitude><heading>346.8</heading><tilt>60</tilt><altitudeMode>relativeToGround</altitudeMode></Camera></gx:FlyTo><gx:FlyTo><gx:duration>5.64</gx:duration><gx:flyToMode>smooth</gx:flyToMode><Camera><longitude>140.294380</longitude><latitude>38.355975</latitude><altitude>300</altitude><heading>335.2</heading><tilt>60</tilt><altitudeMode>relativeToGround</altitudeMode></Camera></gx:FlyTo><gx:FlyTo><gx:duration>5.64</gx:duration><gx:flyToMode>smooth</gx:flyToMode><Camera><longitude>140.290089</longitude><latitude>38.363271</latitude><altitude>300</altitude><heading>4.0</heading><tilt>60</tilt><altitudeMode>relativeToGround</altitudeMode></Camera></gx:FlyTo><gx:FlyTo><gx:duration>5.64</gx:duration><gx:flyToMode>smooth</gx:flyToMode><Camera><longitude>140.290990</longitude><latitude>38.373270</latitude><altitude>300</altitude><heading>10.0</heading><tilt>60</tilt><altitudeMode>relativeToGround</altitudeMode></Camera></gx:FlyTo><gx:FlyTo><gx:duration>5.64</gx:duration><gx:flyToMode>smooth</gx:flyToMode><Camera><longitude>140.293007</longitude><latitude>38.382196</latitude><altitude>300</altitude><heading>348.4</heading><tilt>60</tilt><altitudeMode>relativeToGround</altitudeMode></Camera></gx:FlyTo><gx:FlyTo><gx:duration>5.64</gx:duration><gx:flyToMode>smooth</gx:flyToMode><Camera><longitude>140.290732</longitude><latitude>38.390908</latitude><altitude>300</altitude><heading>298.4</heading><tilt>60</tilt><altitudeMode>relativeToGround</altitudeMode></Camera></gx:FlyTo><gx:FlyTo><gx:duration>5.64</gx:duration><gx:flyToMode>smooth</gx:flyToMode><Camera><longitude>140.278974</longitude><latitude>38.395886</latitude><altitude>300</altitude><heading>285.0</heading><tilt>60</tilt><altitudeMode>relativeToGround</altitudeMode></Camera></gx:FlyTo><gx:FlyTo><gx:duration>5.64</gx:duration><gx:flyToMode>smooth</gx:flyToMode><Camera><longitude>140.267344</longitude><latitude>38.398333</latitude><altitude>300</altitude><heading>272.4</heading><tilt>60</tilt><altitudeMode>relativeToGround</altitudeMode></Camera></gx:FlyTo><gx:FlyTo><gx:duration>5.64</gx:duration><gx:flyToMode>smooth</gx:flyToMode><Camera><longitude>140.255370</longitude><latitude>38.398719</latitude><altitude>300</altitude><heading>291.3</heading><tilt>60</tilt><altitudeMode>relativeToGround</altitudeMode></Camera></gx:FlyTo><gx:FlyTo><gx:duration>5.64</gx:duration><gx:flyToMode>smooth</gx:flyToMode><Camera><longitude>140.244856</longitude><latitude>38.401937</latitude><altitude>300</altitude><heading>283.0</heading><tilt>60</tilt><altitudeMode>relativeToGround</altitudeMode></Camera></gx:FlyTo><gx:FlyTo><gx:duration>5.64</gx:duration><gx:flyToMode>smooth</gx:flyToMode><Camera><longitude>140.233483</longitude><latitude>38.403997</latitude><altitude>300</altitude><heading>288.9</heading><tilt>60</tilt><altitudeMode>relativeToGround</altitudeMode></Camera></gx:FlyTo><gx:FlyTo><gx:duration>5.64</gx:duration><gx:flyToMode>smooth</gx:flyToMode><Camera><longitude>140.221982</longitude><latitude>38.407087</latitude><altitude>300</altitude><heading>297.5</heading><tilt>60</tilt><altitudeMode>relativeToGround</altitudeMode></Camera></gx:FlyTo><gx:FlyTo><gx:duration>5.64</gx:duration><gx:flyToMode>smooth</gx:flyToMode><Camera><longitude>140.211897</longitude><latitude>38.411207</latitude><altitude>300</altitude><heading>279.0</heading><tilt>60</tilt><altitudeMode>relativeToGround</altitudeMode></Camera></gx:FlyTo><gx:FlyTo><gx:duration>5.64</gx:duration><gx:flyToMode>smooth</gx:flyToMode><Camera><longitude>140.199795</longitude><latitude>38.412709</latitude><altitude>300</altitude><heading>286.9</heading><tilt>60</tilt><altitudeMode>relativeToGround</altitudeMode></Camera></gx:FlyTo><gx:FlyTo><gx:duration>5.64</gx:duration><gx:flyToMode>smooth</gx:flyToMode><Camera><longitude>140.188766</longitude><latitude>38.415327</latitude><altitude>300</altitude><heading>290.8</heading><tilt>60</tilt><altitudeMode>relativeToGround</altitudeMode></Camera></gx:FlyTo><gx:FlyTo><gx:duration>5.64</gx:duration><gx:flyToMode>smooth</gx:flyToMode><Camera><longitude>140.176921</longitude><latitude>38.418846</latitude><altitude>300</altitude><heading>283.2</heading><tilt>60</tilt><altitudeMode>relativeToGround</altitudeMode></Camera></gx:FlyTo><gx:FlyTo><gx:duration>5.64</gx:duration><gx:flyToMode>smooth</gx:flyToMode><Camera><longitude>140.165462</longitude><latitude>38.420949</latitude><altitude>300</altitude><heading>293.0</heading><tilt>60</tilt><altitudeMode>relativeToGround</altitudeMode></Camera></gx:FlyTo><gx:FlyTo><gx:duration>5.64</gx:duration><gx:flyToMode>smooth</gx:flyToMode><Camera><longitude>140.154219</longitude><latitude>38.424683</latitude><altitude>300</altitude><heading>295.2</heading><tilt>60</tilt><altitudeMode>relativeToGround</altitudeMode></Camera></gx:FlyTo><gx:FlyTo><gx:duration>5.64</gx:duration><gx:flyToMode>smooth</gx:flyToMode><Camera><longitude>140.142932</longitude><latitude>38.428845</latitude><altitude>300</altitude><heading>295.2</heading><tilt>60</tilt><altitudeMode>relativeToGround</altitudeMode></Camera></gx:FlyTo><gx:FlyTo><gx:duration>5.64</gx:duration><gx:flyToMode>smooth</gx:flyToMode><Camera><longitude>140.130701</longitude><latitude>38.433352</latitude><altitude>300</altitude><heading>294.0</heading><tilt>60</tilt><altitudeMode>relativeToGround</altitudeMode></Camera></gx:FlyTo><gx:FlyTo><gx:duration>5.64</gx:duration><gx:flyToMode>smooth</gx:flyToMode><Camera><longitude>140.118985</longitude><latitude>38.437428</latitude><altitude>300</altitude><heading>265.4</heading><tilt>60</tilt><altitudeMode>relativeToGround</altitudeMode></Camera></gx:FlyTo><gx:FlyTo><gx:duration>5.64</gx:duration><gx:flyToMode>smooth</gx:flyToMode><Camera><longitude>140.106711</longitude><latitude>38.436656</latitude><altitude>300</altitude><heading>265.2</heading><tilt>60</tilt><altitudeMode>relativeToGround</altitudeMode></Camera></gx:FlyTo><gx:FlyTo><gx:duration>5.64</gx:duration><gx:flyToMode>smooth</gx:flyToMode><Camera><longitude>140.095081</longitude><latitude>38.435884</latitude><altitude>300</altitude><heading>271.6</heading><tilt>60</tilt><altitudeMode>relativeToGround</altitudeMode></Camera></gx:FlyTo><gx:FlyTo><gx:duration>5.64</gx:duration><gx:flyToMode>smooth</gx:flyToMode><Camera><longitude>140.081434</longitude><latitude>38.436184</latitude><altitude>300</altitude><heading>298.0</heading><tilt>60</tilt><altitudeMode>relativeToGround</altitudeMode></Camera></gx:FlyTo><gx:FlyTo><gx:duration>5.64</gx:duration><gx:flyToMode>smooth</gx:flyToMode><Camera><longitude>140.069890</longitude><latitude>38.440990</latitude><altitude>300</altitude><heading>315.9</heading><tilt>60</tilt><altitudeMode>relativeToGround</altitudeMode></Camera></gx:FlyTo><gx:FlyTo><gx:duration>5.64</gx:duration><gx:flyToMode>smooth</gx:flyToMode><Camera><longitude>140.062037</longitude><latitude>38.447342</latitude><altitude>300</altitude><heading>313.9</heading><tilt>60</tilt><altitudeMode>relativeToGround</altitudeMode></Camera></gx:FlyTo><gx:FlyTo><gx:duration>5.64</gx:duration><gx:flyToMode>smooth</gx:flyToMode><Camera><longitude>140.054398</longitude><latitude>38.453093</latitude><altitude>300</altitude><heading>299.4</heading><tilt>60</tilt><altitudeMode>relativeToGround</altitudeMode></Camera></gx:FlyTo><gx:FlyTo><gx:duration>5.64</gx:duration><gx:flyToMode>smooth</gx:flyToMode><Camera><longitude>140.046415</longitude><latitude>38.456612</latitude><altitude>300</altitude><heading>275.6</heading><tilt>60</tilt><altitudeMode>relativeToGround</altitudeMode></Camera></gx:FlyTo><gx:FlyTo><gx:duration>5.64</gx:duration><gx:flyToMode>smooth</gx:flyToMode><Camera><longitude>140.034142</longitude><latitude>38.457556</latitude><altitude>300</altitude><heading>265.2</heading><tilt>60</tilt><altitudeMode>relativeToGround</altitudeMode></Camera></gx:FlyTo><gx:FlyTo><gx:duration>5.64</gx:duration><gx:flyToMode>smooth</gx:flyToMode><Camera><longitude>140.019121</longitude><latitude>38.456569</latitude><altitude>300</altitude><heading>280.1</heading><tilt>60</tilt><altitudeMode>relativeToGround</altitudeMode></Camera></gx:FlyTo><gx:FlyTo><gx:duration>5.64</gx:duration><gx:flyToMode>smooth</gx:flyToMode><Camera><longitude>140.008607</longitude><latitude>38.458028</latitude><altitude>300</altitude><heading>238.6</heading><tilt>60</tilt><altitudeMode>relativeToGround</altitudeMode></Camera></gx:FlyTo><gx:FlyTo><gx:duration>5.64</gx:duration><gx:flyToMode>smooth</gx:flyToMode><Camera><longitude>140.000625</longitude><latitude>38.454208</latitude><altitude>300</altitude><heading>322.5</heading><tilt>60</tilt><altitudeMode>relativeToGround</altitudeMode></Camera></gx:FlyTo><gx:FlyTo><gx:duration>5.64</gx:duration><gx:flyToMode>smooth</gx:flyToMode><Camera><longitude>139.998693</longitude><latitude>38.456182</latitude><altitude>300</altitude><heading>10.7</heading><tilt>60</tilt><altitudeMode>relativeToGround</altitudeMode></Camera></gx:FlyTo><gx:FlyTo><gx:duration>5.64</gx:duration><gx:flyToMode>smooth</gx:flyToMode><Camera><longitude>140.001054</longitude><latitude>38.465924</latitude><altitude>300</altitude><heading>14.5</heading><tilt>60</tilt><altitudeMode>relativeToGround</altitudeMode></Camera></gx:FlyTo><gx:FlyTo><gx:duration>5.64</gx:duration><gx:flyToMode>smooth</gx:flyToMode><Camera><longitude>140.004015</longitude><latitude>38.474894</latitude><altitude>300</altitude><heading>2.9</heading><tilt>60</tilt><altitudeMode>relativeToGround</altitudeMode></Camera></gx:FlyTo><gx:FlyTo><gx:duration>5.64</gx:duration><gx:flyToMode>smooth</gx:flyToMode><Camera><longitude>140.004573</longitude><latitude>38.483605</latitude><altitude>300</altitude><heading>334.1</heading><tilt>60</tilt><altitudeMode>relativeToGround</altitudeMode></Camera></gx:FlyTo><gx:FlyTo><gx:duration>5.64</gx:duration><gx:flyToMode>smooth</gx:flyToMode><Camera><longitude>139.999895</longitude><latitude>38.491158</latitude><altitude>300</altitude><heading>348.8</heading><tilt>60</tilt><altitudeMode>relativeToGround</altitudeMode></Camera></gx:FlyTo><gx:FlyTo><gx:duration>5.64</gx:duration><gx:flyToMode>smooth</gx:flyToMode><Camera><longitude>139.997706</longitude><latitude>38.499827</latitude><altitude>300</altitude><heading>256.8</heading><tilt>60</tilt><altitudeMode>relativeToGround</altitudeMode></Camera></gx:FlyTo><gx:FlyTo><gx:duration>5.64</gx:duration><gx:flyToMode>smooth</gx:flyToMode><Camera><longitude>139.989552</longitude><latitude>38.498325</latitude><altitude>300</altitude><heading>291.6</heading><tilt>60</tilt><altitudeMode>relativeToGround</altitudeMode></Camera></gx:FlyTo><gx:FlyTo><gx:duration>5.64</gx:duration><gx:flyToMode>smooth</gx:flyToMode><Camera><longitude>139.981227</longitude><latitude>38.500900</latitude><altitude>300</altitude><heading>290.8</heading><tilt>60</tilt><altitudeMode>relativeToGround</altitudeMode></Camera></gx:FlyTo><gx:FlyTo><gx:duration>5.64</gx:duration><gx:flyToMode>smooth</gx:flyToMode><Camera><longitude>139.972258</longitude><latitude>38.503561</latitude><altitude>300</altitude><heading>342.7</heading><tilt>60</tilt><altitudeMode>relativeToGround</altitudeMode></Camera></gx:FlyTo><gx:FlyTo><gx:duration>5.64</gx:duration><gx:flyToMode>smooth</gx:flyToMode><Camera><longitude>139.970069</longitude><latitude>38.509054</latitude><altitude>300</altitude><heading>250.9</heading><tilt>60</tilt><altitudeMode>relativeToGround</altitudeMode></Camera></gx:FlyTo><gx:FlyTo><gx:duration>5.64</gx:duration><gx:flyToMode>smooth</gx:flyToMode><Camera><longitude>139.961700</longitude><latitude>38.506780</latitude><altitude>300</altitude><heading>324.0</heading><tilt>60</tilt><altitudeMode>relativeToGround</altitudeMode></Camera></gx:FlyTo><gx:FlyTo><gx:duration>5.64</gx:duration><gx:flyToMode>smooth</gx:flyToMode><Camera><longitude>139.955649</longitude><latitude>38.513303</latitude><altitude>300</altitude><heading>347.1</heading><tilt>60</tilt><altitudeMode>relativeToGround</altitudeMode></Camera></gx:FlyTo><gx:FlyTo><gx:duration>5.64</gx:duration><gx:flyToMode>smooth</gx:flyToMode><Camera><longitude>139.954319</longitude><latitude>38.517852</latitude><altitude>300</altitude><heading>358.5</heading><tilt>60</tilt><altitudeMode>relativeToGround</altitudeMode></Camera></gx:FlyTo><gx:FlyTo><gx:duration>5.64</gx:duration><gx:flyToMode>smooth</gx:flyToMode><Camera><longitude>139.954104</longitude><latitude>38.524375</latitude><altitude>300</altitude><heading>15.7</heading><tilt>60</tilt><altitudeMode>relativeToGround</altitudeMode></Camera></gx:FlyTo><gx:FlyTo><gx:duration>5.64</gx:duration><gx:flyToMode>smooth</gx:flyToMode><Camera><longitude>139.956851</longitude><latitude>38.532014</latitude><altitude>300</altitude><heading>314.6</heading><tilt>60</tilt><altitudeMode>relativeToGround</altitudeMode></Camera></gx:FlyTo><gx:FlyTo><gx:duration>5.64</gx:duration><gx:flyToMode>smooth</gx:flyToMode><Camera><longitude>139.951401</longitude><latitude>38.536220</latitude><altitude>300</altitude><heading>252.6</heading><tilt>60</tilt><altitudeMode>relativeToGround</altitudeMode></Camera></gx:FlyTo><gx:FlyTo><gx:duration>5.64</gx:duration><gx:flyToMode>smooth</gx:flyToMode><Camera><longitude>139.942303</longitude><latitude>38.533988</latitude><altitude>300</altitude><heading>282.4</heading><tilt>60</tilt><altitudeMode>relativeToGround</altitudeMode></Camera></gx:FlyTo><gx:FlyTo><gx:duration>5.64</gx:duration><gx:flyToMode>smooth</gx:flyToMode><Camera><longitude>139.935565</longitude><latitude>38.535147</latitude><altitude>300</altitude><heading>333.2</heading><tilt>60</tilt><altitudeMode>relativeToGround</altitudeMode></Camera></gx:FlyTo><gx:FlyTo><gx:duration>5.64</gx:duration><gx:flyToMode>smooth</gx:flyToMode><Camera><longitude>139.932132</longitude><latitude>38.540468</latitude><altitude>300</altitude><heading>340.6</heading><tilt>60</tilt><altitudeMode>relativeToGround</altitudeMode></Camera></gx:FlyTo><gx:FlyTo><gx:duration>5.64</gx:duration><gx:flyToMode>smooth</gx:flyToMode><Camera><longitude>139.929214</longitude><latitude>38.546948</latitude><altitude>300</altitude><heading>333.3</heading><tilt>60</tilt><altitudeMode>relativeToGround</altitudeMode></Camera></gx:FlyTo><gx:FlyTo><gx:duration>5.64</gx:duration><gx:flyToMode>smooth</gx:flyToMode><Camera><longitude>139.926209</longitude><latitude>38.551626</latitude><altitude>300</altitude><heading>349.2</heading><tilt>60</tilt><altitudeMode>relativeToGround</altitudeMode></Camera></gx:FlyTo><gx:FlyTo><gx:duration>5.64</gx:duration><gx:flyToMode>smooth</gx:flyToMode><Camera><longitude>139.924664</longitude><latitude>38.557978</latitude><altitude>300</altitude><heading>340.9</heading><tilt>60</tilt><altitudeMode>relativeToGround</altitudeMode></Camera></gx:FlyTo><gx:FlyTo><gx:duration>5.64</gx:duration><gx:flyToMode>smooth</gx:flyToMode><Camera><longitude>139.922819</longitude><latitude>38.562140</latitude><altitude>300</altitude><heading>4.0</heading><tilt>60</tilt><altitudeMode>relativeToGround</altitudeMode></Camera></gx:FlyTo><gx:FlyTo><gx:duration>5.64</gx:duration><gx:flyToMode>smooth</gx:flyToMode><Camera><longitude>139.923162</longitude><latitude>38.565960</latitude><altitude>300</altitude><heading>351.6</heading><tilt>60</tilt><altitudeMode>relativeToGround</altitudeMode></Camera></gx:FlyTo><gx:FlyTo><gx:duration>5.64</gx:duration><gx:flyToMode>smooth</gx:flyToMode><Camera><longitude>139.922047</longitude><latitude>38.571839</latitude><altitude>300</altitude><heading>254.9</heading><tilt>60</tilt><altitudeMode>relativeToGround</altitudeMode></Camera></gx:FlyTo><gx:FlyTo><gx:duration>5.64</gx:duration><gx:flyToMode>smooth</gx:flyToMode><Camera><longitude>139.913721</longitude><latitude>38.570080</latitude><altitude>300</altitude><heading>282.8</heading><tilt>60</tilt><altitudeMode>relativeToGround</altitudeMode></Camera></gx:FlyTo><gx:FlyTo><gx:duration>5.64</gx:duration><gx:flyToMode>smooth</gx:flyToMode><Camera><longitude>139.902349</longitude><latitude>38.572097</latitude><altitude>300</altitude><heading>352.6</heading><tilt>60</tilt><altitudeMode>relativeToGround</altitudeMode></Camera></gx:FlyTo><gx:FlyTo><gx:duration>5.64</gx:duration><gx:flyToMode>smooth</gx:flyToMode><Camera><longitude>139.900975</longitude><latitude>38.580422</latitude><altitude>300</altitude><heading>315.9</heading><tilt>60</tilt><altitudeMode>relativeToGround</altitudeMode></Camera></gx:FlyTo><gx:FlyTo><gx:duration>5.64</gx:duration><gx:flyToMode>smooth</gx:flyToMode><Camera><longitude>139.893208</longitude><latitude>38.586688</latitude><altitude>300</altitude><heading>287.7</heading><tilt>60</tilt><altitudeMode>relativeToGround</altitudeMode></Camera></gx:FlyTo><gx:FlyTo><gx:duration>5.64</gx:duration><gx:flyToMode>smooth</gx:flyToMode><Camera><longitude>139.882350</longitude><latitude>38.589392</latitude><altitude>300</altitude><heading>256.7</heading><tilt>60</tilt><altitudeMode>relativeToGround</altitudeMode></Camera></gx:FlyTo><gx:FlyTo><gx:duration>5.64</gx:duration><gx:flyToMode>smooth</gx:flyToMode><Camera><longitude>139.872093</longitude><latitude>38.587503</latitude><altitude>300</altitude><heading>261.1</heading><tilt>60</tilt><altitudeMode>relativeToGround</altitudeMode></Camera></gx:FlyTo><gx:FlyTo><gx:duration>5.64</gx:duration><gx:flyToMode>smooth</gx:flyToMode><Camera><longitude>139.861922</longitude><latitude>38.586259</latitude><altitude>300</altitude><heading>286.5</heading><tilt>60</tilt><altitudeMode>relativeToGround</altitudeMode></Camera></gx:FlyTo><gx:FlyTo><gx:duration>5.64</gx:duration><gx:flyToMode>smooth</gx:flyToMode><Camera><longitude>139.850764</longitude><latitude>38.588834</latitude><altitude>300</altitude><heading>325.5</heading><tilt>60</tilt><altitudeMode>relativeToGround</altitudeMode></Camera></gx:FlyTo><gx:FlyTo><gx:duration>5.64</gx:duration><gx:flyToMode>smooth</gx:flyToMode><Camera><longitude>139.844413</longitude><latitude>38.596044</latitude><altitude>300</altitude><heading>338.5</heading><tilt>60</tilt><altitudeMode>relativeToGround</altitudeMode></Camera></gx:FlyTo><gx:FlyTo><gx:duration>5.64</gx:duration><gx:flyToMode>smooth</gx:flyToMode><Camera><longitude>139.839864</longitude><latitude>38.605056</latitude><altitude>300</altitude><heading>340.0</heading><tilt>60</tilt><altitudeMode>relativeToGround</altitudeMode></Camera></gx:FlyTo><gx:FlyTo><gx:duration>5.64</gx:duration><gx:flyToMode>smooth</gx:flyToMode><Camera><longitude>139.835615</longitude><latitude>38.614197</latitude><altitude>300</altitude><heading>26.9</heading><tilt>60</tilt><altitudeMode>relativeToGround</altitudeMode></Camera></gx:FlyTo><gx:FlyTo><gx:duration>5.64</gx:duration><gx:flyToMode>smooth</gx:flyToMode><Camera><longitude>139.841323</longitude><latitude>38.622994</latitude><altitude>300</altitude><heading>18.5</heading><tilt>60</tilt><altitudeMode>relativeToGround</altitudeMode></Camera></gx:FlyTo><gx:FlyTo><gx:duration>5.64</gx:duration><gx:flyToMode>smooth</gx:flyToMode><Camera><longitude>139.845099</longitude><latitude>38.631835</latitude><altitude>300</altitude><heading>13.6</heading><tilt>60</tilt><altitudeMode>relativeToGround</altitudeMode></Camera></gx:FlyTo><gx:FlyTo><gx:duration>5.64</gx:duration><gx:flyToMode>smooth</gx:flyToMode><Camera><longitude>139.847975</longitude><latitude>38.641105</latitude><altitude>300</altitude><heading>350.5</heading><tilt>60</tilt><altitudeMode>relativeToGround</altitudeMode></Camera></gx:FlyTo><gx:FlyTo><gx:duration>5.64</gx:duration><gx:flyToMode>smooth</gx:flyToMode><Camera><longitude>139.845829</longitude><latitude>38.651104</latitude><altitude>300</altitude><heading>4.3</heading><tilt>60</tilt><altitudeMode>relativeToGround</altitudeMode></Camera></gx:FlyTo><gx:FlyTo><gx:duration>5.64</gx:duration><gx:flyToMode>smooth</gx:flyToMode><Camera><longitude>139.846687</longitude><latitude>38.659987</latitude><altitude>300</altitude><heading>335.5</heading><tilt>60</tilt><altitudeMode>relativeToGround</altitudeMode></Camera></gx:FlyTo><gx:FlyTo><gx:duration>5.64</gx:duration><gx:flyToMode>smooth</gx:flyToMode><Camera><longitude>139.841108</longitude><latitude>38.669558</latitude><altitude>300</altitude><heading>336.4</heading><tilt>60</tilt><altitudeMode>relativeToGround</altitudeMode></Camera></gx:FlyTo><gx:FlyTo><gx:duration>5.64</gx:duration><gx:flyToMode>smooth</gx:flyToMode><Camera><longitude>139.836302</longitude><latitude>38.678141</latitude><altitude>300</altitude><heading>1.8</heading><tilt>60</tilt><altitudeMode>relativeToGround</altitudeMode></Camera></gx:FlyTo><gx:FlyTo><gx:duration>5.64</gx:duration><gx:flyToMode>smooth</gx:flyToMode><Camera><longitude>139.836731</longitude><latitude>38.688569</latitude><altitude>300</altitude><heading>348.1</heading><tilt>60</tilt><altitudeMode>relativeToGround</altitudeMode></Camera></gx:FlyTo><gx:FlyTo><gx:duration>5.64</gx:duration><gx:flyToMode>smooth</gx:flyToMode><Camera><longitude>139.834328</longitude><latitude>38.697495</latitude><altitude>300</altitude><heading>24.7</heading><tilt>60</tilt><altitudeMode>relativeToGround</altitudeMode></Camera></gx:FlyTo><gx:FlyTo><gx:duration>5.64</gx:duration><gx:flyToMode>smooth</gx:flyToMode><Camera><longitude>139.839134</longitude><latitude>38.705649</latitude><altitude>300</altitude><heading>37.3</heading><tilt>60</tilt><altitudeMode>relativeToGround</altitudeMode></Camera></gx:FlyTo><gx:FlyTo><gx:duration>5.64</gx:duration><gx:flyToMode>smooth</gx:flyToMode><Camera><longitude>139.846473</longitude><latitude>38.713160</latitude><altitude>300</altitude><heading>5.5</heading><tilt>60</tilt><altitudeMode>relativeToGround</altitudeMode></Camera></gx:FlyTo><gx:FlyTo><gx:duration>5.64</gx:duration><gx:flyToMode>smooth</gx:flyToMode><Camera><longitude>139.847589</longitude><latitude>38.722258</latitude><altitude>300</altitude><heading>349.8</heading><tilt>60</tilt><altitudeMode>relativeToGround</altitudeMode></Camera></gx:FlyTo><gx:FlyTo><gx:duration>5.64</gx:duration><gx:flyToMode>smooth</gx:flyToMode><Camera><longitude>139.845572</longitude><latitude>38.731012</latitude><altitude>300</altitude><heading>3.5</heading><tilt>60</tilt><altitudeMode>relativeToGround</altitudeMode></Camera></gx:FlyTo><gx:FlyTo><gx:duration>5.64</gx:duration><gx:flyToMode>smooth</gx:flyToMode><Camera><longitude>139.846430</longitude><latitude>38.741956</latitude><altitude>300</altitude><heading>306.0</heading><tilt>60</tilt><altitudeMode>relativeToGround</altitudeMode></Camera></gx:FlyTo><gx:FlyTo><gx:duration>5.64</gx:duration><gx:flyToMode>smooth</gx:flyToMode><Camera><longitude>139.837503</longitude><latitude>38.747020</latitude><altitude>300</altitude><heading>339.4</heading><tilt>60</tilt><altitudeMode>relativeToGround</altitudeMode></Camera></gx:FlyTo><gx:FlyTo><gx:duration>5.64</gx:duration><gx:flyToMode>smooth</gx:flyToMode><Camera><longitude>139.832997</longitude><latitude>38.756375</latitude><altitude>300</altitude><heading>356.9</heading><tilt>60</tilt><altitudeMode>relativeToGround</altitudeMode></Camera></gx:FlyTo><gx:FlyTo><gx:duration>5.64</gx:duration><gx:flyToMode>smooth</gx:flyToMode><Camera><longitude>139.832354</longitude><latitude>38.765688</latitude><altitude>300</altitude><heading>356.8</heading><tilt>60</tilt><altitudeMode>relativeToGround</altitudeMode></Camera></gx:FlyTo><gx:FlyTo><gx:duration>5.64</gx:duration><gx:flyToMode>smooth</gx:flyToMode><Camera><longitude>139.831452</longitude><latitude>38.778348</latitude><altitude>300</altitude><heading>15.6</heading><tilt>60</tilt><altitudeMode>relativeToGround</altitudeMode></Camera></gx:FlyTo><gx:FlyTo><gx:duration>5.64</gx:duration><gx:flyToMode>smooth</gx:flyToMode><Camera><longitude>139.834714</longitude><latitude>38.787446</latitude><altitude>300</altitude><heading>357.2</heading><tilt>60</tilt><altitudeMode>relativeToGround</altitudeMode></Camera></gx:FlyTo><gx:FlyTo><gx:duration>5.64</gx:duration><gx:flyToMode>smooth</gx:flyToMode><Camera><longitude>139.833040</longitude><latitude>38.814311</latitude><altitude>300</altitude><heading>13.3</heading><tilt>60</tilt><altitudeMode>relativeToGround</altitudeMode></Camera></gx:FlyTo><gx:FlyTo><gx:duration>5.64</gx:duration><gx:flyToMode>smooth</gx:flyToMode><Camera><longitude>139.835830</longitude><latitude>38.823495</latitude><altitude>300</altitude><heading>52.9</heading><tilt>60</tilt><altitudeMode>relativeToGround</altitudeMode></Camera></gx:FlyTo><gx:FlyTo><gx:duration>5.64</gx:duration><gx:flyToMode>smooth</gx:flyToMode><Camera><longitude>139.845228</longitude><latitude>38.829031</latitude><altitude>300</altitude><heading>15.7</heading><tilt>60</tilt><altitudeMode>relativeToGround</altitudeMode></Camera></gx:FlyTo><gx:FlyTo><gx:duration>5.64</gx:duration><gx:flyToMode>smooth</gx:flyToMode><Camera><longitude>139.848533</longitude><latitude>38.838215</latitude><altitude>300</altitude><heading>0.8</heading><tilt>60</tilt><altitudeMode>relativeToGround</altitudeMode></Camera></gx:FlyTo><gx:FlyTo><gx:duration>5.64</gx:duration><gx:flyToMode>smooth</gx:flyToMode><Camera><longitude>139.848704</longitude><latitude>38.847442</latitude><altitude>300</altitude><heading>347.2</heading><tilt>60</tilt><altitudeMode>relativeToGround</altitudeMode></Camera></gx:FlyTo><gx:FlyTo><gx:duration>5.64</gx:duration><gx:flyToMode>smooth</gx:flyToMode><Camera><longitude>139.845915</longitude><latitude>38.857012</latitude><altitude>300</altitude><heading>345.7</heading><tilt>60</tilt><altitudeMode>relativeToGround</altitudeMode></Camera></gx:FlyTo><gx:FlyTo><gx:duration>5.64</gx:duration><gx:flyToMode>smooth</gx:flyToMode><Camera><longitude>139.842997</longitude><latitude>38.865938</latitude><altitude>300</altitude><heading>346.0</heading><tilt>60</tilt><altitudeMode>relativeToGround</altitudeMode></Camera></gx:FlyTo><gx:FlyTo><gx:duration>5.64</gx:duration><gx:flyToMode>smooth</gx:flyToMode><Camera><longitude>139.840078</longitude><latitude>38.875079</latitude><altitude>300</altitude><heading>353.6</heading><tilt>60</tilt><altitudeMode>relativeToGround</altitudeMode></Camera></gx:FlyTo><gx:FlyTo><gx:duration>5.64</gx:duration><gx:flyToMode>smooth</gx:flyToMode><Camera><longitude>139.838791</longitude><latitude>38.884006</latitude><altitude>300</altitude><heading>49.2</heading><tilt>60</tilt><altitudeMode>relativeToGround</altitudeMode></Camera></gx:FlyTo><gx:FlyTo><gx:duration>5.64</gx:duration><gx:flyToMode>smooth</gx:flyToMode><Camera><longitude>139.847546</longitude><latitude>38.889885</latitude><altitude>300</altitude><heading>39.2</heading><tilt>60</tilt><altitudeMode>relativeToGround</altitudeMode></Camera></gx:FlyTo><gx:FlyTo><gx:duration>5.64</gx:duration><gx:flyToMode>smooth</gx:flyToMode><Camera><longitude>139.855313</longitude><latitude>38.897309</latitude><altitude>300</altitude><heading>8.0</heading><tilt>60</tilt><altitudeMode>relativeToGround</altitudeMode></Camera></gx:FlyTo><gx:FlyTo><gx:duration>5.64</gx:duration><gx:flyToMode>smooth</gx:flyToMode><Camera><longitude>139.857244</longitude><latitude>38.907952</latitude><altitude>300</altitude><heading>4.6</heading><tilt>60</tilt><altitudeMode>relativeToGround</altitudeMode></Camera></gx:FlyTo><gx:FlyTo><gx:duration>5.64</gx:duration><gx:flyToMode>smooth</gx:flyToMode><Camera><longitude>139.858403</longitude><latitude>38.919282</latitude><altitude>300</altitude><heading>2.8</heading><tilt>60</tilt><altitudeMode>relativeToGround</altitudeMode></Camera></gx:FlyTo><gx:FlyTo><gx:duration>5.64</gx:duration><gx:flyToMode>smooth</gx:flyToMode><Camera><longitude>139.859004</longitude><latitude>38.928680</latitude><altitude>300</altitude><heading>350.7</heading><tilt>60</tilt><altitudeMode>relativeToGround</altitudeMode></Camera></gx:FlyTo><gx:FlyTo><gx:duration>5.64</gx:duration><gx:flyToMode>smooth</gx:flyToMode><Camera><longitude>139.857116</longitude><latitude>38.937650</latitude><altitude>300</altitude><heading>305.4</heading><tilt>60</tilt><altitudeMode>relativeToGround</altitudeMode></Camera></gx:FlyTo><gx:FlyTo><gx:duration>5.64</gx:duration><gx:flyToMode>smooth</gx:flyToMode><Camera><longitude>139.845228</longitude><latitude>38.944216</latitude><altitude>300</altitude><heading>318.1</heading><tilt>60</tilt><altitudeMode>relativeToGround</altitudeMode></Camera></gx:FlyTo><gx:FlyTo><gx:duration>5.64</gx:duration><gx:flyToMode>smooth</gx:flyToMode><Camera><longitude>139.837546</longitude><latitude>38.950868</latitude><altitude>300</altitude><heading>9.5</heading><tilt>60</tilt><altitudeMode>relativeToGround</altitudeMode></Camera></gx:FlyTo><gx:FlyTo><gx:duration>5.64</gx:duration><gx:flyToMode>smooth</gx:flyToMode><Camera><longitude>139.839435</longitude><latitude>38.959665</latitude><altitude>300</altitude><heading>16.5</heading><tilt>60</tilt><altitudeMode>relativeToGround</altitudeMode></Camera></gx:FlyTo><gx:FlyTo><gx:duration>5.64</gx:duration><gx:flyToMode>smooth</gx:flyToMode><Camera><longitude>139.843125</longitude><latitude>38.969364</latitude><altitude>300</altitude><heading>18.1</heading><tilt>60</tilt><altitudeMode>relativeToGround</altitudeMode></Camera></gx:FlyTo><gx:FlyTo><gx:duration>5.64</gx:duration><gx:flyToMode>smooth</gx:flyToMode><Camera><longitude>139.847031</longitude><latitude>38.978677</latitude><altitude>300</altitude><heading>18.0</heading><tilt>60</tilt><altitudeMode>relativeToGround</altitudeMode></Camera></gx:FlyTo><gx:FlyTo><gx:duration>5.64</gx:duration><gx:flyToMode>smooth</gx:flyToMode><Camera><longitude>139.851151</longitude><latitude>38.988504</latitude><altitude>300</altitude><heading>9.5</heading><tilt>60</tilt><altitudeMode>relativeToGround</altitudeMode></Camera></gx:FlyTo><gx:FlyTo><gx:duration>5.64</gx:duration><gx:flyToMode>smooth</gx:flyToMode><Camera><longitude>139.853039</longitude><latitude>38.997302</latitude><altitude>300</altitude><heading>20.7</heading><tilt>60</tilt><altitudeMode>relativeToGround</altitudeMode></Camera></gx:FlyTo><gx:FlyTo><gx:duration>5.64</gx:duration><gx:flyToMode>smooth</gx:flyToMode><Camera><longitude>139.857802</longitude><latitude>39.007087</latitude><altitude>300</altitude><heading>15.5</heading><tilt>60</tilt><altitudeMode>relativeToGround</altitudeMode></Camera></gx:FlyTo><gx:FlyTo><gx:duration>5.64</gx:duration><gx:flyToMode>smooth</gx:flyToMode><Camera><longitude>139.861107</longitude><latitude>39.016356</latitude><altitude>300</altitude><heading>10.3</heading><tilt>60</tilt><altitudeMode>relativeToGround</altitudeMode></Camera></gx:FlyTo><gx:FlyTo><gx:duration>5.64</gx:duration><gx:flyToMode>smooth</gx:flyToMode><Camera><longitude>139.863510</longitude><latitude>39.026613</latitude><altitude>300</altitude><heading>20.5</heading><tilt>60</tilt><altitudeMode>relativeToGround</altitudeMode></Camera></gx:FlyTo><gx:FlyTo><gx:duration>5.64</gx:duration><gx:flyToMode>smooth</gx:flyToMode><Camera><longitude>139.867544</longitude><latitude>39.034982</latitude><altitude>300</altitude><heading>12.1</heading><tilt>60</tilt><altitudeMode>relativeToGround</altitudeMode></Camera></gx:FlyTo><gx:FlyTo><gx:duration>5.64</gx:duration><gx:flyToMode>smooth</gx:flyToMode><Camera><longitude>139.869990</longitude><latitude>39.043822</latitude><altitude>300</altitude><heading>13.0</heading><tilt>60</tilt><altitudeMode>relativeToGround</altitudeMode></Camera></gx:FlyTo><gx:FlyTo><gx:duration>5.64</gx:duration><gx:flyToMode>smooth</gx:flyToMode><Camera><longitude>139.872608</longitude><latitude>39.052663</latitude><altitude>300</altitude><heading>12.3</heading><tilt>60</tilt><altitudeMode>relativeToGround</altitudeMode></Camera></gx:FlyTo><gx:FlyTo><gx:duration>5.64</gx:duration><gx:flyToMode>smooth</gx:flyToMode><Camera><longitude>139.875183</longitude><latitude>39.061847</latitude><altitude>300</altitude><heading>44.8</heading><tilt>60</tilt><altitudeMode>relativeToGround</altitudeMode></Camera></gx:FlyTo><gx:FlyTo><gx:duration>5.64</gx:duration><gx:flyToMode>smooth</gx:flyToMode><Camera><longitude>139.883595</longitude><latitude>39.068413</latitude><altitude>300</altitude><heading>1.5</heading><tilt>60</tilt><altitudeMode>relativeToGround</altitudeMode></Camera></gx:FlyTo><gx:FlyTo><gx:duration>5.64</gx:duration><gx:flyToMode>smooth</gx:flyToMode><Camera><longitude>139.883852</longitude><latitude>39.075923</latitude><altitude>300</altitude><heading>321.8</heading><tilt>60</tilt><altitudeMode>relativeToGround</altitudeMode></Camera></gx:FlyTo><gx:FlyTo><gx:duration>5.64</gx:duration><gx:flyToMode>smooth</gx:flyToMode><Camera><longitude>139.880247</longitude><latitude>39.079485</latitude><altitude>300</altitude><heading>77.2</heading><tilt>60</tilt><altitudeMode>relativeToGround</altitudeMode></Camera></gx:FlyTo><gx:FlyTo><gx:duration>5.64</gx:duration><gx:flyToMode>smooth</gx:flyToMode><Camera><longitude>139.890718</longitude><latitude>39.081330</latitude><altitude>300</altitude><heading>68.5</heading><tilt>60</tilt><altitudeMode>relativeToGround</altitudeMode></Camera></gx:FlyTo><gx:FlyTo><gx:duration>5.64</gx:duration><gx:flyToMode>smooth</gx:flyToMode><Camera><longitude>139.902091</longitude><latitude>39.084806</latitude><altitude>300</altitude><heading>48.0</heading><tilt>60</tilt><altitudeMode>relativeToGround</altitudeMode></Camera></gx:FlyTo><gx:FlyTo><gx:duration>5.64</gx:duration><gx:flyToMode>smooth</gx:flyToMode><Camera><longitude>139.907928</longitude><latitude>39.088883</latitude><altitude>300</altitude><heading>38.7</heading><tilt>60</tilt><altitudeMode>relativeToGround</altitudeMode></Camera></gx:FlyTo><gx:FlyTo><gx:duration>5.64</gx:duration><gx:flyToMode>smooth</gx:flyToMode><Camera><longitude>139.912176</longitude><latitude>39.093003</latitude><altitude>300</altitude><heading>79.0</heading><tilt>60</tilt><altitudeMode>relativeToGround</altitudeMode></Camera></gx:FlyTo><gx:FlyTo><gx:duration>5.64</gx:duration><gx:flyToMode>smooth</gx:flyToMode><Camera><longitude>139.923806</longitude><latitude>39.094763</latitude><altitude>300</altitude><heading>46.8</heading><tilt>60</tilt><altitudeMode>relativeToGround</altitudeMode></Camera></gx:FlyTo><gx:FlyTo><gx:duration>5.64</gx:duration><gx:flyToMode>smooth</gx:flyToMode><Camera><longitude>139.931059</longitude><latitude>39.100041</latitude><altitude>300</altitude><heading>128.3</heading><tilt>60</tilt><altitudeMode>relativeToGround</altitudeMode></Camera></gx:FlyTo><gx:FlyTo><gx:duration>5.64</gx:duration><gx:flyToMode>smooth</gx:flyToMode><Camera><longitude>139.935265</longitude><latitude>39.097466</latitude><altitude>300</altitude><heading>62.2</heading><tilt>60</tilt><altitudeMode>relativeToGround</altitudeMode></Camera></gx:FlyTo><gx:FlyTo><gx:duration>5.64</gx:duration><gx:flyToMode>smooth</gx:flyToMode><Camera><longitude>139.944706</longitude><latitude>39.101329</latitude><altitude>300</altitude><heading>86.7</heading><tilt>60</tilt><altitudeMode>relativeToGround</altitudeMode></Camera></gx:FlyTo><gx:FlyTo><gx:duration>5.64</gx:duration><gx:flyToMode>smooth</gx:flyToMode><Camera><longitude>139.954448</longitude><latitude>39.101758</latitude><altitude>300</altitude><heading>42.3</heading><tilt>60</tilt><altitudeMode>relativeToGround</altitudeMode></Camera></gx:FlyTo><gx:FlyTo><gx:duration>5.64</gx:duration><gx:flyToMode>smooth</gx:flyToMode><Camera><longitude>139.962301</longitude><latitude>39.108453</latitude><altitude>300</altitude><heading>78.3</heading><tilt>60</tilt><altitudeMode>relativeToGround</altitudeMode></Camera></gx:FlyTo><gx:FlyTo><gx:duration>5.64</gx:duration><gx:flyToMode>smooth</gx:flyToMode><Camera><longitude>139.966850</longitude><latitude>39.109182</latitude><altitude>300</altitude><heading>122.5</heading><tilt>60</tilt><altitudeMode>relativeToGround</altitudeMode></Camera></gx:FlyTo><gx:FlyTo><gx:duration>5.64</gx:duration><gx:flyToMode>smooth</gx:flyToMode><Camera><longitude>139.970584</longitude><latitude>39.107337</latitude><altitude>300</altitude><heading>76.8</heading><tilt>60</tilt><altitudeMode>relativeToGround</altitudeMode></Camera></gx:FlyTo><gx:FlyTo><gx:duration>5.64</gx:duration><gx:flyToMode>smooth</gx:flyToMode><Camera><longitude>139.972944</longitude><latitude>39.107766</latitude><altitude>300</altitude><heading>59.4</heading><tilt>60</tilt><altitudeMode>relativeToGround</altitudeMode></Camera></gx:FlyTo><gx:FlyTo><gx:duration>5.64</gx:duration><gx:flyToMode>smooth</gx:flyToMode><Camera><longitude>139.976120</longitude><latitude>39.109225</latitude><altitude>300</altitude><heading>122.3</heading><tilt>60</tilt><altitudeMode>relativeToGround</altitudeMode></Camera></gx:FlyTo><gx:FlyTo><gx:duration>5.64</gx:duration><gx:flyToMode>smooth</gx:flyToMode><Camera><longitude>139.980412</longitude><latitude>39.107122</latitude><altitude>300</altitude><heading>67.5</heading><tilt>60</tilt><altitudeMode>relativeToGround</altitudeMode></Camera></gx:FlyTo><gx:FlyTo><gx:duration>5.64</gx:duration><gx:flyToMode>smooth</gx:flyToMode><Camera><longitude>139.982686</longitude><latitude>39.107852</latitude><altitude>300</altitude><heading>23.6</heading><tilt>60</tilt><altitudeMode>relativeToGround</altitudeMode></Camera></gx:FlyTo><gx:FlyTo><gx:duration>5.64</gx:duration><gx:flyToMode>smooth</gx:flyToMode><Camera><longitude>139.986677</longitude><latitude>39.114933</latitude><altitude>300</altitude><heading>27.5</heading><tilt>60</tilt><altitudeMode>relativeToGround</altitudeMode></Camera></gx:FlyTo><gx:FlyTo><gx:duration>5.64</gx:duration><gx:flyToMode>smooth</gx:flyToMode><Camera><longitude>139.991484</longitude><latitude>39.122100</latitude><altitude>300</altitude><heading>269.2</heading><tilt>60</tilt><altitudeMode>relativeToGround</altitudeMode></Camera></gx:FlyTo><gx:FlyTo><gx:duration>5.64</gx:duration><gx:flyToMode>smooth</gx:flyToMode><Camera><longitude>139.987364</longitude><latitude>39.122057</latitude><altitude>300</altitude><heading>349.7</heading><tilt>60</tilt><altitudeMode>relativeToGround</altitudeMode></Camera></gx:FlyTo><gx:FlyTo><gx:duration>5.64</gx:duration><gx:flyToMode>smooth</gx:flyToMode><Camera><longitude>139.986420</longitude><latitude>39.126091</latitude><altitude>300</altitude><heading>319.1</heading><tilt>60</tilt><altitudeMode>relativeToGround</altitudeMode></Camera></gx:FlyTo><gx:FlyTo><gx:duration>5.64</gx:duration><gx:flyToMode>smooth</gx:flyToMode><Camera><longitude>139.982686</longitude><latitude>39.129438</latitude><altitude>300</altitude><heading>290.3</heading><tilt>60</tilt><altitudeMode>relativeToGround</altitudeMode></Camera></gx:FlyTo><gx:FlyTo><gx:duration>5.64</gx:duration><gx:flyToMode>smooth</gx:flyToMode><Camera><longitude>139.979253</longitude><latitude>39.130425</latitude><altitude>300</altitude><heading>315.9</heading><tilt>60</tilt><altitudeMode>relativeToGround</altitudeMode></Camera></gx:FlyTo><gx:FlyTo><gx:duration>5.64</gx:duration><gx:flyToMode>smooth</gx:flyToMode><Camera><longitude>139.975390</longitude><latitude>39.133515</latitude><altitude>300</altitude><heading>314.4</heading><tilt>60</tilt><altitudeMode>relativeToGround</altitudeMode></Camera></gx:FlyTo><gx:FlyTo><gx:duration>5.64</gx:duration><gx:flyToMode>smooth</gx:flyToMode><Camera><longitude>139.973416</longitude><latitude>39.135017</latitude><altitude>300</altitude><heading>4.5</heading><tilt>60</tilt><altitudeMode>relativeToGround</altitudeMode></Camera></gx:FlyTo><gx:FlyTo><gx:duration>5.64</gx:duration><gx:flyToMode>smooth</gx:flyToMode><Camera><longitude>139.973931</longitude><latitude>39.140038</latitude><altitude>300</altitude><heading>325.9</heading><tilt>60</tilt><altitudeMode>relativeToGround</altitudeMode></Camera></gx:FlyTo><gx:FlyTo><gx:duration>5.64</gx:duration><gx:flyToMode>smooth</gx:flyToMode><Camera><longitude>139.970970</longitude><latitude>39.143429</latitude><altitude>300</altitude><heading>322.7</heading><tilt>60</tilt><altitudeMode>relativeToGround</altitudeMode></Camera></gx:FlyTo><gx:FlyTo><gx:duration>5.64</gx:duration><gx:flyToMode>smooth</gx:flyToMode><Camera><longitude>139.966550</longitude><latitude>39.147935</latitude><altitude>300</altitude><heading>309.8</heading><tilt>60</tilt><altitudeMode>relativeToGround</altitudeMode></Camera></gx:FlyTo><gx:FlyTo><gx:duration>5.64</gx:duration><gx:flyToMode>smooth</gx:flyToMode><Camera><longitude>139.963889</longitude><latitude>39.149652</latitude><altitude>300</altitude><heading>347.3</heading><tilt>60</tilt><altitudeMode>relativeToGround</altitudeMode></Camera></gx:FlyTo><gx:FlyTo><gx:duration>5.64</gx:duration><gx:flyToMode>smooth</gx:flyToMode><Camera><longitude>139.961658</longitude><latitude>39.157333</latitude><altitude>300</altitude><heading>325.2</heading><tilt>60</tilt><altitudeMode>relativeToGround</altitudeMode></Camera></gx:FlyTo><gx:FlyTo><gx:duration>5.64</gx:duration><gx:flyToMode>smooth</gx:flyToMode><Camera><longitude>139.955306</longitude><latitude>39.164414</latitude><altitude>300</altitude><heading>324.6</heading><tilt>60</tilt><altitudeMode>relativeToGround</altitudeMode></Camera></gx:FlyTo><gx:FlyTo><gx:duration>5.64</gx:duration><gx:flyToMode>smooth</gx:flyToMode><Camera><longitude>139.950628</longitude><latitude>39.169521</latitude><altitude>300</altitude><heading>345.1</heading><tilt>60</tilt><altitudeMode>relativeToGround</altitudeMode></Camera></gx:FlyTo><gx:FlyTo><gx:duration>5.64</gx:duration><gx:flyToMode>smooth</gx:flyToMode><Camera><longitude>139.947538</longitude><latitude>39.178534</latitude><altitude>300</altitude><heading>352.8</heading><tilt>60</tilt><altitudeMode>relativeToGround</altitudeMode></Camera></gx:FlyTo><gx:FlyTo><gx:duration>5.64</gx:duration><gx:flyToMode>smooth</gx:flyToMode><Camera><longitude>139.945993</longitude><latitude>39.188061</latitude><altitude>300</altitude><heading>292.5</heading><tilt>60</tilt><altitudeMode>relativeToGround</altitudeMode></Camera></gx:FlyTo><gx:FlyTo><gx:duration>5.64</gx:duration><gx:flyToMode>smooth</gx:flyToMode><Camera><longitude>139.936380</longitude><latitude>39.191151</latitude><altitude>300</altitude><heading>283.4</heading><tilt>60</tilt><altitudeMode>relativeToGround</altitudeMode></Camera></gx:FlyTo><gx:FlyTo><gx:duration>5.64</gx:duration><gx:flyToMode>smooth</gx:flyToMode><Camera><longitude>139.928269</longitude><latitude>39.192653</latitude><altitude>300</altitude><heading>324.5</heading><tilt>60</tilt><altitudeMode>relativeToGround</altitudeMode></Camera></gx:FlyTo><gx:FlyTo><gx:duration>5.64</gx:duration><gx:flyToMode>smooth</gx:flyToMode><Camera><longitude>139.922862</longitude><latitude>39.198532</latitude><altitude>300</altitude><heading>59.2</heading><tilt>60</tilt><altitudeMode>relativeToGround</altitudeMode></Camera></gx:FlyTo><gx:FlyTo><gx:duration>5.64</gx:duration><gx:flyToMode>smooth</gx:flyToMode><Camera><longitude>139.926209</longitude><latitude>39.200077</latitude><altitude>300</altitude><heading>11.7</heading><tilt>60</tilt><altitudeMode>relativeToGround</altitudeMode></Camera></gx:FlyTo><gx:FlyTo><gx:duration>5.64</gx:duration><gx:flyToMode>smooth</gx:flyToMode><Camera><longitude>139.928699</longitude><latitude>39.209390</latitude><altitude>300</altitude><heading>22.8</heading><tilt>60</tilt><altitudeMode>relativeToGround</altitudeMode></Camera></gx:FlyTo><gx:FlyTo><gx:duration>5.64</gx:duration><gx:flyToMode>smooth</gx:flyToMode><Camera><longitude>139.934492</longitude><latitude>39.220076</latitude><altitude>300</altitude><heading>22.8</heading><tilt>60</tilt><altitudeMode>relativeToGround</altitudeMode></Camera></gx:FlyTo><gx:FlyTo><gx:duration>5.64</gx:duration><gx:flyToMode>smooth</gx:flyToMode><Camera><longitude>139.939256</longitude><latitude>39.228873</latitude><altitude>300</altitude><heading>348.4</heading><tilt>60</tilt><altitudeMode>relativeToGround</altitudeMode></Camera></gx:FlyTo><gx:FlyTo><gx:duration>5.64</gx:duration><gx:flyToMode>smooth</gx:flyToMode><Camera><longitude>139.936037</longitude><latitude>39.241061</latitude><altitude>300</altitude><heading>340.2</heading><tilt>60</tilt><altitudeMode>relativeToGround</altitudeMode></Camera></gx:FlyTo><gx:FlyTo><gx:duration>5.64</gx:duration><gx:flyToMode>smooth</gx:flyToMode><Camera><longitude>139.931917</longitude><latitude>39.249902</latitude><altitude>300</altitude><heading>330.8</heading><tilt>60</tilt><altitudeMode>relativeToGround</altitudeMode></Camera></gx:FlyTo><gx:FlyTo><gx:duration>5.64</gx:duration><gx:flyToMode>smooth</gx:flyToMode><Camera><longitude>139.926682</longitude><latitude>39.257154</latitude><altitude>300</altitude><heading>341.3</heading><tilt>60</tilt><altitudeMode>relativeToGround</altitudeMode></Camera></gx:FlyTo><gx:FlyTo><gx:duration>5.64</gx:duration><gx:flyToMode>smooth</gx:flyToMode><Camera><longitude>139.922948</longitude><latitude>39.265695</latitude><altitude>300</altitude><heading>9.4</heading><tilt>60</tilt><altitudeMode>relativeToGround</altitudeMode></Camera></gx:FlyTo><gx:FlyTo><gx:duration>5.64</gx:duration><gx:flyToMode>smooth</gx:flyToMode><Camera><longitude>139.924879</longitude><latitude>39.274750</latitude><altitude>300</altitude><heading>55.6</heading><tilt>60</tilt><altitudeMode>relativeToGround</altitudeMode></Camera></gx:FlyTo><gx:FlyTo><gx:duration>5.64</gx:duration><gx:flyToMode>smooth</gx:flyToMode><Camera><longitude>139.935007</longitude><latitude>39.280114</latitude><altitude>300</altitude><heading>66.1</heading><tilt>60</tilt><altitudeMode>relativeToGround</altitudeMode></Camera></gx:FlyTo><gx:FlyTo><gx:duration>5.64</gx:duration><gx:flyToMode>smooth</gx:flyToMode><Camera><longitude>139.943107</longitude><latitude>39.282888</latitude><altitude>300</altitude><heading>66.1</heading><tilt>60</tilt><altitudeMode>relativeToGround</altitudeMode></Camera></gx:FlyTo></gx:Playlist></gx:Tour>
<Placemark><name>Route line — 10/8 Thu</name><visibility>0</visibility><styleUrl>#rt</styleUrl><LineString><altitudeMode>relativeToGround</altitudeMode><coordinates>140.261017,38.147874,120 140.260949,38.147874,120 140.260949,38.147321,120 140.261292,38.147321,120 140.261765,38.147793,120 140.262151,38.147793,120 140.262494,38.148136,120 140.262494,38.148394,120 140.262880,38.148522,120 140.263224,38.148479,120 140.264425,38.148308,120 140.264597,38.148694,120 140.264726,38.148994,120 140.264769,38.149166,120 140.265455,38.150840,120 140.265841,38.151827,120 140.266056,38.152342,120 140.266571,38.153715,120 140.266614,38.153758,120 140.267086,38.154960,120 140.267344,38.155603,120 140.267386,38.155689,120 140.267386,38.155732,120 140.267601,38.156247,120 140.267687,38.156462,120 140.267816,38.156719,120 140.267859,38.156805,120 140.268030,38.157105,120 140.268288,38.157449,120 140.269017,38.158050,120 140.269618,38.158436,120 140.269833,38.158565,120 140.270519,38.158951,120 140.270648,38.158994,120 140.271249,38.159294,120 140.271850,38.159637,120 140.273566,38.160539,120 140.273738,38.160625,120 140.274210,38.160882,120 140.274553,38.161054,120 140.275626,38.161612,120 140.276012,38.161826,120 140.276184,38.161912,120 140.277343,38.162513,120 140.278888,38.163285,120 140.279016,38.163414,120 140.279231,38.163500,120 140.280261,38.164058,120 140.280604,38.164186,120 140.281634,38.164701,120 140.282149,38.164959,120 140.282621,38.165088,120 140.283136,38.165302,120 140.284810,38.165903,120 140.285153,38.166032,120 140.287127,38.166718,120 140.287771,38.166976,120 140.287857,38.166976,120 140.287943,38.167019,120 140.290217,38.167834,120 140.290775,38.168006,120 140.291677,38.168349,120 140.291891,38.168435,120 140.292449,38.168693,120 140.293736,38.169637,120 140.294037,38.169894,120 140.294509,38.170323,120 140.294852,38.170667,120 140.294981,38.170795,120 140.295110,38.170924,120 140.295539,38.171353,120 140.295882,38.171697,120 140.296397,38.172383,120 140.296912,38.173242,120 140.297213,38.173928,120 140.297856,38.173842,120 140.298114,38.173928,120 140.298328,38.174014,120 140.298800,38.174314,120 140.299530,38.174829,120 140.299616,38.174915,120 140.300260,38.175302,120 140.300603,38.175430,120 140.301719,38.175430,120 140.302491,38.175387,120 140.303993,38.175387,120 140.304937,38.175473,120 140.305238,38.175430,120 140.305452,38.175344,120 140.305882,38.175774,120 140.308242,38.177876,120 140.309186,38.178949,120 140.309486,38.179464,120 140.309830,38.180366,120 140.310001,38.181438,120 140.310001,38.181610,120 140.310001,38.181911,120 140.309916,38.182898,120 140.309658,38.184915,120 140.309658,38.185430,120 140.309658,38.185816,120 140.309615,38.186975,120 140.309486,38.187318,120 140.309229,38.187490,120 140.308971,38.187575,120 140.308070,38.187618,120 140.306911,38.187361,120 140.306268,38.187189,120 140.305967,38.187103,120 140.305924,38.187103,120 140.305839,38.187103,120 140.305066,38.186932,120 140.304422,38.186717,120 140.303435,38.186202,120 140.303006,38.185902,120 140.302877,38.185515,120 140.303049,38.185215,120 140.303307,38.185086,120 140.303564,38.185129,120 140.303822,38.185215,120 140.303950,38.185387,120 140.303993,38.185773,120 140.302963,38.187232,120 140.302835,38.187404,120 140.302577,38.187704,120 140.301847,38.188734,120 140.300560,38.190751,120 140.299187,38.193369,120 140.298328,38.195472,120 140.297899,38.196845,120 140.297213,38.199377,120 140.296268,38.202167,120 140.296011,38.202767,120 140.295582,38.203797,120 140.294681,38.205600,120 140.293221,38.208132,120 140.293093,38.208346,120 140.291119,38.211222,120 140.289230,38.213582,120 140.288286,38.214612,120 140.286527,38.216457,120 140.285797,38.217144,120 140.282879,38.220105,120 140.282578,38.220448,120 140.280776,38.222551,120 140.279360,38.224440,120 140.277600,38.227143,120 140.276613,38.228860,120 140.276399,38.229332,120 140.275626,38.231220,120 140.275111,38.233109,120 140.275068,38.233366,120 140.274897,38.234696,120 140.274854,38.236670,120 140.274982,38.237958,120 140.275240,38.239202,120 140.275369,38.239717,120 140.275669,38.240662,120 140.275841,38.241134,120 140.276570,38.242764,120 140.277557,38.244395,120 140.277729,38.244653,120 140.278931,38.246198,120 140.280690,38.247957,120 140.280991,38.248215,120 140.282021,38.249202,120 140.283351,38.250403,120 140.284252,38.251219,120 140.284595,38.251519,120 140.286012,38.252935,120 140.286784,38.253880,120 140.287514,38.254910,120 140.287642,38.255167,120 140.288587,38.256798,120 140.288758,38.257270,120 140.289059,38.257999,120 140.289359,38.258686,120 140.289745,38.259974,120 140.290046,38.261476,120 140.290132,38.261776,120 140.290260,38.262463,120 140.290303,38.262677,120 140.290561,38.264136,120 140.290990,38.265681,120 140.291719,38.267827,120 140.292192,38.268814,120 140.292363,38.269243,120 140.292406,38.269329,120 140.292749,38.270059,120 140.293007,38.270574,120 140.294423,38.273706,120 140.294681,38.274350,120 140.294766,38.274565,120 140.296268,38.277698,120 140.296655,38.278556,120 140.296783,38.278813,120 140.296955,38.279328,120 140.297084,38.279757,120 140.297899,38.282590,120 140.298243,38.284221,120 140.298843,38.289027,120 140.299401,38.291388,120 140.300345,38.293705,120 140.301719,38.295937,120 140.303135,38.297610,120 140.303521,38.298039,120 140.304508,38.299069,120 140.306525,38.300743,120 140.307684,38.301516,120 140.310774,38.303533,120 140.311847,38.304477,120 140.312104,38.305078,120 140.312147,38.305335,120 140.312018,38.305764,120 140.311160,38.307137,120 140.311117,38.307395,120 140.311160,38.307867,120 140.311460,38.308425,120 140.311632,38.308640,120 140.312533,38.309927,120 140.313392,38.311257,120 140.313478,38.311729,120 140.313349,38.312201,120 140.313177,38.312459,120 140.312877,38.312716,120 140.310860,38.313746,120 140.309186,38.314605,120 140.306997,38.315978,120 140.305710,38.316879,120 140.304637,38.317738,120 140.302320,38.319798,120 140.300989,38.321171,120 140.299873,38.322587,120 140.298715,38.324261,120 140.298028,38.325849,120 140.297599,38.327351,120 140.297384,38.328938,120 140.297213,38.334560,120 140.297213,38.334904,120 140.297170,38.336277,120 140.297127,38.339152,120 140.297170,38.339667,120 140.297084,38.343444,120 140.296998,38.347220,120 140.296783,38.350224,120 140.296268,38.352542,120 140.295367,38.354473,120 140.294380,38.355975,120 140.293179,38.357091,120 140.292792,38.357263,120 140.292020,38.357348,120 140.291805,38.357434,120 140.291677,38.357563,120 140.291634,38.357821,120 140.291762,38.358121,120 140.292664,38.358893,120 140.292664,38.359108,120 140.292578,38.359323,120 140.292106,38.359709,120 140.291591,38.360095,120 140.291333,38.360138,120 140.290732,38.360095,120 140.290604,38.360524,120 140.290432,38.361554,120 140.290260,38.362412,120 140.290089,38.363271,120 140.289745,38.364987,120 140.289617,38.366532,120 140.289617,38.366961,120 140.289831,38.368120,120 140.290046,38.369279,120 140.290260,38.370137,120 140.290303,38.370395,120 140.290604,38.371682,120 140.290990,38.373270,120 140.291204,38.374386,120 140.291462,38.375416,120 140.291805,38.376789,120 140.292106,38.378162,120 140.292406,38.379536,120 140.292749,38.380952,120 140.292878,38.381681,120 140.293007,38.382196,120 140.293221,38.383098,120 140.293393,38.383784,120 140.293522,38.384643,120 140.293608,38.385458,120 140.293608,38.385544,120 140.293565,38.386230,120 140.293565,38.386273,120 140.293393,38.387260,120 140.293221,38.387775,120 140.293136,38.387990,120 140.292706,38.388848,120 140.292664,38.388891,120 140.292020,38.389750,120 140.291419,38.390350,120 140.290732,38.390908,120 140.289745,38.391552,120 140.289059,38.391895,120 140.287342,38.392582,120 140.283780,38.393955,120 140.283394,38.394127,120 140.282364,38.394513,120 140.281549,38.394856,120 140.278974,38.395886,120 140.275626,38.397174,120 140.274124,38.397775,120 140.272965,38.398075,120 140.271935,38.398247,120 140.270047,38.398376,120 140.267344,38.398333,120 140.267000,38.398290,120 140.266528,38.398290,120 140.265241,38.398290,120 140.265069,38.398290,120 140.264897,38.398290,120 140.261464,38.398290,120 140.259533,38.398333,120 140.258417,38.398376,120 140.257087,38.398504,120 140.255370,38.398719,120 140.255027,38.398762,120 140.254769,38.398805,120 140.254297,38.398848,120 140.253482,38.398976,120 140.253310,38.398976,120 140.252709,38.399062,120 140.251336,38.399277,120 140.251207,38.399277,120 140.250478,38.399363,120 140.249448,38.399534,120 140.248718,38.399792,120 140.248032,38.400049,120 140.246830,38.400736,120 140.246615,38.400865,120 140.246358,38.400993,120 140.245800,38.401337,120 140.244856,38.401937,120 140.243611,38.402452,120 140.243397,38.402538,120 140.242538,38.402753,120 140.242281,38.402796,120 140.242023,38.402839,120 140.241680,38.402882,120 140.240393,38.402925,120 140.238719,38.402753,120 140.238032,38.402710,120 140.237517,38.402753,120 140.236573,38.402839,120 140.235801,38.403010,120 140.234599,38.403397,120 140.233998,38.403654,120 140.233483,38.403997,120 140.232582,38.404684,120 140.231595,38.405371,120 140.230780,38.405843,120 140.229363,38.406315,120 140.228076,38.406529,120 140.223312,38.406916,120 140.221982,38.407087,120 140.220909,38.407345,120 140.220180,38.407602,120 140.219321,38.407989,120 140.218678,38.408375,120 140.217218,38.409362,120 140.216446,38.409877,120 140.215588,38.410349,120 140.214171,38.410864,120 140.212798,38.411121,120 140.211897,38.411207,120 140.209494,38.411293,120 140.209064,38.411336,120 140.209022,38.411336,120 140.208077,38.411379,120 140.207605,38.411379,120 140.204816,38.411508,120 140.204558,38.411508,120 140.203958,38.411551,120 140.203614,38.411593,120 140.203056,38.411679,120 140.202284,38.411894,120 140.199795,38.412709,120 140.199303,38.412815,120 140.199306,38.412825,120 140.199303,38.412815,120 140.197606,38.413181,120 140.197434,38.413224,120 140.196147,38.413525,120 140.195546,38.413653,120 140.194945,38.413782,120 140.194001,38.413997,120 140.193014,38.414254,120 140.191298,38.414683,120 140.190139,38.414984,120 140.189924,38.415070,120 140.189624,38.415112,120 140.189452,38.415155,120 140.189066,38.415241,120 140.188766,38.415327,120 140.186362,38.415971,120 140.183830,38.416572,120 140.183487,38.416700,120 140.182199,38.417087,120 140.181556,38.417344,120 140.179625,38.418117,120 140.178208,38.418589,120 140.176921,38.418846,120 140.173273,38.419447,120 140.172329,38.419619,120 140.171728,38.419747,120 140.169539,38.420091,120 140.169196,38.420134,120 140.167437,38.420434,120 140.165977,38.420691,120 140.165462,38.420949,120 140.165033,38.421206,120 140.164175,38.421764,120 140.163531,38.422022,120 140.161643,38.422494,120 140.160828,38.422709,120 140.160742,38.422751,120 140.160356,38.422837,120 140.158124,38.423481,120 140.155764,38.424125,120 140.154219,38.424683,120 140.153017,38.425155,120 140.152459,38.425412,120 140.151687,38.425713,120 140.151129,38.425927,120 140.150485,38.426185,120 140.150099,38.426313,120 140.149112,38.426657,120 140.147524,38.427215,120 140.146236,38.427644,120 140.145121,38.428073,120 140.144734,38.428202,120 140.142932,38.428845,120 140.142632,38.428931,120 140.141301,38.429403,120 140.140271,38.429790,120 140.139413,38.430133,120 140.138426,38.430476,120 140.135937,38.431420,120 140.135550,38.431549,120 140.135293,38.431635,120 140.135078,38.431721,120 140.134006,38.432107,120 140.133576,38.432236,120 140.132847,38.432493,120 140.130701,38.433352,120 140.129886,38.433652,120 140.129628,38.433738,120 140.129414,38.433824,120 140.129070,38.433952,120 140.128384,38.434210,120 140.126710,38.434811,120 140.126624,38.434854,120 140.122290,38.436313,120 140.121775,38.436484,120 140.121646,38.436527,120 140.118985,38.437428,120 140.117869,38.437514,120 140.116754,38.437343,120 140.114651,38.437042,120 140.114050,38.436956,120 140.113235,38.436828,120 140.112848,38.436785,120 140.111260,38.436570,120 140.108685,38.436613,120 140.106711,38.436656,120 140.105467,38.436484,120 140.105209,38.436441,120 140.104523,38.436227,120 140.103579,38.435969,120 140.103235,38.435884,120 140.102506,38.435669,120 140.101819,38.435497,120 140.101132,38.435454,120 140.100102,38.435454,120 140.097485,38.435669,120 140.096455,38.435755,120 140.095081,38.435884,120 140.093236,38.436012,120 140.092421,38.436098,120 140.092249,38.436098,120 140.092120,38.436098,120 140.091562,38.436098,120 140.091176,38.436012,120 140.090790,38.435755,120 140.090232,38.435111,120 140.089931,38.434896,120 140.089417,38.434682,120 140.088902,38.434639,120 140.088429,38.434768,120 140.087271,38.435283,120 140.086112,38.435626,120 140.081434,38.436184,120 140.080705,38.436399,120 140.079288,38.437171,120 140.078731,38.437471,120 140.078216,38.437686,120 140.076370,38.437986,120 140.074010,38.438373,120 140.073538,38.438501,120 140.072722,38.438931,120 140.072508,38.439102,120 140.071564,38.439746,120 140.071306,38.439960,120 140.069890,38.440990,120 140.069590,38.441291,120 140.069289,38.441763,120 140.069032,38.442836,120 140.068860,38.443222,120 140.068560,38.443565,120 140.068130,38.443866,120 140.067487,38.444123,120 140.066886,38.444252,120 140.066199,38.444467,120 140.065770,38.444724,120 140.065255,38.445196,120 140.064654,38.446012,120 140.063539,38.446741,120 140.063195,38.446956,120 140.062037,38.447342,120 140.061607,38.447685,120 140.061350,38.448071,120 140.061307,38.448329,120 140.061307,38.448629,120 140.061607,38.449574,120 140.061564,38.449745,120 140.061436,38.450003,120 140.060620,38.450818,120 140.060492,38.451118,120 140.060277,38.452063,120 140.059805,38.452663,120 140.059547,38.452921,120 140.059161,38.453050,120 140.058775,38.453050,120 140.058432,38.453007,120 140.057874,38.452749,120 140.057316,38.452749,120 140.056586,38.452921,120 140.054398,38.453093,120 140.054054,38.453007,120 140.053325,38.452749,120 140.052810,38.452621,120 140.052638,38.452663,120 140.052037,38.452964,120 140.051436,38.453565,120 140.051007,38.453693,120 140.049548,38.454037,120 140.048947,38.454123,120 140.047317,38.453951,120 140.046844,38.454123,120 140.046544,38.454337,120 140.046372,38.454552,120 140.046287,38.454809,120 140.046329,38.455067,120 140.046587,38.455625,120 140.046630,38.456097,120 140.046415,38.456612,120 140.046072,38.456998,120 140.045300,38.457642,120 140.044312,38.458285,120 140.043154,38.458800,120 140.042381,38.459015,120 140.041823,38.459058,120 140.040793,38.459101,120 140.040450,38.459144,120 140.038476,38.458972,120 140.036931,38.458672,120 140.034142,38.457556,120 140.031996,38.456569,120 140.031095,38.456311,120 140.030537,38.456268,120 140.029482,38.456296,120 140.029481,38.456267,120 140.029482,38.456296,120 140.025558,38.456397,120 140.019121,38.456569,120 140.018349,38.456740,120 140.017276,38.457084,120 140.016503,38.457513,120 140.016117,38.457770,120 140.014958,38.458886,120 140.014358,38.459101,120 140.013671,38.459187,120 140.013156,38.459144,120 140.012856,38.459144,120 140.010066,38.458672,120 140.009551,38.458543,120 140.009079,38.458371,120 140.008607,38.458028,120 140.008221,38.457556,120 140.007963,38.456483,120 140.007792,38.456054,120 140.007491,38.455582,120 140.006976,38.455110,120 140.005946,38.454509,120 140.004144,38.454037,120 140.002298,38.453822,120 140.001183,38.453350,120 140.000625,38.454208,120 140.000625,38.454423,120 140.000839,38.454552,120 140.001869,38.454766,120 140.001998,38.455024,120 140.001783,38.455582,120 140.001569,38.455710,120 140.000925,38.455753,120 140.000753,38.455839,120 140.000753,38.455968,120 140.000968,38.456097,120 140.001783,38.455839,120 140.001955,38.455839,120 140.002127,38.455968,120 140.002127,38.456054,120 140.001998,38.456182,120 140.001354,38.456354,120 140.001140,38.456354,120 139.999852,38.456182,120 139.999638,38.456097,120 139.999294,38.455882,120 139.999123,38.455667,120 139.999037,38.455453,120 139.999080,38.454981,120 139.999037,38.454895,120 139.998822,38.454809,120 139.998651,38.454895,120 139.998693,38.456182,120 139.998908,38.456783,120 139.998779,38.457255,120 139.998865,38.458028,120 139.998779,38.458200,120 139.998565,38.458543,120 139.998393,38.459444,120 139.998565,38.459787,120 139.999037,38.460302,120 139.999251,38.460646,120 139.999852,38.462019,120 140.000110,38.462663,120 139.999809,38.463478,120 140.001054,38.465924,120 140.001054,38.466740,120 140.002642,38.468456,120 140.002856,38.468885,120 140.003200,38.470430,120 140.003457,38.472490,120 140.004015,38.474894,120 140.004230,38.475537,120 140.004702,38.477039,120 140.004959,38.477597,120 140.005646,38.478284,120 140.005817,38.479314,120 140.005774,38.479743,120 140.005774,38.480387,120 140.005174,38.481374,120 140.004830,38.482962,120 140.004573,38.483605,120 140.004444,38.484635,120 140.004230,38.484979,120 140.003757,38.485408,120 140.003414,38.486094,120 140.002255,38.486695,120 140.001526,38.487468,120 140.000710,38.487768,120 140.000238,38.488197,120 140.000067,38.489013,120 139.999766,38.489571,120 139.999895,38.491158,120 139.999679,38.492219,120 139.999698,38.492221,120 139.999679,38.492219,120 139.999423,38.493476,120 139.999380,38.494034,120 139.999466,38.494506,120 139.999294,38.495021,120 139.999251,38.496180,120 139.999080,38.497167,120 139.999294,38.498068,120 139.999251,38.498368,120 139.999080,38.498669,120 139.998522,38.498969,120 139.998050,38.499227,120 139.997706,38.499827,120 139.997320,38.500214,120 139.996634,38.500342,120 139.996161,38.500428,120 139.995089,38.500257,120 139.994187,38.499656,120 139.993801,38.499527,120 139.992642,38.499613,120 139.991870,38.499527,120 139.991226,38.498883,120 139.991312,38.498540,120 139.991269,38.497896,120 139.991055,38.497510,120 139.991012,38.497167,120 139.990754,38.497038,120 139.990540,38.497081,120 139.990368,38.497295,120 139.990153,38.497896,120 139.989552,38.498325,120 139.989252,38.499098,120 139.988995,38.499312,120 139.988222,38.499570,120 139.987664,38.499398,120 139.987106,38.499913,120 139.986892,38.499784,120 139.986806,38.499570,120 139.986677,38.499484,120 139.985991,38.499656,120 139.985089,38.499613,120 139.984274,38.499956,120 139.984231,38.500471,120 139.984016,38.500729,120 139.983759,38.500900,120 139.983673,38.501244,120 139.983459,38.501415,120 139.983115,38.501458,120 139.982815,38.501115,120 139.982300,38.500772,120 139.982171,38.500729,120 139.981914,38.500729,120 139.981227,38.500900,120 139.980626,38.501201,120 139.979982,38.501372,120 139.979939,38.501501,120 139.980154,38.501716,120 139.980154,38.501844,120 139.980068,38.501887,120 139.979811,38.501973,120 139.979596,38.501887,120 139.979296,38.501930,120 139.978781,38.502102,120 139.978223,38.502016,120 139.977407,38.502016,120 139.976807,38.502274,120 139.976678,38.502402,120 139.976463,38.502445,120 139.975476,38.502316,120 139.975004,38.502102,120 139.974747,38.502059,120 139.974060,38.502059,120 139.973416,38.502145,120 139.973330,38.502231,120 139.973030,38.502831,120 139.972901,38.502917,120 139.972386,38.503046,120 139.972172,38.503475,120 139.972258,38.503561,120 139.973330,38.504162,120 139.973674,38.504462,120 139.973803,38.504677,120 139.973845,38.505106,120 139.973760,38.505278,120 139.973116,38.505621,120 139.972730,38.505750,120 139.972558,38.505964,120 139.972644,38.506093,120 139.973159,38.506565,120 139.973416,38.506951,120 139.973416,38.507123,120 139.973288,38.507338,120 139.972987,38.507423,120 139.972000,38.507509,120 139.971399,38.507466,120 139.971271,38.507681,120 139.971185,38.508368,120 139.970970,38.508496,120 139.970798,38.508496,120 139.970198,38.508196,120 139.970026,38.508196,120 139.969940,38.508325,120 139.970069,38.509054,120 139.969811,38.509355,120 139.969468,38.509355,120 139.969382,38.509312,120 139.969382,38.509054,120 139.969296,38.508968,120 139.967022,38.508282,120 139.966507,38.508325,120 139.966378,38.508282,120 139.966035,38.507981,120 139.965563,38.507166,120 139.965177,38.506651,120 139.964919,38.506479,120 139.964790,38.505921,120 139.964662,38.505750,120 139.964232,38.505406,120 139.963975,38.505406,120 139.963503,38.505492,120 139.963288,38.505621,120 139.963031,38.505878,120 139.962430,38.505878,120 139.962087,38.506179,120 139.961700,38.506780,120 139.961743,38.507466,120 139.961572,38.508239,120 139.961100,38.508754,120 139.961014,38.508925,120 139.960928,38.509741,120 139.960413,38.510299,120 139.959941,38.510599,120 139.959469,38.510985,120 139.959254,38.511586,120 139.958997,38.511629,120 139.958653,38.511457,120 139.957495,38.511758,120 139.956894,38.512273,120 139.956636,38.512659,120 139.956551,38.512917,120 139.955821,38.513174,120 139.955649,38.513303,120 139.955392,38.513861,120 139.955134,38.513904,120 139.954920,38.513732,120 139.954705,38.513732,120 139.954147,38.514204,120 139.953804,38.514333,120 139.953203,38.514590,120 139.952259,38.515534,120 139.952173,38.515577,120 139.951830,38.515449,120 139.951701,38.515534,120 139.951701,38.515792,120 139.951959,38.516479,120 139.951873,38.516822,120 139.951787,38.517594,120 139.951959,38.517680,120 139.952559,38.517766,120 139.952817,38.517551,120 139.953032,38.517509,120 139.953461,38.517766,120 139.953675,38.517852,120 139.953847,38.517766,120 139.953933,38.517509,120 139.954147,38.517466,120 139.954276,38.517509,120 139.954319,38.517852,120 139.954491,38.518238,120 139.954619,38.518281,120 139.954877,38.518238,120 139.955006,38.518238,120 139.956036,38.519139,120 139.956121,38.519526,120 139.956508,38.519826,120 139.956422,38.520212,120 139.956765,38.520427,120 139.956722,38.520684,120 139.956765,38.521285,120 139.956422,38.521972,120 139.956594,38.522530,120 139.956336,38.523602,120 139.956465,38.524160,120 139.955778,38.524418,120 139.954104,38.524375,120 139.953718,38.524547,120 139.953632,38.524847,120 139.953718,38.525190,120 139.953589,38.525705,120 139.953718,38.526263,120 139.953718,38.526735,120 139.953847,38.526864,120 139.954877,38.527079,120 139.954920,38.527250,120 139.954748,38.527594,120 139.954834,38.528538,120 139.954748,38.528924,120 139.954834,38.529224,120 139.955134,38.529611,120 139.955521,38.529568,120 139.955606,38.529654,120 139.955950,38.530169,120 139.956036,38.530726,120 139.956465,38.531284,120 139.956894,38.531585,120 139.956851,38.532014,120 139.957323,38.532443,120 139.957452,38.533001,120 139.958482,38.533859,120 139.958525,38.533988,120 139.958611,38.534203,120 139.958439,38.534417,120 139.958010,38.534718,120 139.957924,38.534803,120 139.957581,38.535018,120 139.957237,38.535490,120 139.956508,38.535919,120 139.955006,38.535619,120 139.954319,38.535619,120 139.953504,38.535576,120 139.952302,38.536305,120 139.951401,38.536220,120 139.950972,38.536434,120 139.949555,38.536177,120 139.948525,38.535404,120 139.947882,38.535018,120 139.947581,38.534889,120 139.947324,38.534932,120 139.946594,38.535147,120 139.945436,38.535147,120 139.944878,38.534589,120 139.944062,38.534245,120 139.943976,38.533731,120 139.943848,38.533344,120 139.943676,38.533216,120 139.943547,38.533173,120 139.943204,38.533301,120 139.942560,38.533731,120 139.942303,38.533988,120 139.942002,38.534074,120 139.941401,38.533902,120 139.941187,38.533773,120 139.940801,38.533688,120 139.940200,38.533430,120 139.939642,38.533301,120 139.939470,38.533173,120 139.939427,38.532786,120 139.939213,38.532357,120 139.938526,38.531842,120 139.938269,38.531413,120 139.938011,38.531327,120 139.937925,38.531327,120 139.937496,38.531842,120 139.936638,38.531971,120 139.936337,38.532228,120 139.936209,38.532486,120 139.936209,38.532958,120 139.936037,38.533430,120 139.935994,38.533688,120 139.935565,38.534203,120 139.935565,38.535147,120 139.936123,38.535619,120 139.936123,38.535705,120 139.935865,38.535962,120 139.935822,38.536091,120 139.936509,38.536477,120 139.936552,38.536563,120 139.936509,38.536863,120 139.937153,38.537378,120 139.937067,38.538065,120 139.936852,38.538322,120 139.936681,38.539052,120 139.936724,38.539181,120 139.936895,38.539352,120 139.937239,38.539524,120 139.937325,38.539653,120 139.937325,38.539739,120 139.936595,38.539867,120 139.935737,38.539782,120 139.933162,38.540382,120 139.932132,38.540468,120 139.931703,38.540726,120 139.931488,38.540812,120 139.930930,38.540854,120 139.930544,38.540683,120 139.929729,38.540812,120 139.929600,38.540897,120 139.929428,38.541799,120 139.929042,38.542013,120 139.928741,38.542399,120 139.928699,38.542528,120 139.928784,38.542829,120 139.928656,38.543086,120 139.928398,38.543215,120 139.928312,38.543429,120 139.928098,38.543601,120 139.928141,38.543859,120 139.928055,38.544030,120 139.928312,38.544459,120 139.928141,38.544888,120 139.928184,38.545489,120 139.928656,38.545918,120 139.928741,38.546090,120 139.928741,38.546562,120 139.929171,38.546734,120 139.929214,38.546948,120 139.928441,38.547506,120 139.928269,38.547549,120 139.928098,38.547421,120 139.927969,38.547120,120 139.927626,38.546820,120 139.927540,38.546476,120 139.927282,38.546391,120 139.927111,38.546476,120 139.926853,38.546991,120 139.926510,38.547378,120 139.926338,38.547463,120 139.925995,38.547421,120 139.925823,38.547506,120 139.925780,38.547635,120 139.925823,38.547764,120 139.926853,38.548193,120 139.927111,38.548708,120 139.927025,38.549051,120 139.927068,38.549824,120 139.926810,38.550639,120 139.926896,38.550940,120 139.926896,38.551154,120 139.926724,38.551326,120 139.926209,38.551626,120 139.924793,38.552399,120 139.923806,38.552699,120 139.923463,38.552742,120 139.922476,38.553472,120 139.922347,38.553686,120 139.922433,38.553987,120 139.922948,38.554502,120 139.923034,38.554802,120 139.923248,38.555188,120 139.922690,38.555961,120 139.922647,38.556261,120 139.922819,38.556604,120 139.922991,38.556647,120 139.923506,38.556690,120 139.923849,38.556991,120 139.924278,38.557119,120 139.924493,38.557248,120 139.924664,38.557549,120 139.924664,38.557978,120 139.924965,38.558321,120 139.925394,38.558578,120 139.925566,38.558621,120 139.925780,38.558493,120 139.926038,38.557677,120 139.926124,38.557591,120 139.926295,38.557591,120 139.926295,38.558064,120 139.926467,38.558493,120 139.926252,38.558879,120 139.926295,38.559651,120 139.926167,38.559909,120 139.925866,38.560252,120 139.925909,38.560424,120 139.926167,38.560810,120 139.926167,38.560982,120 139.925308,38.561540,120 139.925094,38.561540,120 139.924664,38.561325,120 139.923720,38.561583,120 139.923420,38.561840,120 139.923205,38.562098,120 139.923077,38.562183,120 139.922819,38.562140,120 139.922605,38.561926,120 139.922390,38.561926,120 139.921532,38.562012,120 139.921446,38.562098,120 139.921489,38.562183,120 139.921746,38.562183,120 139.921961,38.562140,120 139.922132,38.562226,120 139.922132,38.562312,120 139.921961,38.562527,120 139.922047,38.562613,120 139.923205,38.562655,120 139.923377,38.562698,120 139.923463,38.562827,120 139.923463,38.563042,120 139.923291,38.563128,120 139.922819,38.563213,120 139.922476,38.563128,120 139.922261,38.563299,120 139.922218,38.563428,120 139.922347,38.563600,120 139.922433,38.564072,120 139.922261,38.564415,120 139.921746,38.564715,120 139.921317,38.564715,120 139.921060,38.564844,120 139.921145,38.564930,120 139.922218,38.565273,120 139.922562,38.565660,120 139.923162,38.565960,120 139.923635,38.566389,120 139.923763,38.566647,120 139.923720,38.566775,120 139.923592,38.566818,120 139.923377,38.566861,120 139.923077,38.566775,120 139.922047,38.566217,120 139.921789,38.566260,120 139.921575,38.566518,120 139.921489,38.566818,120 139.921703,38.567634,120 139.921832,38.567977,120 139.921789,38.568192,120 139.921403,38.568535,120 139.921403,38.568621,120 139.921231,38.569007,120 139.921017,38.569179,120 139.920974,38.569307,120 139.921060,38.569479,120 139.921575,38.569565,120 139.921746,38.569651,120 139.922004,38.569994,120 139.921961,38.570724,120 139.921918,38.570981,120 139.921746,38.571324,120 139.922047,38.571839,120 139.922304,38.572011,120 139.922390,38.572140,120 139.922218,38.572612,120 139.922004,38.572698,120 139.920373,38.572397,120 139.920115,38.572483,120 139.920073,38.572569,120 139.919987,38.572741,120 139.919772,38.572912,120 139.919257,38.572955,120 139.918785,38.572826,120 139.918184,38.572440,120 139.916768,38.571668,120 139.916425,38.571239,120 139.916124,38.570509,120 139.915996,38.570380,120 139.915738,38.570294,120 139.914794,38.570337,120 139.914322,38.570123,120 139.913721,38.570080,120 139.913163,38.570337,120 139.912605,38.570209,120 139.911919,38.570766,120 139.911532,38.570938,120 139.911060,38.571067,120 139.910545,38.571110,120 139.909472,38.571153,120 139.906597,38.571239,120 139.904838,38.571324,120 139.903679,38.571453,120 139.902906,38.571711,120 139.902349,38.572097,120 139.902005,38.572526,120 139.901748,38.572998,120 139.901447,38.573341,120 139.901127,38.573661,120 139.900982,38.573572,120 139.901127,38.573661,120 139.901104,38.573685,120 139.900761,38.574243,120 139.900589,38.574929,120 139.900632,38.575315,120 139.900804,38.576002,120 139.900761,38.576431,120 139.900632,38.576818,120 139.900246,38.577332,120 139.900074,38.577633,120 139.900031,38.578191,120 139.900546,38.579307,120 139.900846,38.579865,120 139.900975,38.580422,120 139.900932,38.580894,120 139.900761,38.581796,120 139.900246,38.582654,120 139.899602,38.583341,120 139.897885,38.584499,120 139.896941,38.584971,120 139.896641,38.585100,120 139.896255,38.585315,120 139.895868,38.585486,120 139.894924,38.585916,120 139.894195,38.586259,120 139.893208,38.586688,120 139.892607,38.586946,120 139.891877,38.587375,120 139.891233,38.587804,120 139.889860,38.588490,120 139.888659,38.588963,120 139.887156,38.589349,120 139.886341,38.589478,120 139.885483,38.589563,120 139.884882,38.589606,120 139.884281,38.589606,120 139.883809,38.589563,120 139.882779,38.589478,120 139.882350,38.589392,120 139.881277,38.589177,120 139.879775,38.588662,120 139.879045,38.588233,120 139.877930,38.587074,120 139.877501,38.586817,120 139.876986,38.586688,120 139.876170,38.586731,120 139.875484,38.586946,120 139.875398,38.586946,120 139.874110,38.587461,120 139.873466,38.587589,120 139.872780,38.587589,120 139.872093,38.587503,120 139.871621,38.587418,120 139.870892,38.587418,120 139.870119,38.587503,120 139.869690,38.587546,120 139.869089,38.587503,120 139.868660,38.587375,120 139.867973,38.587117,120 139.866943,38.586645,120 139.866343,38.586259,120 139.866085,38.586001,120 139.865570,38.585443,120 139.865313,38.585229,120 139.864969,38.585100,120 139.864368,38.585100,120 139.864025,38.585186,120 139.863381,38.585486,120 139.861922,38.586259,120 139.860892,38.586602,120 139.859734,38.586817,120 139.857502,38.587074,120 139.856644,38.587246,120 139.854755,38.587718,120 139.854069,38.587890,120 139.852867,38.588147,120 139.851751,38.588490,120 139.850764,38.588834,120 139.850249,38.589005,120 139.850035,38.589091,120 139.848361,38.589606,120 139.847932,38.589864,120 139.847631,38.590164,120 139.847031,38.591108,120 139.846730,38.591924,120 139.845657,38.594155,120 139.845529,38.594413,120 139.845271,38.594756,120 139.844756,38.595529,120 139.844413,38.596044,120 139.844112,38.596644,120 139.843855,38.597159,120 139.843597,38.597889,120 139.843512,38.598104,120 139.842954,38.598876,120 139.842353,38.599606,120 139.841151,38.601365,120 139.840808,38.601837,120 139.840250,38.603768,120 139.839864,38.605056,120 139.839563,38.606515,120 139.838276,38.610077,120 139.837804,38.610806,120 139.837203,38.611751,120 139.836302,38.613124,120 139.835615,38.614197,120 139.835443,38.614712,120 139.835443,38.614841,120 139.835529,38.615227,120 139.835615,38.615484,120 139.835701,38.615656,120 139.836946,38.617501,120 139.837503,38.618059,120 139.838834,38.619218,120 139.839306,38.619604,120 139.839649,38.620076,120 139.840636,38.621836,120 139.841323,38.622994,120 139.841623,38.623681,120 139.841881,38.625183,120 139.841967,38.625484,120 139.842224,38.626041,120 139.842610,38.626900,120 139.844027,38.628874,120 139.844499,38.629775,120 139.844799,38.630462,120 139.845099,38.631835,120 139.845314,38.632865,120 139.845357,38.633251,120 139.845657,38.634796,120 139.845743,38.635139,120 139.845915,38.635998,120 139.846129,38.637114,120 139.846473,38.638315,120 139.846988,38.639259,120 139.847074,38.639474,120 139.847288,38.639903,120 139.847975,38.641105,120 139.848146,38.641577,120 139.848404,38.642392,120 139.848404,38.643551,120 139.848318,38.644280,120 139.846859,38.648572,120 139.845829,38.651104,120 139.845572,38.652220,120 139.845529,38.653035,120 139.845572,38.653636,120 139.845700,38.654194,120 139.845700,38.654366,120 139.845872,38.655052,120 139.846644,38.657713,120 139.846816,38.658829,120 139.846687,38.659987,120 139.846516,38.660631,120 139.845829,38.661962,120 139.843812,38.665137,120 139.841108,38.669558,120 139.841065,38.669643,120 139.840980,38.669772,120 139.840851,38.669987,120 139.840250,38.670931,120 139.839950,38.671403,120 139.838533,38.673720,120 139.837375,38.675609,120 139.836731,38.677025,120 139.836302,38.678141,120 139.836044,38.679686,120 139.835958,38.680930,120 139.835958,38.681059,120 139.836001,38.682132,120 139.836259,38.684278,120 139.836731,38.688569,120 139.836731,38.688698,120 139.836731,38.689814,120 139.836473,38.690715,120 139.836345,38.691101,120 139.836087,38.691874,120 139.835486,38.693848,120 139.835272,38.694491,120 139.834328,38.697495,120 139.834027,38.698440,120 139.833941,38.698783,120 139.833598,38.699856,120 139.833641,38.700671,120 139.833813,38.701272,120 139.834242,38.702002,120 139.834671,38.702388,120 139.835572,38.703074,120 139.837632,38.704534,120 139.837761,38.704662,120 139.838147,38.704920,120 139.839134,38.705649,120 139.840550,38.706636,120 139.841838,38.707538,120 139.842782,38.708267,120 139.843855,38.709126,120 139.844799,38.710027,120 139.845228,38.710542,120 139.845443,38.710842,120 139.845872,38.711529,120 139.846215,38.712344,120 139.846258,38.712430,120 139.846473,38.713160,120 139.846773,38.714790,120 139.846816,38.714962,120 139.846859,38.715177,120 139.846902,38.715734,120 139.846945,38.716550,120 139.847159,38.717709,120 139.847202,38.718524,120 139.847245,38.718824,120 139.847417,38.720798,120 139.847503,38.721614,120 139.847546,38.722000,120 139.847589,38.722258,120 139.847589,38.722429,120 139.847631,38.722601,120 139.847631,38.722730,120 139.847631,38.722944,120 139.847674,38.723116,120 139.847674,38.723202,120 139.847674,38.723459,120 139.847803,38.724575,120 139.847803,38.724961,120 139.847631,38.725648,120 139.847417,38.726249,120 139.846301,38.729081,120 139.846044,38.729682,120 139.845572,38.731012,120 139.845228,38.732600,120 139.845057,38.734274,120 139.845057,38.735175,120 139.845099,38.735776,120 139.845185,38.736377,120 139.845443,38.737621,120 139.845872,38.739552,120 139.846430,38.741956,120 139.846773,38.743458,120 139.846859,38.744016,120 139.846859,38.744445,120 139.846516,38.745217,120 139.846087,38.745646,120 139.845572,38.745990,120 139.844971,38.746247,120 139.844542,38.746333,120 139.844155,38.746376,120 139.843898,38.746419,120 139.843769,38.746462,120 139.843383,38.746505,120 139.843211,38.746505,120 139.842954,38.746548,120 139.841151,38.746719,120 139.840508,38.746762,120 139.840078,38.746805,120 139.837503,38.747020,120 139.836001,38.747234,120 139.835186,38.747492,120 139.834971,38.747621,120 139.834414,38.748007,120 139.833984,38.748522,120 139.833641,38.749294,120 139.833469,38.750153,120 139.833341,38.751998,120 139.833255,38.752899,120 139.833255,38.752985,120 139.833255,38.753242,120 139.832997,38.756375,120 139.832826,38.758264,120 139.832783,38.759036,120 139.832697,38.760238,120 139.832697,38.761268,120 139.832354,38.765688,120 139.832311,38.769679,120 139.831753,38.773799,120 139.831452,38.778348,120 139.831495,38.779936,120 139.831624,38.780751,120 139.832225,38.782339,120 139.833984,38.785214,120 139.834242,38.785729,120 139.834542,38.786502,120 139.834714,38.787446,120 139.834714,38.788862,120 139.834628,38.789849,120 139.834499,38.790965,120 139.834242,38.796372,120 139.833040,38.814311,120 139.832869,38.816972,120 139.832783,38.818688,120 139.832911,38.819590,120 139.833083,38.820062,120 139.833684,38.821349,120 139.834585,38.822465,120 139.835830,38.823495,120 139.837332,38.824353,120 139.837589,38.824482,120 139.841537,38.826628,120 139.843168,38.827572,120 139.844284,38.828259,120 139.845014,38.828816,120 139.845228,38.829031,120 139.845743,38.829632,120 139.846258,38.830490,120 139.846430,38.830748,120 139.846816,38.831606,120 139.847031,38.832335,120 139.847288,38.833323,120 139.847460,38.834009,120 139.847717,38.835039,120 139.847889,38.835726,120 139.848018,38.836198,120 139.848146,38.836756,120 139.848533,38.838215,120 139.848576,38.838472,120 139.848747,38.839245,120 139.848876,38.840146,120 139.848876,38.840189,120 139.848876,38.841090,120 139.848833,38.841949,120 139.848833,38.842292,120 139.848833,38.843794,120 139.848876,38.844609,120 139.848790,38.845382,120 139.848747,38.846111,120 139.848747,38.846798,120 139.848704,38.847442,120 139.848576,38.848600,120 139.847932,38.850617,120 139.847546,38.851948,120 139.847331,38.852634,120 139.847031,38.853450,120 139.846988,38.853664,120 139.846430,38.855338,120 139.845915,38.857012,120 139.845400,38.858600,120 139.845357,38.858728,120 139.845099,38.859544,120 139.844842,38.860402,120 139.844499,38.861303,120 139.844241,38.862076,120 139.843726,38.863792,120 139.843211,38.865466,120 139.842997,38.865938,120 139.842911,38.866239,120 139.842610,38.867183,120 139.842095,38.868728,120 139.841495,38.870573,120 139.840465,38.873749,120 139.840379,38.874135,120 139.840336,38.874221,120 139.840293,38.874307,120 139.840078,38.875079,120 139.839778,38.875980,120 139.838362,38.880787,120 139.838319,38.880959,120 139.838233,38.881302,120 139.838061,38.881731,120 139.838061,38.881817,120 139.837976,38.882074,120 139.837933,38.882461,120 139.837976,38.882761,120 139.838190,38.883405,120 139.838362,38.883576,120 139.838791,38.884006,120 139.839478,38.884478,120 139.840937,38.885465,120 139.846902,38.889456,120 139.846988,38.889542,120 139.847546,38.889885,120 139.848619,38.890786,120 139.849005,38.891129,120 139.850121,38.891902,120 139.852395,38.893404,120 139.854112,38.895078,120 139.854412,38.895550,120 139.854884,38.896322,120 139.855313,38.897309,120 139.855442,38.897653,120 139.855528,38.897996,120 139.856086,38.901043,120 139.856644,38.904562,120 139.856944,38.906107,120 139.857244,38.907952,120 139.857631,38.909969,120 139.857931,38.911901,120 139.858017,38.912544,120 139.858146,38.914948,120 139.858189,38.916235,120 139.858403,38.919282,120 139.858403,38.919539,120 139.858575,38.921514,120 139.858747,38.924174,120 139.858875,38.926406,120 139.858918,38.926964,120 139.858918,38.927522,120 139.859004,38.928680,120 139.859090,38.929968,120 139.859090,38.930783,120 139.859090,38.930955,120 139.859133,38.932757,120 139.859047,38.933702,120 139.858789,38.934731,120 139.858704,38.935032,120 139.858274,38.936019,120 139.858103,38.936362,120 139.857116,38.937650,120 139.856601,38.938208,120 139.855785,38.938894,120 139.854712,38.939624,120 139.852996,38.940482,120 139.852524,38.940697,120 139.851708,38.941083,120 139.850206,38.941813,120 139.849520,38.942113,120 139.845228,38.944216,120 139.843769,38.945074,120 139.841967,38.946404,120 139.841452,38.946834,120 139.840851,38.947392,120 139.839907,38.948250,120 139.839649,38.948464,120 139.838963,38.949065,120 139.838405,38.949623,120 139.838190,38.949924,120 139.837847,38.950353,120 139.837546,38.950868,120 139.837332,38.951426,120 139.837246,38.951941,120 139.837246,38.952928,120 139.837289,38.953271,120 139.837375,38.953700,120 139.837976,38.955631,120 139.838448,38.956919,120 139.839435,38.959665,120 139.839821,38.960652,120 139.840765,38.963141,120 139.841022,38.963914,120 139.841924,38.966188,120 139.843125,38.969364,120 139.843683,38.970780,120 139.843984,38.971596,120 139.844370,38.972669,120 139.844584,38.973269,120 139.844756,38.973656,120 139.845443,38.975415,120 139.845872,38.976574,120 139.846430,38.977861,120 139.847031,38.978677,120 139.847374,38.979020,120 139.847975,38.979535,120 139.848790,38.980265,120 139.849777,38.981338,120 139.850721,38.982754,120 139.850893,38.983097,120 139.851236,38.984127,120 139.851451,38.985372,120 139.851451,38.986316,120 139.851151,38.988504,120 139.851108,38.989062,120 139.851151,38.990693,120 139.851193,38.991423,120 139.851322,38.992367,120 139.851451,38.993139,120 139.851494,38.993311,120 139.851880,38.994555,120 139.852095,38.995285,120 139.852138,38.995414,120 139.852223,38.995585,120 139.853039,38.997302,120 139.853253,38.997560,120 139.853897,38.998590,120 139.854326,38.999619,120 139.855185,39.002323,120 139.855485,39.002838,120 139.855528,39.002967,120 139.855871,39.003696,120 139.856000,39.003954,120 139.856086,39.004083,120 139.856558,39.004898,120 139.856730,39.005113,120 139.856772,39.005198,120 139.856987,39.005542,120 139.857802,39.007087,120 139.857974,39.007430,120 139.858317,39.008245,120 139.858317,39.008331,120 139.858532,39.008846,120 139.859090,39.010520,120 139.859433,39.011550,120 139.859605,39.011979,120 139.859948,39.013052,120 139.860420,39.014382,120 139.860592,39.014854,120 139.860806,39.015369,120 139.861107,39.016356,120 139.861321,39.017429,120 139.861407,39.017901,120 139.861579,39.019618,120 139.861579,39.020090,120 139.861622,39.021163,120 139.861622,39.021463,120 139.861794,39.022150,120 139.862094,39.023008,120 139.863510,39.026613,120 139.864454,39.029531,120 139.865055,39.031076,120 139.865441,39.031806,120 139.865527,39.031935,120 139.865742,39.032321,120 139.866428,39.033222,120 139.867501,39.034553,120 139.867544,39.034982,120 139.867544,39.035668,120 139.867630,39.036055,120 139.868231,39.036999,120 139.868960,39.038329,120 139.869261,39.039102,120 139.869475,39.039660,120 139.869647,39.041333,120 139.869776,39.042792,120 139.869990,39.043822,120 139.870505,39.045196,120 139.870849,39.046097,120 139.870934,39.046397,120 139.871020,39.046612,120 139.871020,39.046783,120 139.871149,39.047298,120 139.871321,39.048028,120 139.871449,39.048758,120 139.871535,39.049015,120 139.871621,39.049530,120 139.871707,39.049788,120 139.871836,39.050431,120 139.871879,39.050560,120 139.871922,39.050646,120 139.872007,39.050860,120 139.872179,39.051461,120 139.872265,39.051719,120 139.872479,39.052277,120 139.872522,39.052448,120 139.872565,39.052534,120 139.872608,39.052663,120 139.873037,39.054036,120 139.873338,39.054937,120 139.873509,39.055452,120 139.873552,39.055581,120 139.873681,39.055967,120 139.873896,39.056611,120 139.874024,39.056954,120 139.874110,39.057341,120 139.874239,39.057770,120 139.874325,39.058156,120 139.874411,39.058585,120 139.874582,39.059443,120 139.874754,39.060087,120 139.874926,39.060774,120 139.875011,39.061117,120 139.875183,39.061847,120 139.875355,39.062190,120 139.875655,39.062576,120 139.876041,39.062963,120 139.876857,39.063435,120 139.879518,39.064293,120 139.880419,39.064765,120 139.880848,39.065108,120 139.881406,39.065623,120 139.881749,39.066010,120 139.881964,39.066310,120 139.882607,39.067125,120 139.883595,39.068413,120 139.884152,39.069057,120 139.885139,39.069958,120 139.885697,39.070473,120 139.886298,39.070988,120 139.886556,39.071331,120 139.886684,39.071717,120 139.886684,39.072104,120 139.886427,39.073005,120 139.886341,39.073262,120 139.886041,39.074035,120 139.885654,39.074593,120 139.885268,39.075022,120 139.884839,39.075322,120 139.883852,39.075923,120 139.883122,39.076309,120 139.880633,39.077640,120 139.879990,39.078026,120 139.879260,39.078670,120 139.878874,39.079142,120 139.878488,39.079056,120 139.878187,39.079142,120 139.878058,39.079313,120 139.878101,39.079828,120 139.877844,39.080300,120 139.878273,39.080386,120 139.878659,39.080343,120 139.879990,39.079571,120 139.880247,39.079485,120 139.880762,39.079356,120 139.881020,39.079356,120 139.881706,39.079442,120 139.882693,39.079785,120 139.882908,39.079957,120 139.883852,39.081373,120 139.884410,39.081631,120 139.885998,39.081717,120 139.887114,39.081888,120 139.887500,39.081931,120 139.888530,39.082017,120 139.890161,39.081459,120 139.890718,39.081330,120 139.892263,39.081459,120 139.893036,39.081588,120 139.894323,39.082017,120 139.895267,39.082317,120 139.895868,39.082575,120 139.896598,39.082832,120 139.897413,39.083133,120 139.899216,39.083691,120 139.899859,39.083948,120 139.901233,39.084463,120 139.902091,39.084806,120 139.903121,39.085107,120 139.904366,39.085321,120 139.906039,39.085579,120 139.906383,39.085622,120 139.908915,39.086051,120 139.909215,39.086180,120 139.909387,39.086437,120 139.909558,39.087210,120 139.909558,39.087424,120 139.909515,39.087639,120 139.909258,39.087896,120 139.908228,39.088497,120 139.907928,39.088883,120 139.907885,39.089270,120 139.907799,39.089870,120 139.907413,39.090428,120 139.907413,39.090643,120 139.907584,39.090858,120 139.908357,39.091029,120 139.909172,39.091201,120 139.909515,39.091372,120 139.910460,39.091845,120 139.910502,39.092188,120 139.910202,39.092360,120 139.909129,39.092488,120 139.908957,39.092746,120 139.909086,39.092960,120 139.909215,39.093046,120 139.910374,39.092789,120 139.911704,39.092875,120 139.912176,39.093003,120 139.912777,39.093218,120 139.913678,39.093261,120 139.914708,39.093347,120 139.917541,39.093819,120 139.917712,39.093904,120 139.917884,39.093990,120 139.918313,39.094677,120 139.918699,39.094763,120 139.920673,39.095063,120 139.921532,39.095149,120 139.923806,39.094763,120 139.924707,39.094763,120 139.925523,39.094977,120 139.926252,39.095407,120 139.926810,39.095879,120 139.927669,39.096651,120 139.929256,39.097810,120 139.930286,39.098840,120 139.930372,39.099269,120 139.930158,39.100041,120 139.930158,39.100256,120 139.930243,39.100385,120 139.930415,39.100471,120 139.930716,39.100428,120 139.931059,39.100041,120 139.931231,39.099956,120 139.931359,39.099956,120 139.931660,39.100041,120 139.931746,39.100342,120 139.931402,39.101930,120 139.931617,39.102144,120 139.931917,39.102144,120 139.932132,39.101930,120 139.932089,39.101458,120 139.932175,39.101243,120 139.933333,39.100771,120 139.933634,39.100599,120 139.933805,39.100256,120 139.933677,39.098883,120 139.933290,39.098067,120 139.933290,39.097724,120 139.933462,39.097509,120 139.933891,39.097338,120 139.935265,39.097466,120 139.936037,39.097724,120 139.938140,39.098883,120 139.938912,39.099054,120 139.940629,39.099269,120 139.941144,39.099483,120 139.941702,39.099913,120 139.941916,39.100342,120 139.942131,39.101329,120 139.942517,39.101586,120 139.942946,39.101629,120 139.944706,39.101329,120 139.945478,39.101372,120 139.947023,39.101887,120 139.948139,39.102702,120 139.949555,39.103174,120 139.952002,39.103518,120 139.952345,39.103475,120 139.952602,39.103432,120 139.954104,39.102616,120 139.954319,39.102273,120 139.954362,39.101973,120 139.954448,39.101758,120 139.954662,39.101629,120 139.954920,39.101629,120 139.955220,39.101801,120 139.955478,39.102273,120 139.955692,39.102530,120 139.956207,39.102874,120 139.957752,39.103689,120 139.958053,39.104118,120 139.958224,39.104762,120 139.958439,39.105062,120 139.958782,39.105234,120 139.959383,39.105320,120 139.960027,39.105577,120 139.961185,39.106393,120 139.962130,39.106994,120 139.962344,39.107294,120 139.962301,39.108453,120 139.962430,39.108753,120 139.963417,39.109440,120 139.964147,39.110470,120 139.965005,39.111328,120 139.965262,39.111457,120 139.965520,39.111328,120 139.965520,39.111114,120 139.964962,39.110599,120 139.964962,39.110384,120 139.965177,39.109869,120 139.965048,39.109225,120 139.965134,39.109054,120 139.965777,39.108582,120 139.966078,39.108152,120 139.966335,39.108109,120 139.966464,39.108195,120 139.966335,39.108710,120 139.966335,39.108925,120 139.966850,39.109182,120 139.967022,39.109397,120 139.966979,39.109612,120 139.966722,39.109998,120 139.966807,39.110169,120 139.966936,39.110255,120 139.967194,39.110255,120 139.967322,39.110212,120 139.967837,39.109569,120 139.968824,39.108968,120 139.969339,39.108624,120 139.969339,39.108410,120 139.969211,39.108281,120 139.968309,39.107680,120 139.968052,39.107509,120 139.967966,39.107294,120 139.968095,39.107122,120 139.968224,39.107080,120 139.968438,39.107080,120 139.969125,39.107337,120 139.969983,39.107466,120 139.970369,39.108067,120 139.970498,39.108109,120 139.970670,39.108067,120 139.970756,39.107895,120 139.970584,39.107337,120 139.970155,39.106650,120 139.970284,39.106522,120 139.970498,39.106522,120 139.971442,39.107680,120 139.971442,39.107895,120 139.971271,39.108367,120 139.971313,39.109139,120 139.971442,39.109354,120 139.971657,39.109397,120 139.971786,39.109182,120 139.971614,39.108753,120 139.971614,39.108496,120 139.972386,39.107637,120 139.972515,39.106522,120 139.972644,39.106479,120 139.972858,39.106479,120 139.972944,39.106693,120 139.972944,39.107766,120 139.972687,39.108582,120 139.972730,39.108882,120 139.973030,39.109139,120 139.974489,39.109912,120 139.974661,39.109912,120 139.974790,39.109783,120 139.974747,39.109612,120 139.974017,39.108667,120 139.973931,39.108453,120 139.974017,39.108324,120 139.974575,39.107981,120 139.974661,39.107852,120 139.974747,39.107208,120 139.974489,39.106650,120 139.974575,39.106565,120 139.974790,39.106565,120 139.974918,39.106607,120 139.975047,39.106994,120 139.975133,39.108195,120 139.976120,39.109225,120 139.976592,39.109826,120 139.976764,39.110041,120 139.976978,39.110041,120 139.977150,39.109912,120 139.977064,39.109697,120 139.976463,39.109182,120 139.975734,39.108238,120 139.975734,39.107938,120 139.975948,39.107423,120 139.975948,39.106908,120 139.976034,39.106736,120 139.976506,39.106522,120 139.977107,39.106350,120 139.977493,39.106393,120 139.978180,39.106736,120 139.978523,39.106779,120 139.978824,39.106736,120 139.979510,39.106393,120 139.979725,39.106350,120 139.979939,39.106393,120 139.980154,39.106650,120 139.980412,39.107122,120 139.980326,39.108367,120 139.980454,39.108453,120 139.980669,39.108453,120 139.980755,39.108324,120 139.980755,39.107723,120 139.981012,39.107122,120 139.980927,39.106436,120 139.981098,39.105749,120 139.981055,39.105535,120 139.980540,39.104977,120 139.980540,39.104848,120 139.980669,39.104762,120 139.980927,39.104848,120 139.981484,39.105577,120 139.981570,39.105878,120 139.981570,39.106522,120 139.981828,39.107423,120 139.982085,39.107594,120 139.982686,39.107852,120 139.982858,39.108238,120 139.982858,39.109268,120 139.982557,39.110126,120 139.982471,39.110427,120 139.982557,39.111886,120 139.982858,39.112058,120 139.983501,39.112144,120 139.984145,39.112701,120 139.984488,39.113517,120 139.984875,39.113731,120 139.985175,39.113731,120 139.985433,39.113817,120 139.985518,39.113989,120 139.985518,39.114504,120 139.985647,39.114718,120 139.985862,39.114804,120 139.986463,39.114847,120 139.986677,39.114933,120 139.986763,39.115019,120 139.986892,39.115491,120 139.987922,39.116263,120 139.988866,39.116650,120 139.989424,39.116993,120 139.990110,39.117122,120 139.990411,39.117336,120 139.990497,39.117551,120 139.990239,39.119225,120 139.990325,39.119439,120 139.990754,39.120083,120 139.990711,39.120727,120 139.990582,39.121113,120 139.990625,39.121413,120 139.990711,39.121542,120 139.991398,39.121928,120 139.991484,39.122100,120 139.991398,39.122357,120 139.991312,39.122400,120 139.991140,39.122443,120 139.990940,39.122382,120 139.990947,39.122368,120 139.990940,39.122382,120 139.990025,39.122100,120 139.989853,39.122186,120 139.989810,39.122400,120 139.991012,39.123430,120 139.991097,39.123559,120 139.991055,39.123688,120 139.990840,39.123731,120 139.990711,39.123688,120 139.989896,39.123087,120 139.989681,39.122958,120 139.989424,39.122958,120 139.989295,39.123001,120 139.989209,39.123302,120 139.989295,39.123387,120 139.989810,39.123602,120 139.989939,39.123774,120 139.989767,39.123945,120 139.989038,39.124031,120 139.988737,39.123945,120 139.988008,39.123130,120 139.987750,39.122829,120 139.987364,39.122057,120 139.987235,39.121928,120 139.987020,39.121928,120 139.986849,39.122057,120 139.987578,39.124160,120 139.987535,39.125361,120 139.987707,39.125576,120 139.988050,39.125834,120 139.988394,39.126434,120 139.988222,39.126649,120 139.988050,39.126649,120 139.987879,39.126606,120 139.987793,39.126520,120 139.987621,39.126091,120 139.987493,39.126005,120 139.986763,39.125791,120 139.986591,39.125061,120 139.986420,39.124975,120 139.986205,39.125061,120 139.986205,39.125834,120 139.986420,39.126091,120 139.986806,39.126391,120 139.986892,39.126563,120 139.986849,39.126906,120 139.986677,39.127078,120 139.985991,39.127250,120 139.985862,39.127378,120 139.985862,39.127550,120 139.986334,39.128065,120 139.986506,39.128366,120 139.986291,39.129095,120 139.986377,39.129438,120 139.986506,39.129696,120 139.986463,39.129910,120 139.986205,39.130039,120 139.985991,39.129996,120 139.985003,39.128408,120 139.984703,39.128237,120 139.984488,39.128151,120 139.984231,39.128194,120 139.983931,39.128366,120 139.983501,39.129052,120 139.982686,39.129438,120 139.982471,39.129610,120 139.982386,39.129782,120 139.982343,39.130039,120 139.982386,39.130297,120 139.982944,39.130940,120 139.982858,39.131155,120 139.982557,39.131198,120 139.981914,39.131112,120 139.981227,39.130640,120 139.981055,39.130597,120 139.980927,39.130640,120 139.980798,39.130812,120 139.980884,39.130940,120 139.981184,39.131155,120 139.981313,39.131327,120 139.981270,39.131455,120 139.981012,39.131498,120 139.980412,39.131370,120 139.980197,39.131413,120 139.979897,39.131756,120 139.979854,39.132099,120 139.979982,39.132271,120 139.980454,39.132528,120 139.980497,39.132657,120 139.980454,39.132786,120 139.980369,39.132829,120 139.980154,39.132872,120 139.979424,39.132657,120 139.979253,39.132485,120 139.978995,39.132056,120 139.979253,39.130425,120 139.979167,39.130254,120 139.978952,39.130211,120 139.978566,39.130425,120 139.978352,39.130597,120 139.978008,39.131155,120 139.977880,39.131198,120 139.977665,39.131155,120 139.977622,39.130983,120 139.977665,39.130855,120 139.978309,39.130168,120 139.978266,39.129910,120 139.978008,39.129825,120 139.977837,39.129868,120 139.977493,39.130297,120 139.976850,39.130898,120 139.976377,39.132013,120 139.975691,39.132700,120 139.975691,39.132829,120 139.975863,39.132957,120 139.976377,39.132957,120 139.976635,39.133043,120 139.976678,39.133172,120 139.976463,39.133344,120 139.975605,39.133515,120 139.975390,39.133515,120 139.975133,39.133301,120 139.974918,39.132571,120 139.974747,39.132314,120 139.974618,39.132228,120 139.974318,39.132228,120 139.974103,39.132400,120 139.974060,39.132614,120 139.974446,39.133215,120 139.974532,39.133472,120 139.974232,39.134116,120 139.974318,39.134417,120 139.974446,39.134502,120 139.975734,39.134889,120 139.976635,39.135017,120 139.976850,39.135103,120 139.976892,39.135318,120 139.976892,39.135447,120 139.976764,39.135575,120 139.976506,39.135661,120 139.974918,39.135189,120 139.973416,39.135017,120 139.973159,39.135146,120 139.973073,39.135361,120 139.973116,39.135489,120 139.973674,39.136090,120 139.974403,39.137335,120 139.974790,39.137678,120 139.975605,39.138193,120 139.975991,39.138579,120 139.976335,39.139266,120 139.976635,39.140253,120 139.976635,39.140639,120 139.976377,39.140940,120 139.975905,39.141068,120 139.975605,39.141068,120 139.975390,39.140983,120 139.973931,39.140038,120 139.973631,39.139867,120 139.973116,39.139781,120 139.972730,39.139867,120 139.972258,39.139824,120 139.972043,39.139652,120 139.972000,39.139352,120 139.972258,39.138923,120 139.972258,39.138751,120 139.972086,39.138579,120 139.971786,39.138536,120 139.971528,39.138622,120 139.971356,39.139309,120 139.971228,39.139738,120 139.971271,39.140253,120 139.971442,39.140511,120 139.972515,39.141026,120 139.972644,39.141197,120 139.972644,39.141455,120 139.972472,39.142356,120 139.972301,39.142656,120 139.970970,39.143429,120 139.970284,39.143729,120 139.969983,39.143772,120 139.969683,39.143686,120 139.969082,39.143343,120 139.968867,39.143343,120 139.968653,39.143472,120 139.968610,39.143772,120 139.969039,39.144201,120 139.969039,39.144459,120 139.968867,39.144545,120 139.968653,39.144630,120 139.968438,39.144588,120 139.967666,39.144073,120 139.967451,39.144030,120 139.967151,39.144115,120 139.967022,39.144287,120 139.967065,39.144459,120 139.967923,39.145103,120 139.968052,39.145360,120 139.967537,39.146562,120 139.966764,39.147162,120 139.966636,39.147420,120 139.966550,39.147935,120 139.966335,39.148149,120 139.965949,39.148149,120 139.964705,39.147635,120 139.964061,39.147592,120 139.963717,39.147677,120 139.962859,39.148278,120 139.962730,39.148493,120 139.962773,39.148664,120 139.962945,39.148793,120 139.963117,39.148836,120 139.963288,39.148793,120 139.963546,39.148622,120 139.963846,39.148192,120 139.964018,39.148107,120 139.964361,39.148149,120 139.964533,39.148278,120 139.964576,39.148450,120 139.964790,39.149094,120 139.965649,39.149694,120 139.965649,39.149909,120 139.965391,39.150124,120 139.965219,39.150124,120 139.964962,39.150038,120 139.964490,39.149780,120 139.963889,39.149652,120 139.963117,39.149737,120 139.962473,39.150038,120 139.961572,39.151025,120 139.961271,39.151540,120 139.960198,39.153986,120 139.960027,39.154887,120 139.960070,39.155617,120 139.960155,39.155831,120 139.961057,39.156389,120 139.961658,39.157333,120 139.961786,39.157591,120 139.961743,39.157848,120 139.961486,39.158106,120 139.960842,39.158406,120 139.960542,39.158707,120 139.960027,39.159780,120 139.959683,39.160209,120 139.958525,39.161625,120 139.958053,39.163041,120 139.957838,39.163384,120 139.957581,39.163599,120 139.957151,39.163857,120 139.957108,39.163899,120 139.955306,39.164414,120 139.955006,39.164586,120 139.954534,39.165015,120 139.954319,39.165487,120 139.954491,39.165745,120 139.954834,39.165702,120 139.955649,39.165487,120 139.955821,39.165487,120 139.956164,39.165702,120 139.956250,39.165831,120 139.956164,39.166088,120 139.955907,39.166389,120 139.955349,39.166903,120 139.954405,39.167461,120 139.954276,39.167504,120 139.953246,39.168105,120 139.952645,39.168448,120 139.951787,39.168921,120 139.951015,39.169307,120 139.950628,39.169521,120 139.950414,39.169650,120 139.949899,39.169950,120 139.949169,39.170423,120 139.948440,39.171023,120 139.948010,39.171410,120 139.947925,39.171581,120 139.948440,39.172482,120 139.948483,39.172997,120 139.948440,39.173427,120 139.948354,39.173856,120 139.948182,39.175100,120 139.947538,39.178534,120 139.947281,39.179006,120 139.946551,39.179821,120 139.946036,39.180508,120 139.945908,39.180937,120 139.945951,39.181581,120 139.945944,39.181604,120 139.945951,39.181581,120 139.946079,39.182482,120 139.946036,39.184284,120 139.946036,39.184928,120 139.946036,39.185357,120 139.945993,39.186559,120 139.945993,39.188061,120 139.945908,39.189048,120 139.945822,39.189262,120 139.945607,39.189520,120 139.945350,39.189649,120 139.944749,39.189906,120 139.944620,39.189949,120 139.944534,39.189992,120 139.943461,39.190421,120 139.943419,39.190421,120 139.942260,39.190936,120 139.941702,39.191022,120 139.941316,39.191065,120 139.941230,39.191065,120 139.940457,39.190979,120 139.937625,39.190807,120 139.936938,39.190893,120 139.936380,39.191151,120 139.935994,39.191451,120 139.934278,39.193554,120 139.934235,39.193640,120 139.933376,39.194455,120 139.932690,39.194798,120 139.932175,39.194884,120 139.931746,39.194884,120 139.930930,39.194756,120 139.930415,39.194498,120 139.929643,39.193854,120 139.928269,39.192653,120 139.927926,39.192481,120 139.927282,39.192352,120 139.926853,39.192395,120 139.925823,39.192781,120 139.925308,39.192953,120 139.924965,39.193039,120 139.923592,39.193425,120 139.923205,39.193726,120 139.922905,39.194026,120 139.922776,39.194326,120 139.922647,39.195099,120 139.922776,39.195786,120 139.922905,39.196386,120 139.922991,39.196944,120 139.922991,39.197845,120 139.922862,39.198532,120 139.922776,39.198961,120 139.923077,39.199004,120 139.923377,39.199004,120 139.923506,39.198918,120 139.923677,39.198661,120 139.923463,39.196301,120 139.923463,39.196043,120 139.923720,39.195828,120 139.924064,39.195743,120 139.924407,39.195914,120 139.924922,39.197330,120 139.925909,39.199519,120 139.926209,39.200077,120 139.928055,39.203553,120 139.928484,39.204540,120 139.928656,39.205270,120 139.928827,39.206729,120 139.928699,39.209390,120 139.928741,39.210892,120 139.928870,39.211836,120 139.929214,39.212995,120 139.929729,39.214067,120 139.930544,39.215312,120 139.934492,39.220076,120 139.936681,39.222779,120 139.937367,39.223766,120 139.938054,39.225011,120 139.938526,39.226170,120 139.938998,39.227586,120 139.939256,39.228873,120 139.939342,39.229817,120 139.939384,39.231405,120 139.939299,39.232221,120 139.939084,39.233379,120 139.938827,39.234581,120 139.938312,39.235868,120 139.936037,39.241061,120 139.935780,39.241533,120 139.931917,39.249902,120 139.930801,39.252048,120 139.930501,39.252477,120 139.929986,39.252691,120 139.928999,39.252605,120 139.927797,39.252391,120 139.927111,39.252391,120 139.926939,39.252434,120 139.926982,39.252820,120 139.926982,39.252992,120 139.926939,39.253421,120 139.926810,39.255009,120 139.926682,39.257154,120 139.926639,39.257498,120 139.926381,39.259257,120 139.926081,39.259944,120 139.925866,39.260459,120 139.925437,39.261189,120 139.924064,39.263334,120 139.923248,39.264750,120 139.923034,39.265394,120 139.922948,39.265695,120 139.922776,39.266939,120 139.922948,39.268270,120 139.923162,39.269257,120 139.923506,39.270501,120 139.923677,39.271274,120 139.923935,39.272218,120 139.924021,39.272604,120 139.924278,39.273462,120 139.924879,39.274750,120 139.925094,39.275093,120 139.925179,39.275222,120 139.925694,39.275866,120 139.926252,39.276423,120 139.926639,39.276767,120 139.926982,39.276981,120 139.928012,39.277625,120 139.929128,39.278140,120 139.929900,39.278398,120 139.930072,39.278483,120 139.933162,39.279513,120 139.935007,39.280114,120 139.935222,39.280200,120 139.935436,39.280286,120 139.936123,39.280543,120 139.936466,39.280629,120 139.939127,39.281530,120 139.940715,39.282088,120 139.943104,39.282894,120 139.943107,39.282888,120</coordinates></LineString></Placemark>
</Document></kml>
