<?xml version="1.0" encoding="UTF-8"?>
<kml xmlns="http://www.opengis.net/kml/2.2" xmlns:gx="http://www.google.com/kml/ext/2.2">
<Document><name>10/14 Wed · Aizu → Yunishigawa Onsen</name><description>Down through the Ouchi-juku country into the Kinugawa headwaters. Flyover runs 16 min at 300 m (984 ft) above ground, tilt 60°. Double-click the tour below to play it.</description>
<Style id="rt"><LineStyle><color>b32fd5ff</color><width>3</width></LineStyle></Style>
<gx:Tour><name>▶ 10/14 Wed · Aizu → Yunishigawa Onsen — 188 km (117 mi)</name><description>Down through the Ouchi-juku country into the Kinugawa headwaters.</description><gx:Playlist><gx:FlyTo><gx:duration>4</gx:duration><gx:flyToMode>bounce</gx:flyToMode><Camera><longitude>139.962153</longitude><latitude>37.474051</latitude><altitude>300</altitude><heading>340.3</heading><tilt>60</tilt><altitudeMode>relativeToGround</altitudeMode></Camera></gx:FlyTo><gx:FlyTo><gx:duration>5.49</gx:duration><gx:flyToMode>smooth</gx:flyToMode><Camera><longitude>139.958997</longitude><latitude>37.481060</latitude><altitude>300</altitude><heading>18.9</heading><tilt>60</tilt><altitudeMode>relativeToGround</altitudeMode></Camera></gx:FlyTo><gx:FlyTo><gx:duration>5.49</gx:duration><gx:flyToMode>smooth</gx:flyToMode><Camera><longitude>139.960198</longitude><latitude>37.483850</latitude><altitude>300</altitude><heading>29.4</heading><tilt>60</tilt><altitudeMode>relativeToGround</altitudeMode></Camera></gx:FlyTo><gx:FlyTo><gx:duration>5.49</gx:duration><gx:flyToMode>smooth</gx:flyToMode><Camera><longitude>139.963331</longitude><latitude>37.488270</latitude><altitude>300</altitude><heading>351.7</heading><tilt>60</tilt><altitudeMode>relativeToGround</altitudeMode></Camera></gx:FlyTo><gx:FlyTo><gx:duration>5.49</gx:duration><gx:flyToMode>smooth</gx:flyToMode><Camera><longitude>139.962859</longitude><latitude>37.490845</latitude><altitude>300</altitude><heading>100.1</heading><tilt>60</tilt><altitudeMode>relativeToGround</altitudeMode></Camera></gx:FlyTo><gx:FlyTo><gx:duration>5.49</gx:duration><gx:flyToMode>smooth</gx:flyToMode><Camera><longitude>139.968910</longitude><latitude>37.489986</latitude><altitude>300</altitude><heading>162.2</heading><tilt>60</tilt><altitudeMode>relativeToGround</altitudeMode></Camera></gx:FlyTo><gx:FlyTo><gx:duration>5.49</gx:duration><gx:flyToMode>smooth</gx:flyToMode><Camera><longitude>139.970713</longitude><latitude>37.485523</latitude><altitude>300</altitude><heading>125.5</heading><tilt>60</tilt><altitudeMode>relativeToGround</altitudeMode></Camera></gx:FlyTo><gx:FlyTo><gx:duration>5.49</gx:duration><gx:flyToMode>smooth</gx:flyToMode><Camera><longitude>139.976249</longitude><latitude>37.482390</latitude><altitude>300</altitude><heading>354.1</heading><tilt>60</tilt><altitudeMode>relativeToGround</altitudeMode></Camera></gx:FlyTo><gx:FlyTo><gx:duration>5.49</gx:duration><gx:flyToMode>smooth</gx:flyToMode><Camera><longitude>139.975734</longitude><latitude>37.486339</latitude><altitude>300</altitude><heading>139.4</heading><tilt>60</tilt><altitudeMode>relativeToGround</altitudeMode></Camera></gx:FlyTo><gx:FlyTo><gx:duration>5.49</gx:duration><gx:flyToMode>smooth</gx:flyToMode><Camera><longitude>139.982214</longitude><latitude>37.480330</latitude><altitude>300</altitude><heading>168.7</heading><tilt>60</tilt><altitudeMode>relativeToGround</altitudeMode></Camera></gx:FlyTo><gx:FlyTo><gx:duration>5.49</gx:duration><gx:flyToMode>smooth</gx:flyToMode><Camera><longitude>139.983630</longitude><latitude>37.474709</latitude><altitude>300</altitude><heading>140.1</heading><tilt>60</tilt><altitudeMode>relativeToGround</altitudeMode></Camera></gx:FlyTo><gx:FlyTo><gx:duration>5.49</gx:duration><gx:flyToMode>smooth</gx:flyToMode><Camera><longitude>139.991226</longitude><latitude>37.467499</latitude><altitude>300</altitude><heading>166.6</heading><tilt>60</tilt><altitudeMode>relativeToGround</altitudeMode></Camera></gx:FlyTo><gx:FlyTo><gx:duration>5.49</gx:duration><gx:flyToMode>smooth</gx:flyToMode><Camera><longitude>139.993587</longitude><latitude>37.459645</latitude><altitude>300</altitude><heading>109.9</heading><tilt>60</tilt><altitudeMode>relativeToGround</altitudeMode></Camera></gx:FlyTo><gx:FlyTo><gx:duration>5.49</gx:duration><gx:flyToMode>smooth</gx:flyToMode><Camera><longitude>139.997921</longitude><latitude>37.458401</latitude><altitude>300</altitude><heading>92.0</heading><tilt>60</tilt><altitudeMode>relativeToGround</altitudeMode></Camera></gx:FlyTo><gx:FlyTo><gx:duration>5.49</gx:duration><gx:flyToMode>smooth</gx:flyToMode><Camera><longitude>140.002513</longitude><latitude>37.458272</latitude><altitude>300</altitude><heading>133.8</heading><tilt>60</tilt><altitudeMode>relativeToGround</altitudeMode></Camera></gx:FlyTo><gx:FlyTo><gx:duration>5.49</gx:duration><gx:flyToMode>smooth</gx:flyToMode><Camera><longitude>140.008779</longitude><latitude>37.453508</latitude><altitude>300</altitude><heading>71.9</heading><tilt>60</tilt><altitudeMode>relativeToGround</altitudeMode></Camera></gx:FlyTo><gx:FlyTo><gx:duration>5.49</gx:duration><gx:flyToMode>smooth</gx:flyToMode><Camera><longitude>140.016890</longitude><latitude>37.455611</latitude><altitude>300</altitude><heading>162.8</heading><tilt>60</tilt><altitudeMode>relativeToGround</altitudeMode></Camera></gx:FlyTo><gx:FlyTo><gx:duration>5.49</gx:duration><gx:flyToMode>smooth</gx:flyToMode><Camera><longitude>140.020108</longitude><latitude>37.447371</latitude><altitude>300</altitude><heading>173.7</heading><tilt>60</tilt><altitudeMode>relativeToGround</altitudeMode></Camera></gx:FlyTo><gx:FlyTo><gx:duration>5.49</gx:duration><gx:flyToMode>smooth</gx:flyToMode><Camera><longitude>140.021353</longitude><latitude>37.438359</latitude><altitude>300</altitude><heading>157.7</heading><tilt>60</tilt><altitudeMode>relativeToGround</altitudeMode></Camera></gx:FlyTo><gx:FlyTo><gx:duration>5.49</gx:duration><gx:flyToMode>smooth</gx:flyToMode><Camera><longitude>140.026245</longitude><latitude>37.428875</latitude><altitude>300</altitude><heading>135.2</heading><tilt>60</tilt><altitudeMode>relativeToGround</altitudeMode></Camera></gx:FlyTo><gx:FlyTo><gx:duration>5.49</gx:duration><gx:flyToMode>smooth</gx:flyToMode><Camera><longitude>140.035043</longitude><latitude>37.421837</latitude><altitude>300</altitude><heading>132.5</heading><tilt>60</tilt><altitudeMode>relativeToGround</altitudeMode></Camera></gx:FlyTo><gx:FlyTo><gx:duration>5.49</gx:duration><gx:flyToMode>smooth</gx:flyToMode><Camera><longitude>140.043712</longitude><latitude>37.415528</latitude><altitude>300</altitude><heading>115.0</heading><tilt>60</tilt><altitudeMode>relativeToGround</altitudeMode></Camera></gx:FlyTo><gx:FlyTo><gx:duration>5.49</gx:duration><gx:flyToMode>smooth</gx:flyToMode><Camera><longitude>140.054741</longitude><latitude>37.411451</latitude><altitude>300</altitude><heading>117.9</heading><tilt>60</tilt><altitudeMode>relativeToGround</altitudeMode></Camera></gx:FlyTo><gx:FlyTo><gx:duration>5.49</gx:duration><gx:flyToMode>smooth</gx:flyToMode><Camera><longitude>140.064526</longitude><latitude>37.407331</latitude><altitude>300</altitude><heading>140.1</heading><tilt>60</tilt><altitudeMode>relativeToGround</altitudeMode></Camera></gx:FlyTo><gx:FlyTo><gx:duration>5.49</gx:duration><gx:flyToMode>smooth</gx:flyToMode><Camera><longitude>140.070705</longitude><latitude>37.401452</latitude><altitude>300</altitude><heading>138.3</heading><tilt>60</tilt><altitudeMode>relativeToGround</altitudeMode></Camera></gx:FlyTo><gx:FlyTo><gx:duration>5.49</gx:duration><gx:flyToMode>smooth</gx:flyToMode><Camera><longitude>140.077829</longitude><latitude>37.395101</latitude><altitude>300</altitude><heading>139.6</heading><tilt>60</tilt><altitudeMode>relativeToGround</altitudeMode></Camera></gx:FlyTo><gx:FlyTo><gx:duration>5.49</gx:duration><gx:flyToMode>smooth</gx:flyToMode><Camera><longitude>140.085082</longitude><latitude>37.388320</latitude><altitude>300</altitude><heading>174.7</heading><tilt>60</tilt><altitudeMode>relativeToGround</altitudeMode></Camera></gx:FlyTo><gx:FlyTo><gx:duration>5.49</gx:duration><gx:flyToMode>smooth</gx:flyToMode><Camera><longitude>140.086026</longitude><latitude>37.380166</latitude><altitude>300</altitude><heading>194.8</heading><tilt>60</tilt><altitudeMode>relativeToGround</altitudeMode></Camera></gx:FlyTo><gx:FlyTo><gx:duration>5.49</gx:duration><gx:flyToMode>smooth</gx:flyToMode><Camera><longitude>140.082936</longitude><latitude>37.370896</latitude><altitude>300</altitude><heading>177.1</heading><tilt>60</tilt><altitudeMode>relativeToGround</altitudeMode></Camera></gx:FlyTo><gx:FlyTo><gx:duration>5.49</gx:duration><gx:flyToMode>smooth</gx:flyToMode><Camera><longitude>140.083494</longitude><latitude>37.362185</latitude><altitude>300</altitude><heading>155.3</heading><tilt>60</tilt><altitudeMode>relativeToGround</altitudeMode></Camera></gx:FlyTo><gx:FlyTo><gx:duration>5.49</gx:duration><gx:flyToMode>smooth</gx:flyToMode><Camera><longitude>140.088172</longitude><latitude>37.354116</latitude><altitude>300</altitude><heading>189.8</heading><tilt>60</tilt><altitudeMode>relativeToGround</altitudeMode></Camera></gx:FlyTo><gx:FlyTo><gx:duration>5.49</gx:duration><gx:flyToMode>smooth</gx:flyToMode><Camera><longitude>140.086112</longitude><latitude>37.344675</latitude><altitude>300</altitude><heading>194.8</heading><tilt>60</tilt><altitudeMode>relativeToGround</altitudeMode></Camera></gx:FlyTo><gx:FlyTo><gx:duration>5.49</gx:duration><gx:flyToMode>smooth</gx:flyToMode><Camera><longitude>140.083408</longitude><latitude>37.336564</latitude><altitude>300</altitude><heading>176.7</heading><tilt>60</tilt><altitudeMode>relativeToGround</altitudeMode></Camera></gx:FlyTo><gx:FlyTo><gx:duration>5.49</gx:duration><gx:flyToMode>smooth</gx:flyToMode><Camera><longitude>140.083923</longitude><latitude>37.329483</latitude><altitude>300</altitude><heading>219.2</heading><tilt>60</tilt><altitudeMode>relativeToGround</altitudeMode></Camera></gx:FlyTo><gx:FlyTo><gx:duration>5.49</gx:duration><gx:flyToMode>smooth</gx:flyToMode><Camera><longitude>140.078430</longitude><latitude>37.324119</latitude><altitude>300</altitude><heading>161.5</heading><tilt>60</tilt><altitudeMode>relativeToGround</altitudeMode></Camera></gx:FlyTo><gx:FlyTo><gx:duration>5.49</gx:duration><gx:flyToMode>smooth</gx:flyToMode><Camera><longitude>140.081348</longitude><latitude>37.317166</latitude><altitude>300</altitude><heading>162.2</heading><tilt>60</tilt><altitudeMode>relativeToGround</altitudeMode></Camera></gx:FlyTo><gx:FlyTo><gx:duration>5.49</gx:duration><gx:flyToMode>smooth</gx:flyToMode><Camera><longitude>140.083795</longitude><latitude>37.311115</latitude><altitude>300</altitude><heading>197.2</heading><tilt>60</tilt><altitudeMode>relativeToGround</altitudeMode></Camera></gx:FlyTo><gx:FlyTo><gx:duration>5.49</gx:duration><gx:flyToMode>smooth</gx:flyToMode><Camera><longitude>140.080490</longitude><latitude>37.302618</latitude><altitude>300</altitude><heading>235.9</heading><tilt>60</tilt><altitudeMode>relativeToGround</altitudeMode></Camera></gx:FlyTo><gx:FlyTo><gx:duration>5.49</gx:duration><gx:flyToMode>smooth</gx:flyToMode><Camera><longitude>140.070620</longitude><latitude>37.297297</latitude><altitude>300</altitude><heading>202.9</heading><tilt>60</tilt><altitudeMode>relativeToGround</altitudeMode></Camera></gx:FlyTo><gx:FlyTo><gx:duration>5.49</gx:duration><gx:flyToMode>smooth</gx:flyToMode><Camera><longitude>140.066285</longitude><latitude>37.289143</latitude><altitude>300</altitude><heading>202.6</heading><tilt>60</tilt><altitudeMode>relativeToGround</altitudeMode></Camera></gx:FlyTo><gx:FlyTo><gx:duration>5.49</gx:duration><gx:flyToMode>smooth</gx:flyToMode><Camera><longitude>140.061736</longitude><latitude>37.280431</latitude><altitude>300</altitude><heading>126.4</heading><tilt>60</tilt><altitudeMode>relativeToGround</altitudeMode></Camera></gx:FlyTo><gx:FlyTo><gx:duration>5.49</gx:duration><gx:flyToMode>smooth</gx:flyToMode><Camera><longitude>140.071306</longitude><latitude>37.274809</latitude><altitude>300</altitude><heading>150.4</heading><tilt>60</tilt><altitudeMode>relativeToGround</altitudeMode></Camera></gx:FlyTo><gx:FlyTo><gx:duration>5.49</gx:duration><gx:flyToMode>smooth</gx:flyToMode><Camera><longitude>140.075169</longitude><latitude>37.269402</latitude><altitude>300</altitude><heading>162.3</heading><tilt>60</tilt><altitudeMode>relativeToGround</altitudeMode></Camera></gx:FlyTo><gx:FlyTo><gx:duration>5.49</gx:duration><gx:flyToMode>smooth</gx:flyToMode><Camera><longitude>140.076928</longitude><latitude>37.265024</latitude><altitude>300</altitude><heading>197.5</heading><tilt>60</tilt><altitudeMode>relativeToGround</altitudeMode></Camera></gx:FlyTo><gx:FlyTo><gx:duration>5.49</gx:duration><gx:flyToMode>smooth</gx:flyToMode><Camera><longitude>140.073881</longitude><latitude>37.257342</latitude><altitude>300</altitude><heading>209.7</heading><tilt>60</tilt><altitudeMode>relativeToGround</altitudeMode></Camera></gx:FlyTo><gx:FlyTo><gx:duration>5.49</gx:duration><gx:flyToMode>smooth</gx:flyToMode><Camera><longitude>140.068903</longitude><latitude>37.250390</latitude><altitude>300</altitude><heading>223.5</heading><tilt>60</tilt><altitudeMode>relativeToGround</altitudeMode></Camera></gx:FlyTo><gx:FlyTo><gx:duration>5.49</gx:duration><gx:flyToMode>smooth</gx:flyToMode><Camera><longitude>140.061436</longitude><latitude>37.244124</latitude><altitude>300</altitude><heading>154.5</heading><tilt>60</tilt><altitudeMode>relativeToGround</altitudeMode></Camera></gx:FlyTo><gx:FlyTo><gx:duration>5.49</gx:duration><gx:flyToMode>smooth</gx:flyToMode><Camera><longitude>140.064397</longitude><latitude>37.239189</latitude><altitude>300</altitude><heading>95.0</heading><tilt>60</tilt><altitudeMode>relativeToGround</altitudeMode></Camera></gx:FlyTo><gx:FlyTo><gx:duration>5.49</gx:duration><gx:flyToMode>smooth</gx:flyToMode><Camera><longitude>140.069890</longitude><latitude>37.238803</latitude><altitude>300</altitude><heading>146.2</heading><tilt>60</tilt><altitudeMode>relativeToGround</altitudeMode></Camera></gx:FlyTo><gx:FlyTo><gx:duration>5.49</gx:duration><gx:flyToMode>smooth</gx:flyToMode><Camera><longitude>140.075812</longitude><latitude>37.231765</latitude><altitude>300</altitude><heading>130.7</heading><tilt>60</tilt><altitudeMode>relativeToGround</altitudeMode></Camera></gx:FlyTo><gx:FlyTo><gx:duration>5.49</gx:duration><gx:flyToMode>smooth</gx:flyToMode><Camera><longitude>140.085211</longitude><latitude>37.225327</latitude><altitude>300</altitude><heading>111.6</heading><tilt>60</tilt><altitudeMode>relativeToGround</altitudeMode></Camera></gx:FlyTo><gx:FlyTo><gx:duration>5.49</gx:duration><gx:flyToMode>smooth</gx:flyToMode><Camera><longitude>140.093365</longitude><latitude>37.222753</latitude><altitude>300</altitude><heading>160.0</heading><tilt>60</tilt><altitudeMode>relativeToGround</altitudeMode></Camera></gx:FlyTo><gx:FlyTo><gx:duration>5.49</gx:duration><gx:flyToMode>smooth</gx:flyToMode><Camera><longitude>140.096412</longitude><latitude>37.216101</latitude><altitude>300</altitude><heading>146.5</heading><tilt>60</tilt><altitudeMode>relativeToGround</altitudeMode></Camera></gx:FlyTo><gx:FlyTo><gx:duration>5.49</gx:duration><gx:flyToMode>smooth</gx:flyToMode><Camera><longitude>140.098944</longitude><latitude>37.213054</latitude><altitude>300</altitude><heading>170.7</heading><tilt>60</tilt><altitudeMode>relativeToGround</altitudeMode></Camera></gx:FlyTo><gx:FlyTo><gx:duration>5.49</gx:duration><gx:flyToMode>smooth</gx:flyToMode><Camera><longitude>140.100360</longitude><latitude>37.206144</latitude><altitude>300</altitude><heading>101.5</heading><tilt>60</tilt><altitudeMode>relativeToGround</altitudeMode></Camera></gx:FlyTo><gx:FlyTo><gx:duration>5.49</gx:duration><gx:flyToMode>smooth</gx:flyToMode><Camera><longitude>140.110960</longitude><latitude>37.204428</latitude><altitude>300</altitude><heading>108.5</heading><tilt>60</tilt><altitudeMode>relativeToGround</altitudeMode></Camera></gx:FlyTo><gx:FlyTo><gx:duration>5.49</gx:duration><gx:flyToMode>smooth</gx:flyToMode><Camera><longitude>140.119672</longitude><latitude>37.202110</latitude><altitude>300</altitude><heading>133.4</heading><tilt>60</tilt><altitudeMode>relativeToGround</altitudeMode></Camera></gx:FlyTo><gx:FlyTo><gx:duration>5.49</gx:duration><gx:flyToMode>smooth</gx:flyToMode><Camera><longitude>140.127525</longitude><latitude>37.196188</latitude><altitude>300</altitude><heading>137.7</heading><tilt>60</tilt><altitudeMode>relativeToGround</altitudeMode></Camera></gx:FlyTo><gx:FlyTo><gx:duration>5.49</gx:duration><gx:flyToMode>smooth</gx:flyToMode><Camera><longitude>140.134435</longitude><latitude>37.190137</latitude><altitude>300</altitude><heading>129.4</heading><tilt>60</tilt><altitudeMode>relativeToGround</altitudeMode></Camera></gx:FlyTo><gx:FlyTo><gx:duration>5.49</gx:duration><gx:flyToMode>smooth</gx:flyToMode><Camera><longitude>140.143490</longitude><latitude>37.184215</latitude><altitude>300</altitude><heading>138.0</heading><tilt>60</tilt><altitudeMode>relativeToGround</altitudeMode></Camera></gx:FlyTo><gx:FlyTo><gx:duration>5.49</gx:duration><gx:flyToMode>smooth</gx:flyToMode><Camera><longitude>140.151043</longitude><latitude>37.177520</latitude><altitude>300</altitude><heading>135.0</heading><tilt>60</tilt><altitudeMode>relativeToGround</altitudeMode></Camera></gx:FlyTo><gx:FlyTo><gx:duration>5.49</gx:duration><gx:flyToMode>smooth</gx:flyToMode><Camera><longitude>140.158682</longitude><latitude>37.171426</latitude><altitude>300</altitude><heading>204.0</heading><tilt>60</tilt><altitudeMode>relativeToGround</altitudeMode></Camera></gx:FlyTo><gx:FlyTo><gx:duration>5.49</gx:duration><gx:flyToMode>smooth</gx:flyToMode><Camera><longitude>140.154219</longitude><latitude>37.163444</latitude><altitude>300</altitude><heading>277.5</heading><tilt>60</tilt><altitudeMode>relativeToGround</altitudeMode></Camera></gx:FlyTo><gx:FlyTo><gx:duration>5.49</gx:duration><gx:flyToMode>smooth</gx:flyToMode><Camera><longitude>140.144348</longitude><latitude>37.164474</latitude><altitude>300</altitude><heading>207.9</heading><tilt>60</tilt><altitudeMode>relativeToGround</altitudeMode></Camera></gx:FlyTo><gx:FlyTo><gx:duration>5.49</gx:duration><gx:flyToMode>smooth</gx:flyToMode><Camera><longitude>140.139413</longitude><latitude>37.157049</latitude><altitude>300</altitude><heading>193.7</heading><tilt>60</tilt><altitudeMode>relativeToGround</altitudeMode></Camera></gx:FlyTo><gx:FlyTo><gx:duration>5.49</gx:duration><gx:flyToMode>smooth</gx:flyToMode><Camera><longitude>140.137010</longitude><latitude>37.149196</latitude><altitude>300</altitude><heading>278.8</heading><tilt>60</tilt><altitudeMode>relativeToGround</altitudeMode></Camera></gx:FlyTo><gx:FlyTo><gx:duration>5.49</gx:duration><gx:flyToMode>smooth</gx:flyToMode><Camera><longitude>140.129328</longitude><latitude>37.150140</latitude><altitude>300</altitude><heading>284.1</heading><tilt>60</tilt><altitudeMode>relativeToGround</altitudeMode></Camera></gx:FlyTo><gx:FlyTo><gx:duration>5.49</gx:duration><gx:flyToMode>smooth</gx:flyToMode><Camera><longitude>140.118599</longitude><latitude>37.152286</latitude><altitude>300</altitude><heading>281.5</heading><tilt>60</tilt><altitudeMode>relativeToGround</altitudeMode></Camera></gx:FlyTo><gx:FlyTo><gx:duration>5.49</gx:duration><gx:flyToMode>smooth</gx:flyToMode><Camera><longitude>140.109029</longitude><latitude>37.153831</latitude><altitude>300</altitude><heading>286.0</heading><tilt>60</tilt><altitudeMode>relativeToGround</altitudeMode></Camera></gx:FlyTo><gx:FlyTo><gx:duration>5.49</gx:duration><gx:flyToMode>smooth</gx:flyToMode><Camera><longitude>140.097957</longitude><latitude>37.156363</latitude><altitude>300</altitude><heading>307.5</heading><tilt>60</tilt><altitudeMode>relativeToGround</altitudeMode></Camera></gx:FlyTo><gx:FlyTo><gx:duration>5.49</gx:duration><gx:flyToMode>smooth</gx:flyToMode><Camera><longitude>140.088987</longitude><latitude>37.161856</latitude><altitude>300</altitude><heading>293.7</heading><tilt>60</tilt><altitudeMode>relativeToGround</altitudeMode></Camera></gx:FlyTo><gx:FlyTo><gx:duration>5.49</gx:duration><gx:flyToMode>smooth</gx:flyToMode><Camera><longitude>140.078216</longitude><latitude>37.165632</latitude><altitude>300</altitude><heading>278.8</heading><tilt>60</tilt><altitudeMode>relativeToGround</altitudeMode></Camera></gx:FlyTo><gx:FlyTo><gx:duration>5.49</gx:duration><gx:flyToMode>smooth</gx:flyToMode><Camera><longitude>140.065985</longitude><latitude>37.167134</latitude><altitude>300</altitude><heading>299.8</heading><tilt>60</tilt><altitudeMode>relativeToGround</altitudeMode></Camera></gx:FlyTo><gx:FlyTo><gx:duration>5.49</gx:duration><gx:flyToMode>smooth</gx:flyToMode><Camera><longitude>140.056372</longitude><latitude>37.171512</latitude><altitude>300</altitude><heading>289.8</heading><tilt>60</tilt><altitudeMode>relativeToGround</altitudeMode></Camera></gx:FlyTo><gx:FlyTo><gx:duration>5.49</gx:duration><gx:flyToMode>smooth</gx:flyToMode><Camera><longitude>140.045428</longitude><latitude>37.174644</latitude><altitude>300</altitude><heading>258.4</heading><tilt>60</tilt><altitudeMode>relativeToGround</altitudeMode></Camera></gx:FlyTo><gx:FlyTo><gx:duration>5.49</gx:duration><gx:flyToMode>smooth</gx:flyToMode><Camera><longitude>140.034914</longitude><latitude>37.172928</latitude><altitude>300</altitude><heading>219.4</heading><tilt>60</tilt><altitudeMode>relativeToGround</altitudeMode></Camera></gx:FlyTo><gx:FlyTo><gx:duration>5.49</gx:duration><gx:flyToMode>smooth</gx:flyToMode><Camera><longitude>140.029464</longitude><latitude>37.167649</latitude><altitude>300</altitude><heading>234.9</heading><tilt>60</tilt><altitudeMode>relativeToGround</altitudeMode></Camera></gx:FlyTo><gx:FlyTo><gx:duration>5.49</gx:duration><gx:flyToMode>smooth</gx:flyToMode><Camera><longitude>140.024014</longitude><latitude>37.164602</latitude><altitude>300</altitude><heading>217.8</heading><tilt>60</tilt><altitudeMode>relativeToGround</altitudeMode></Camera></gx:FlyTo><gx:FlyTo><gx:duration>5.49</gx:duration><gx:flyToMode>smooth</gx:flyToMode><Camera><longitude>140.019464</longitude><latitude>37.159925</latitude><altitude>300</altitude><heading>206.5</heading><tilt>60</tilt><altitudeMode>relativeToGround</altitudeMode></Camera></gx:FlyTo><gx:FlyTo><gx:duration>5.49</gx:duration><gx:flyToMode>smooth</gx:flyToMode><Camera><longitude>140.016589</longitude><latitude>37.155333</latitude><altitude>300</altitude><heading>183.7</heading><tilt>60</tilt><altitudeMode>relativeToGround</altitudeMode></Camera></gx:FlyTo><gx:FlyTo><gx:duration>5.49</gx:duration><gx:flyToMode>smooth</gx:flyToMode><Camera><longitude>140.015988</longitude><latitude>37.147865</latitude><altitude>300</altitude><heading>206.5</heading><tilt>60</tilt><altitudeMode>relativeToGround</altitudeMode></Camera></gx:FlyTo><gx:FlyTo><gx:duration>5.49</gx:duration><gx:flyToMode>smooth</gx:flyToMode><Camera><longitude>140.013542</longitude><latitude>37.143960</latitude><altitude>300</altitude><heading>217.5</heading><tilt>60</tilt><altitudeMode>relativeToGround</altitudeMode></Camera></gx:FlyTo><gx:FlyTo><gx:duration>5.49</gx:duration><gx:flyToMode>smooth</gx:flyToMode><Camera><longitude>140.011311</longitude><latitude>37.141643</latitude><altitude>300</altitude><heading>126.8</heading><tilt>60</tilt><altitudeMode>relativeToGround</altitudeMode></Camera></gx:FlyTo><gx:FlyTo><gx:duration>5.49</gx:duration><gx:flyToMode>smooth</gx:flyToMode><Camera><longitude>140.018649</longitude><latitude>37.137265</latitude><altitude>300</altitude><heading>175.2</heading><tilt>60</tilt><altitudeMode>relativeToGround</altitudeMode></Camera></gx:FlyTo><gx:FlyTo><gx:duration>5.49</gx:duration><gx:flyToMode>smooth</gx:flyToMode><Camera><longitude>140.019035</longitude><latitude>37.133617</latitude><altitude>300</altitude><heading>202.6</heading><tilt>60</tilt><altitudeMode>relativeToGround</altitudeMode></Camera></gx:FlyTo><gx:FlyTo><gx:duration>5.49</gx:duration><gx:flyToMode>smooth</gx:flyToMode><Camera><longitude>140.016000</longitude><latitude>37.127810</latitude><altitude>300</altitude><heading>196.3</heading><tilt>60</tilt><altitudeMode>relativeToGround</altitudeMode></Camera></gx:FlyTo><gx:FlyTo><gx:duration>5.49</gx:duration><gx:flyToMode>smooth</gx:flyToMode><Camera><longitude>140.014272</longitude><latitude>37.123103</latitude><altitude>300</altitude><heading>210.6</heading><tilt>60</tilt><altitudeMode>relativeToGround</altitudeMode></Camera></gx:FlyTo><gx:FlyTo><gx:duration>5.49</gx:duration><gx:flyToMode>smooth</gx:flyToMode><Camera><longitude>140.012169</longitude><latitude>37.120271</latitude><altitude>300</altitude><heading>227.1</heading><tilt>60</tilt><altitudeMode>relativeToGround</altitudeMode></Camera></gx:FlyTo><gx:FlyTo><gx:duration>5.49</gx:duration><gx:flyToMode>smooth</gx:flyToMode><Camera><longitude>140.006547</longitude><latitude>37.116108</latitude><altitude>300</altitude><heading>182.7</heading><tilt>60</tilt><altitudeMode>relativeToGround</altitudeMode></Camera></gx:FlyTo><gx:FlyTo><gx:duration>5.49</gx:duration><gx:flyToMode>smooth</gx:flyToMode><Camera><longitude>140.006332</longitude><latitude>37.112460</latitude><altitude>300</altitude><heading>251.3</heading><tilt>60</tilt><altitudeMode>relativeToGround</altitudeMode></Camera></gx:FlyTo><gx:FlyTo><gx:duration>5.49</gx:duration><gx:flyToMode>smooth</gx:flyToMode><Camera><longitude>140.000995</longitude><latitude>37.111020</latitude><altitude>300</altitude><heading>189.9</heading><tilt>60</tilt><altitudeMode>relativeToGround</altitudeMode></Camera></gx:FlyTo><gx:FlyTo><gx:duration>5.49</gx:duration><gx:flyToMode>smooth</gx:flyToMode><Camera><longitude>139.999766</longitude><latitude>37.105379</latitude><altitude>300</altitude><heading>159.0</heading><tilt>60</tilt><altitudeMode>relativeToGround</altitudeMode></Camera></gx:FlyTo><gx:FlyTo><gx:duration>5.49</gx:duration><gx:flyToMode>smooth</gx:flyToMode><Camera><longitude>140.003629</longitude><latitude>37.097354</latitude><altitude>300</altitude><heading>197.8</heading><tilt>60</tilt><altitudeMode>relativeToGround</altitudeMode></Camera></gx:FlyTo><gx:FlyTo><gx:duration>5.49</gx:duration><gx:flyToMode>smooth</gx:flyToMode><Camera><longitude>140.002384</longitude><latitude>37.094264</latitude><altitude>300</altitude><heading>147.2</heading><tilt>60</tilt><altitudeMode>relativeToGround</altitudeMode></Camera></gx:FlyTo><gx:FlyTo><gx:duration>5.49</gx:duration><gx:flyToMode>smooth</gx:flyToMode><Camera><longitude>140.007234</longitude><latitude>37.088256</latitude><altitude>300</altitude><heading>144.5</heading><tilt>60</tilt><altitudeMode>relativeToGround</altitudeMode></Camera></gx:FlyTo><gx:FlyTo><gx:duration>5.49</gx:duration><gx:flyToMode>smooth</gx:flyToMode><Camera><longitude>140.013113</longitude><latitude>37.081690</latitude><altitude>300</altitude><heading>180.2</heading><tilt>60</tilt><altitudeMode>relativeToGround</altitudeMode></Camera></gx:FlyTo><gx:FlyTo><gx:duration>5.49</gx:duration><gx:flyToMode>smooth</gx:flyToMode><Camera><longitude>140.013070</longitude><latitude>37.072334</latitude><altitude>300</altitude><heading>182.8</heading><tilt>60</tilt><altitudeMode>relativeToGround</altitudeMode></Camera></gx:FlyTo><gx:FlyTo><gx:duration>5.49</gx:duration><gx:flyToMode>smooth</gx:flyToMode><Camera><longitude>140.012512</longitude><latitude>37.063236</latitude><altitude>300</altitude><heading>174.9</heading><tilt>60</tilt><altitudeMode>relativeToGround</altitudeMode></Camera></gx:FlyTo><gx:FlyTo><gx:duration>5.49</gx:duration><gx:flyToMode>smooth</gx:flyToMode><Camera><longitude>140.013526</longitude><latitude>37.054256</latitude><altitude>300</altitude><heading>181.4</heading><tilt>60</tilt><altitudeMode>relativeToGround</altitudeMode></Camera></gx:FlyTo><gx:FlyTo><gx:duration>5.49</gx:duration><gx:flyToMode>smooth</gx:flyToMode><Camera><longitude>140.013242</longitude><latitude>37.044826</latitude><altitude>300</altitude><heading>244.2</heading><tilt>60</tilt><altitudeMode>relativeToGround</altitudeMode></Camera></gx:FlyTo><gx:FlyTo><gx:duration>5.49</gx:duration><gx:flyToMode>smooth</gx:flyToMode><Camera><longitude>140.005131</longitude><latitude>37.041693</latitude><altitude>300</altitude><heading>252.8</heading><tilt>60</tilt><altitudeMode>relativeToGround</altitudeMode></Camera></gx:FlyTo><gx:FlyTo><gx:duration>5.49</gx:duration><gx:flyToMode>smooth</gx:flyToMode><Camera><longitude>139.992256</longitude><latitude>37.038517</latitude><altitude>300</altitude><heading>210.6</heading><tilt>60</tilt><altitudeMode>relativeToGround</altitudeMode></Camera></gx:FlyTo><gx:FlyTo><gx:duration>5.49</gx:duration><gx:flyToMode>smooth</gx:flyToMode><Camera><longitude>139.986248</longitude><latitude>37.030406</latitude><altitude>300</altitude><heading>231.7</heading><tilt>60</tilt><altitudeMode>relativeToGround</altitudeMode></Camera></gx:FlyTo><gx:FlyTo><gx:duration>5.49</gx:duration><gx:flyToMode>smooth</gx:flyToMode><Camera><longitude>139.976249</longitude><latitude>37.024097</latitude><altitude>300</altitude><heading>227.6</heading><tilt>60</tilt><altitudeMode>relativeToGround</altitudeMode></Camera></gx:FlyTo><gx:FlyTo><gx:duration>5.49</gx:duration><gx:flyToMode>smooth</gx:flyToMode><Camera><longitude>139.966464</longitude><latitude>37.016973</latitude><altitude>300</altitude><heading>230.5</heading><tilt>60</tilt><altitudeMode>relativeToGround</altitudeMode></Camera></gx:FlyTo><gx:FlyTo><gx:duration>5.49</gx:duration><gx:flyToMode>smooth</gx:flyToMode><Camera><longitude>139.957924</longitude><latitude>37.011352</latitude><altitude>300</altitude><heading>257.2</heading><tilt>60</tilt><altitudeMode>relativeToGround</altitudeMode></Camera></gx:FlyTo><gx:FlyTo><gx:duration>5.49</gx:duration><gx:flyToMode>smooth</gx:flyToMode><Camera><longitude>139.946594</longitude><latitude>37.009292</latitude><altitude>300</altitude><heading>189.7</heading><tilt>60</tilt><altitudeMode>relativeToGround</altitudeMode></Camera></gx:FlyTo><gx:FlyTo><gx:duration>5.49</gx:duration><gx:flyToMode>smooth</gx:flyToMode><Camera><longitude>139.944749</longitude><latitude>37.000666</latitude><altitude>300</altitude><heading>200.0</heading><tilt>60</tilt><altitudeMode>relativeToGround</altitudeMode></Camera></gx:FlyTo><gx:FlyTo><gx:duration>5.49</gx:duration><gx:flyToMode>smooth</gx:flyToMode><Camera><longitude>139.941015</longitude><latitude>36.992469</latitude><altitude>300</altitude><heading>217.9</heading><tilt>60</tilt><altitudeMode>relativeToGround</altitudeMode></Camera></gx:FlyTo><gx:FlyTo><gx:duration>5.49</gx:duration><gx:flyToMode>smooth</gx:flyToMode><Camera><longitude>139.933290</longitude><latitude>36.984529</latitude><altitude>300</altitude><heading>205.9</heading><tilt>60</tilt><altitudeMode>relativeToGround</altitudeMode></Camera></gx:FlyTo><gx:FlyTo><gx:duration>5.49</gx:duration><gx:flyToMode>smooth</gx:flyToMode><Camera><longitude>139.928226</longitude><latitude>36.976204</latitude><altitude>300</altitude><heading>208.7</heading><tilt>60</tilt><altitudeMode>relativeToGround</altitudeMode></Camera></gx:FlyTo><gx:FlyTo><gx:duration>5.49</gx:duration><gx:flyToMode>smooth</gx:flyToMode><Camera><longitude>139.922690</longitude><latitude>36.968136</latitude><altitude>300</altitude><heading>235.1</heading><tilt>60</tilt><altitudeMode>relativeToGround</altitudeMode></Camera></gx:FlyTo><gx:FlyTo><gx:duration>5.49</gx:duration><gx:flyToMode>smooth</gx:flyToMode><Camera><longitude>139.912906</longitude><latitude>36.962686</latitude><altitude>300</altitude><heading>232.5</heading><tilt>60</tilt><altitudeMode>relativeToGround</altitudeMode></Camera></gx:FlyTo><gx:FlyTo><gx:duration>5.49</gx:duration><gx:flyToMode>smooth</gx:flyToMode><Camera><longitude>139.903893</longitude><latitude>36.957150</latitude><altitude>300</altitude><heading>258.8</heading><tilt>60</tilt><altitudeMode>relativeToGround</altitudeMode></Camera></gx:FlyTo><gx:FlyTo><gx:duration>5.49</gx:duration><gx:flyToMode>smooth</gx:flyToMode><Camera><longitude>139.895225</longitude><latitude>36.955776</latitude><altitude>300</altitude><heading>245.3</heading><tilt>60</tilt><altitudeMode>relativeToGround</altitudeMode></Camera></gx:FlyTo><gx:FlyTo><gx:duration>5.49</gx:duration><gx:flyToMode>smooth</gx:flyToMode><Camera><longitude>139.886942</longitude><latitude>36.952729</latitude><altitude>300</altitude><heading>316.3</heading><tilt>60</tilt><altitudeMode>relativeToGround</altitudeMode></Camera></gx:FlyTo><gx:FlyTo><gx:duration>5.49</gx:duration><gx:flyToMode>smooth</gx:flyToMode><Camera><longitude>139.879131</longitude><latitude>36.959252</latitude><altitude>300</altitude><heading>319.9</heading><tilt>60</tilt><altitudeMode>relativeToGround</altitudeMode></Camera></gx:FlyTo><gx:FlyTo><gx:duration>5.49</gx:duration><gx:flyToMode>smooth</gx:flyToMode><Camera><longitude>139.872479</longitude><latitude>36.965561</latitude><altitude>300</altitude><heading>258.5</heading><tilt>60</tilt><altitudeMode>relativeToGround</altitudeMode></Camera></gx:FlyTo><gx:FlyTo><gx:duration>5.49</gx:duration><gx:flyToMode>smooth</gx:flyToMode><Camera><longitude>139.853940</longitude><latitude>36.962557</latitude><altitude>300</altitude><heading>273.6</heading><tilt>60</tilt><altitudeMode>relativeToGround</altitudeMode></Camera></gx:FlyTo><gx:FlyTo><gx:duration>5.49</gx:duration><gx:flyToMode>smooth</gx:flyToMode><Camera><longitude>139.843554</longitude><latitude>36.963072</latitude><altitude>300</altitude><heading>311.7</heading><tilt>60</tilt><altitudeMode>relativeToGround</altitudeMode></Camera></gx:FlyTo><gx:FlyTo><gx:duration>5.49</gx:duration><gx:flyToMode>smooth</gx:flyToMode><Camera><longitude>139.836688</longitude><latitude>36.967964</latitude><altitude>300</altitude><heading>256.4</heading><tilt>60</tilt><altitudeMode>relativeToGround</altitudeMode></Camera></gx:FlyTo><gx:FlyTo><gx:duration>5.49</gx:duration><gx:flyToMode>smooth</gx:flyToMode><Camera><longitude>139.828019</longitude><latitude>36.966290</latitude><altitude>300</altitude><heading>295.4</heading><tilt>60</tilt><altitudeMode>relativeToGround</altitudeMode></Camera></gx:FlyTo><gx:FlyTo><gx:duration>5.49</gx:duration><gx:flyToMode>smooth</gx:flyToMode><Camera><longitude>139.819436</longitude><latitude>36.969552</latitude><altitude>300</altitude><heading>311.6</heading><tilt>60</tilt><altitudeMode>relativeToGround</altitudeMode></Camera></gx:FlyTo><gx:FlyTo><gx:duration>5.49</gx:duration><gx:flyToMode>smooth</gx:flyToMode><Camera><longitude>139.810424</longitude><latitude>36.975946</latitude><altitude>300</altitude><heading>281.7</heading><tilt>60</tilt><altitudeMode>relativeToGround</altitudeMode></Camera></gx:FlyTo><gx:FlyTo><gx:duration>5.49</gx:duration><gx:flyToMode>smooth</gx:flyToMode><Camera><longitude>139.799051</longitude><latitude>36.977835</latitude><altitude>300</altitude><heading>293.2</heading><tilt>60</tilt><altitudeMode>relativeToGround</altitudeMode></Camera></gx:FlyTo><gx:FlyTo><gx:duration>5.49</gx:duration><gx:flyToMode>smooth</gx:flyToMode><Camera><longitude>139.788022</longitude><latitude>36.981611</latitude><altitude>300</altitude><heading>246.0</heading><tilt>60</tilt><altitudeMode>relativeToGround</altitudeMode></Camera></gx:FlyTo><gx:FlyTo><gx:duration>5.49</gx:duration><gx:flyToMode>smooth</gx:flyToMode><Camera><longitude>139.780426</longitude><latitude>36.978908</latitude><altitude>300</altitude><heading>257.2</heading><tilt>60</tilt><altitudeMode>relativeToGround</altitudeMode></Camera></gx:FlyTo><gx:FlyTo><gx:duration>5.49</gx:duration><gx:flyToMode>smooth</gx:flyToMode><Camera><longitude>139.773560</longitude><latitude>36.977663</latitude><altitude>300</altitude><heading>238.3</heading><tilt>60</tilt><altitudeMode>relativeToGround</altitudeMode></Camera></gx:FlyTo><gx:FlyTo><gx:duration>5.49</gx:duration><gx:flyToMode>smooth</gx:flyToMode><Camera><longitude>139.764419</longitude><latitude>36.973157</latitude><altitude>300</altitude><heading>218.9</heading><tilt>60</tilt><altitudeMode>relativeToGround</altitudeMode></Camera></gx:FlyTo><gx:FlyTo><gx:duration>5.49</gx:duration><gx:flyToMode>smooth</gx:flyToMode><Camera><longitude>139.759226</longitude><latitude>36.968007</latitude><altitude>300</altitude><heading>93.0</heading><tilt>60</tilt><altitudeMode>relativeToGround</altitudeMode></Camera></gx:FlyTo><gx:FlyTo><gx:duration>5.49</gx:duration><gx:flyToMode>smooth</gx:flyToMode><Camera><longitude>139.762273</longitude><latitude>36.967878</latitude><altitude>300</altitude><heading>125.5</heading><tilt>60</tilt><altitudeMode>relativeToGround</altitudeMode></Camera></gx:FlyTo><gx:FlyTo><gx:duration>5.49</gx:duration><gx:flyToMode>smooth</gx:flyToMode><Camera><longitude>139.771156</longitude><latitude>36.962814</latitude><altitude>300</altitude><heading>138.7</heading><tilt>60</tilt><altitudeMode>relativeToGround</altitudeMode></Camera></gx:FlyTo><gx:FlyTo><gx:duration>5.49</gx:duration><gx:flyToMode>smooth</gx:flyToMode><Camera><longitude>139.776864</longitude><latitude>36.957622</latitude><altitude>300</altitude><heading>176.9</heading><tilt>60</tilt><altitudeMode>relativeToGround</altitudeMode></Camera></gx:FlyTo><gx:FlyTo><gx:duration>5.49</gx:duration><gx:flyToMode>smooth</gx:flyToMode><Camera><longitude>139.777079</longitude><latitude>36.954403</latitude><altitude>300</altitude><heading>270.8</heading><tilt>60</tilt><altitudeMode>relativeToGround</altitudeMode></Camera></gx:FlyTo><gx:FlyTo><gx:duration>5.49</gx:duration><gx:flyToMode>smooth</gx:flyToMode><Camera><longitude>139.769011</longitude><latitude>36.954489</latitude><altitude>300</altitude><heading>254.7</heading><tilt>60</tilt><altitudeMode>relativeToGround</altitudeMode></Camera></gx:FlyTo><gx:FlyTo><gx:duration>5.49</gx:duration><gx:flyToMode>smooth</gx:flyToMode><Camera><longitude>139.759011</longitude><latitude>36.952300</latitude><altitude>300</altitude><heading>188.9</heading><tilt>60</tilt><altitudeMode>relativeToGround</altitudeMode></Camera></gx:FlyTo><gx:FlyTo><gx:duration>5.49</gx:duration><gx:flyToMode>smooth</gx:flyToMode><Camera><longitude>139.757338</longitude><latitude>36.943803</latitude><altitude>300</altitude><heading>237.2</heading><tilt>60</tilt><altitudeMode>relativeToGround</altitudeMode></Camera></gx:FlyTo><gx:FlyTo><gx:duration>5.49</gx:duration><gx:flyToMode>smooth</gx:flyToMode><Camera><longitude>139.752831</longitude><latitude>36.941485</latitude><altitude>300</altitude><heading>179.7</heading><tilt>60</tilt><altitudeMode>relativeToGround</altitudeMode></Camera></gx:FlyTo><gx:FlyTo><gx:duration>5.49</gx:duration><gx:flyToMode>smooth</gx:flyToMode><Camera><longitude>139.752874</longitude><latitude>36.933889</latitude><altitude>300</altitude><heading>180.0</heading><tilt>60</tilt><altitudeMode>relativeToGround</altitudeMode></Camera></gx:FlyTo><gx:FlyTo><gx:duration>5.49</gx:duration><gx:flyToMode>smooth</gx:flyToMode><Camera><longitude>139.752874</longitude><latitude>36.925778</latitude><altitude>300</altitude><heading>238.7</heading><tilt>60</tilt><altitudeMode>relativeToGround</altitudeMode></Camera></gx:FlyTo><gx:FlyTo><gx:duration>5.49</gx:duration><gx:flyToMode>smooth</gx:flyToMode><Camera><longitude>139.746952</longitude><latitude>36.922903</latitude><altitude>300</altitude><heading>237.5</heading><tilt>60</tilt><altitudeMode>relativeToGround</altitudeMode></Camera></gx:FlyTo><gx:FlyTo><gx:duration>5.49</gx:duration><gx:flyToMode>smooth</gx:flyToMode><Camera><longitude>139.739442</longitude><latitude>36.919084</latitude><altitude>300</altitude><heading>191.3</heading><tilt>60</tilt><altitudeMode>relativeToGround</altitudeMode></Camera></gx:FlyTo><gx:FlyTo><gx:duration>5.49</gx:duration><gx:flyToMode>smooth</gx:flyToMode><Camera><longitude>139.737468</longitude><latitude>36.911187</latitude><altitude>300</altitude><heading>143.5</heading><tilt>60</tilt><altitudeMode>relativeToGround</altitudeMode></Camera></gx:FlyTo><gx:FlyTo><gx:duration>5.49</gx:duration><gx:flyToMode>smooth</gx:flyToMode><Camera><longitude>139.742274</longitude><latitude>36.905994</latitude><altitude>300</altitude><heading>175.1</heading><tilt>60</tilt><altitudeMode>relativeToGround</altitudeMode></Camera></gx:FlyTo><gx:FlyTo><gx:duration>5.49</gx:duration><gx:flyToMode>smooth</gx:flyToMode><Camera><longitude>139.742789</longitude><latitude>36.901188</latitude><altitude>300</altitude><heading>208.7</heading><tilt>60</tilt><altitudeMode>relativeToGround</altitudeMode></Camera></gx:FlyTo><gx:FlyTo><gx:duration>5.49</gx:duration><gx:flyToMode>smooth</gx:flyToMode><Camera><longitude>139.739356</longitude><latitude>36.896167</latitude><altitude>300</altitude><heading>191.9</heading><tilt>60</tilt><altitudeMode>relativeToGround</altitudeMode></Camera></gx:FlyTo><gx:FlyTo><gx:duration>5.49</gx:duration><gx:flyToMode>smooth</gx:flyToMode><Camera><longitude>139.737210</longitude><latitude>36.888013</latitude><altitude>300</altitude><heading>209.8</heading><tilt>60</tilt><altitudeMode>relativeToGround</altitudeMode></Camera></gx:FlyTo><gx:FlyTo><gx:duration>5.49</gx:duration><gx:flyToMode>smooth</gx:flyToMode><Camera><longitude>139.735365</longitude><latitude>36.885438</latitude><altitude>300</altitude><heading>294.4</heading><tilt>60</tilt><altitudeMode>relativeToGround</altitudeMode></Camera></gx:FlyTo><gx:FlyTo><gx:duration>5.49</gx:duration><gx:flyToMode>smooth</gx:flyToMode><Camera><longitude>139.731588</longitude><latitude>36.886811</latitude><altitude>300</altitude><heading>171.3</heading><tilt>60</tilt><altitudeMode>relativeToGround</altitudeMode></Camera></gx:FlyTo><gx:FlyTo><gx:duration>5.49</gx:duration><gx:flyToMode>smooth</gx:flyToMode><Camera><longitude>139.732876</longitude><latitude>36.880074</latitude><altitude>300</altitude><heading>247.7</heading><tilt>60</tilt><altitudeMode>relativeToGround</altitudeMode></Camera></gx:FlyTo><gx:FlyTo><gx:duration>5.49</gx:duration><gx:flyToMode>smooth</gx:flyToMode><Camera><longitude>139.730515</longitude><latitude>36.879301</latitude><altitude>300</altitude><heading>275.1</heading><tilt>60</tilt><altitudeMode>relativeToGround</altitudeMode></Camera></gx:FlyTo><gx:FlyTo><gx:duration>5.49</gx:duration><gx:flyToMode>smooth</gx:flyToMode><Camera><longitude>139.726911</longitude><latitude>36.879559</latitude><altitude>300</altitude><heading>255.1</heading><tilt>60</tilt><altitudeMode>relativeToGround</altitudeMode></Camera></gx:FlyTo><gx:FlyTo><gx:duration>5.49</gx:duration><gx:flyToMode>smooth</gx:flyToMode><Camera><longitude>139.720645</longitude><latitude>36.878228</latitude><altitude>300</altitude><heading>165.8</heading><tilt>60</tilt><altitudeMode>relativeToGround</altitudeMode></Camera></gx:FlyTo><gx:FlyTo><gx:duration>5.49</gx:duration><gx:flyToMode>smooth</gx:flyToMode><Camera><longitude>139.722619</longitude><latitude>36.872005</latitude><altitude>300</altitude><heading>163.0</heading><tilt>60</tilt><altitudeMode>relativeToGround</altitudeMode></Camera></gx:FlyTo><gx:FlyTo><gx:duration>5.49</gx:duration><gx:flyToMode>smooth</gx:flyToMode><Camera><longitude>139.723306</longitude><latitude>36.870203</latitude><altitude>300</altitude><heading>216.3</heading><tilt>60</tilt><altitudeMode>relativeToGround</altitudeMode></Camera></gx:FlyTo><gx:FlyTo><gx:duration>5.49</gx:duration><gx:flyToMode>smooth</gx:flyToMode><Camera><longitude>139.717083</longitude><latitude>36.863422</latitude><altitude>300</altitude><heading>304.0</heading><tilt>60</tilt><altitudeMode>relativeToGround</altitudeMode></Camera></gx:FlyTo><gx:FlyTo><gx:duration>5.49</gx:duration><gx:flyToMode>smooth</gx:flyToMode><Camera><longitude>139.708028</longitude><latitude>36.868315</latitude><altitude>300</altitude><heading>333.0</heading><tilt>60</tilt><altitudeMode>relativeToGround</altitudeMode></Camera></gx:FlyTo><gx:FlyTo><gx:duration>5.49</gx:duration><gx:flyToMode>smooth</gx:flyToMode><Camera><longitude>139.702363</longitude><latitude>36.877198</latitude><altitude>300</altitude><heading>6.2</heading><tilt>60</tilt><altitudeMode>relativeToGround</altitudeMode></Camera></gx:FlyTo><gx:FlyTo><gx:duration>5.49</gx:duration><gx:flyToMode>smooth</gx:flyToMode><Camera><longitude>139.703393</longitude><latitude>36.884751</latitude><altitude>300</altitude><heading>24.8</heading><tilt>60</tilt><altitudeMode>relativeToGround</altitudeMode></Camera></gx:FlyTo><gx:FlyTo><gx:duration>5.49</gx:duration><gx:flyToMode>smooth</gx:flyToMode><Camera><longitude>139.707856</longitude><latitude>36.892476</latitude><altitude>300</altitude><heading>353.1</heading><tilt>60</tilt><altitudeMode>relativeToGround</altitudeMode></Camera></gx:FlyTo><gx:FlyTo><gx:duration>5.49</gx:duration><gx:flyToMode>smooth</gx:flyToMode><Camera><longitude>139.707255</longitude><latitude>36.896467</latitude><altitude>300</altitude><heading>324.7</heading><tilt>60</tilt><altitudeMode>relativeToGround</altitudeMode></Camera></gx:FlyTo><gx:FlyTo><gx:duration>5.49</gx:duration><gx:flyToMode>smooth</gx:flyToMode><Camera><longitude>139.706268</longitude><latitude>36.897583</latitude><altitude>300</altitude><heading>340.0</heading><tilt>60</tilt><altitudeMode>relativeToGround</altitudeMode></Camera></gx:FlyTo><gx:FlyTo><gx:duration>5.49</gx:duration><gx:flyToMode>smooth</gx:flyToMode><Camera><longitude>139.703436</longitude><latitude>36.903806</latitude><altitude>300</altitude><heading>340.9</heading><tilt>60</tilt><altitudeMode>relativeToGround</altitudeMode></Camera></gx:FlyTo><gx:FlyTo><gx:duration>5.49</gx:duration><gx:flyToMode>smooth</gx:flyToMode><Camera><longitude>139.698758</longitude><latitude>36.914577</latitude><altitude>300</altitude><heading>309.3</heading><tilt>60</tilt><altitudeMode>relativeToGround</altitudeMode></Camera></gx:FlyTo><gx:FlyTo><gx:duration>5.49</gx:duration><gx:flyToMode>smooth</gx:flyToMode><Camera><longitude>139.690347</longitude><latitude>36.920071</latitude><altitude>300</altitude><heading>355.5</heading><tilt>60</tilt><altitudeMode>relativeToGround</altitudeMode></Camera></gx:FlyTo><gx:FlyTo><gx:duration>5.49</gx:duration><gx:flyToMode>smooth</gx:flyToMode><Camera><longitude>139.689617</longitude><latitude>36.927495</latitude><altitude>300</altitude><heading>299.6</heading><tilt>60</tilt><altitudeMode>relativeToGround</altitudeMode></Camera></gx:FlyTo><gx:FlyTo><gx:duration>5.49</gx:duration><gx:flyToMode>smooth</gx:flyToMode><Camera><longitude>139.680648</longitude><latitude>36.931572</latitude><altitude>300</altitude><heading>278.9</heading><tilt>60</tilt><altitudeMode>relativeToGround</altitudeMode></Camera></gx:FlyTo><gx:FlyTo><gx:duration>5.49</gx:duration><gx:flyToMode>smooth</gx:flyToMode><Camera><longitude>139.670048</longitude><latitude>36.932902</latitude><altitude>300</altitude><heading>284.1</heading><tilt>60</tilt><altitudeMode>relativeToGround</altitudeMode></Camera></gx:FlyTo><gx:FlyTo><gx:duration>5.49</gx:duration><gx:flyToMode>smooth</gx:flyToMode><Camera><longitude>139.663010</longitude><latitude>36.934319</latitude><altitude>300</altitude><heading>240.6</heading><tilt>60</tilt><altitudeMode>relativeToGround</altitudeMode></Camera></gx:FlyTo><gx:FlyTo><gx:duration>5.49</gx:duration><gx:flyToMode>smooth</gx:flyToMode><Camera><longitude>139.653654</longitude><latitude>36.930113</latitude><altitude>300</altitude><heading>291.2</heading><tilt>60</tilt><altitudeMode>relativeToGround</altitudeMode></Camera></gx:FlyTo><gx:FlyTo><gx:duration>5.49</gx:duration><gx:flyToMode>smooth</gx:flyToMode><Camera><longitude>139.641466</longitude><latitude>36.933889</latitude><altitude>300</altitude><heading>291.6</heading><tilt>60</tilt><altitudeMode>relativeToGround</altitudeMode></Camera></gx:FlyTo><gx:FlyTo><gx:duration>5.49</gx:duration><gx:flyToMode>smooth</gx:flyToMode><Camera><longitude>139.630866</longitude><latitude>36.937237</latitude><altitude>300</altitude><heading>330.8</heading><tilt>60</tilt><altitudeMode>relativeToGround</altitudeMode></Camera></gx:FlyTo><gx:FlyTo><gx:duration>5.49</gx:duration><gx:flyToMode>smooth</gx:flyToMode><Camera><longitude>139.625502</longitude><latitude>36.944919</latitude><altitude>300</altitude><heading>348.9</heading><tilt>60</tilt><altitudeMode>relativeToGround</altitudeMode></Camera></gx:FlyTo><gx:FlyTo><gx:duration>5.49</gx:duration><gx:flyToMode>smooth</gx:flyToMode><Camera><longitude>139.623356</longitude><latitude>36.953630</latitude><altitude>300</altitude><heading>354.6</heading><tilt>60</tilt><altitudeMode>relativeToGround</altitudeMode></Camera></gx:FlyTo><gx:FlyTo><gx:duration>5.49</gx:duration><gx:flyToMode>smooth</gx:flyToMode><Camera><longitude>139.622283</longitude><latitude>36.962771</latitude><altitude>300</altitude><heading>298.4</heading><tilt>60</tilt><altitudeMode>relativeToGround</altitudeMode></Camera></gx:FlyTo><gx:FlyTo><gx:duration>5.49</gx:duration><gx:flyToMode>smooth</gx:flyToMode><Camera><longitude>139.612627</longitude><latitude>36.966934</latitude><altitude>300</altitude><heading>300.5</heading><tilt>60</tilt><altitudeMode>relativeToGround</altitudeMode></Camera></gx:FlyTo><gx:FlyTo><gx:duration>5.49</gx:duration><gx:flyToMode>smooth</gx:flyToMode><Camera><longitude>139.603701</longitude><latitude>36.971140</latitude><altitude>300</altitude><heading>227.7</heading><tilt>60</tilt><altitudeMode>relativeToGround</altitudeMode></Camera></gx:FlyTo><gx:FlyTo><gx:duration>5.49</gx:duration><gx:flyToMode>smooth</gx:flyToMode><Camera><longitude>139.595032</longitude><latitude>36.964831</latitude><altitude>300</altitude><heading>246.0</heading><tilt>60</tilt><altitudeMode>relativeToGround</altitudeMode></Camera></gx:FlyTo><gx:FlyTo><gx:duration>5.49</gx:duration><gx:flyToMode>smooth</gx:flyToMode><Camera><longitude>139.585904</longitude><latitude>36.961578</latitude><altitude>300</altitude><heading>246.0</heading><tilt>60</tilt><altitudeMode>relativeToGround</altitudeMode></Camera></gx:FlyTo></gx:Playlist></gx:Tour>
<Placemark><name>Route line — 10/14 Wed</name><visibility>0</visibility><styleUrl>#rt</styleUrl><LineString><altitudeMode>relativeToGround</altitudeMode><coordinates>139.962153,37.474051,120 139.962113,37.474059,120 139.962173,37.474236,120 139.962602,37.475009,120 139.963374,37.476597,120 139.963460,37.477241,120 139.963460,37.477713,120 139.963245,37.478013,120 139.962816,37.478271,120 139.962258,37.478356,120 139.960971,37.478485,120 139.960756,37.478571,120 139.960499,37.478786,120 139.960241,37.480073,120 139.960070,37.480416,120 139.959641,37.480845,120 139.958997,37.481060,120 139.958181,37.481532,120 139.957752,37.481875,120 139.957452,37.482090,120 139.956980,37.482347,120 139.956808,37.482433,120 139.956808,37.482605,120 139.957066,37.482519,120 139.957666,37.482219,120 139.957838,37.482347,120 139.957924,37.482562,120 139.957924,37.482991,120 139.958096,37.483120,120 139.958310,37.483034,120 139.958353,37.482648,120 139.958525,37.482562,120 139.958782,37.482777,120 139.959083,37.483249,120 139.959641,37.484322,120 139.959769,37.484407,120 139.959984,37.484322,120 139.960027,37.484193,120 139.959512,37.483463,120 139.959641,37.483335,120 139.959769,37.483292,120 139.959898,37.483335,120 139.960198,37.483850,120 139.960628,37.484322,120 139.961014,37.485223,120 139.961143,37.485352,120 139.961357,37.485309,120 139.961572,37.485094,120 139.961014,37.483807,120 139.961143,37.483635,120 139.961357,37.483635,120 139.961872,37.484665,120 139.962387,37.485824,120 139.962430,37.486124,120 139.961915,37.487025,120 139.961915,37.487369,120 139.962173,37.487669,120 139.963331,37.488270,120 139.963460,37.488828,120 139.963202,37.489171,120 139.962902,37.489257,120 139.962473,37.489257,120 139.961486,37.488914,120 139.961228,37.488956,120 139.961185,37.489128,120 139.961314,37.489300,120 139.962173,37.489600,120 139.963031,37.489772,120 139.963117,37.489858,120 139.963160,37.490029,120 139.963031,37.490158,120 139.962087,37.490201,120 139.961872,37.490373,120 139.961786,37.490845,120 139.961743,37.491832,120 139.961915,37.491875,120 139.962130,37.491789,120 139.962173,37.491059,120 139.962344,37.490888,120 139.962687,37.490802,120 139.962859,37.490845,120 139.963760,37.491231,120 139.964318,37.491274,120 139.964747,37.491145,120 139.964919,37.490973,120 139.965219,37.490458,120 139.965563,37.490373,120 139.965692,37.490416,120 139.965820,37.490673,120 139.965777,37.491231,120 139.965606,37.491360,120 139.964962,37.491360,120 139.964833,37.491446,120 139.964790,37.491574,120 139.964962,37.491703,120 139.965692,37.491746,120 139.966335,37.492175,120 139.966679,37.492175,120 139.967752,37.491360,120 139.967923,37.490630,120 139.968696,37.490201,120 139.968910,37.489986,120 139.968910,37.489600,120 139.968696,37.488999,120 139.968739,37.488742,120 139.969039,37.488613,120 139.969468,37.488699,120 139.969726,37.488785,120 139.969983,37.488785,120 139.970155,37.488527,120 139.970241,37.487497,120 139.970284,37.487369,120 139.970756,37.487068,120 139.970927,37.486768,120 139.971871,37.486339,120 139.972043,37.486339,120 139.972129,37.486467,120 139.971743,37.486811,120 139.971871,37.486939,120 139.972043,37.486854,120 139.972558,37.486210,120 139.972515,37.485995,120 139.972258,37.485824,120 139.972043,37.485824,120 139.971356,37.485995,120 139.971142,37.485995,120 139.970841,37.485824,120 139.970713,37.485523,120 139.970326,37.485137,120 139.970198,37.485137,120 139.969726,37.485309,120 139.969425,37.485266,120 139.969082,37.484665,120 139.969468,37.483850,120 139.969811,37.483678,120 139.970069,37.483678,120 139.973288,37.484279,120 139.973674,37.484279,120 139.974060,37.484107,120 139.975047,37.482691,120 139.976249,37.482390,120 139.976549,37.482133,120 139.976678,37.481661,120 139.976764,37.481575,120 139.976935,37.481575,120 139.977021,37.481790,120 139.976592,37.482476,120 139.976764,37.482605,120 139.977150,37.482562,120 139.977450,37.482390,120 139.977794,37.482047,120 139.978008,37.482047,120 139.978094,37.482305,120 139.978008,37.482862,120 139.977922,37.483120,120 139.977493,37.483592,120 139.977450,37.484493,120 139.977322,37.484579,120 139.976163,37.484751,120 139.975734,37.484879,120 139.975562,37.485051,120 139.975476,37.485266,120 139.975519,37.485695,120 139.975605,37.486124,120 139.975734,37.486339,120 139.975905,37.486424,120 139.976120,37.486424,120 139.976592,37.486124,120 139.977193,37.485909,120 139.978051,37.485480,120 139.978395,37.484965,120 139.978480,37.484879,120 139.978781,37.484879,120 139.979253,37.485008,120 139.979553,37.484965,120 139.979982,37.484450,120 139.980068,37.484236,120 139.980111,37.484021,120 139.979811,37.483506,120 139.979510,37.482777,120 139.979553,37.482476,120 139.979639,37.482305,120 139.979811,37.482176,120 139.981956,37.481060,120 139.982085,37.480931,120 139.982214,37.480330,120 139.982214,37.480159,120 139.982042,37.479730,120 139.981742,37.479472,120 139.980798,37.479258,120 139.980068,37.479258,120 139.979682,37.479129,120 139.979510,37.478914,120 139.979424,37.478356,120 139.979467,37.478142,120 139.980240,37.476897,120 139.980454,37.476768,120 139.980755,37.476726,120 139.982171,37.476768,120 139.982600,37.476683,120 139.982815,37.476425,120 139.982944,37.475610,120 139.983244,37.475095,120 139.983630,37.474709,120 139.984317,37.474065,120 139.985218,37.473764,120 139.985819,37.473164,120 139.986677,37.472777,120 139.988008,37.472134,120 139.988608,37.471833,120 139.989080,37.471533,120 139.989424,37.470803,120 139.989638,37.470245,120 139.989982,37.469344,120 139.990368,37.468657,120 139.991226,37.467499,120 139.991355,37.467370,120 139.991570,37.466769,120 139.991527,37.466168,120 139.991612,37.465825,120 139.991870,37.465611,120 139.992557,37.465310,120 139.992857,37.465096,120 139.993458,37.464280,120 139.993844,37.463508,120 139.993887,37.463164,120 139.993887,37.462907,120 139.993715,37.462649,120 139.992943,37.462177,120 139.992943,37.461963,120 139.993072,37.461491,120 139.993758,37.460718,120 139.993544,37.460203,120 139.993587,37.459645,120 139.993801,37.459388,120 139.994488,37.458916,120 139.994702,37.458186,120 139.995131,37.457628,120 139.995303,37.457242,120 139.995518,37.456985,120 139.995990,37.456641,120 139.996676,37.456384,120 139.996762,37.456384,120 139.997234,37.456212,120 139.998136,37.456212,120 139.998565,37.456169,120 139.998608,37.456212,120 139.998522,37.456298,120 139.997320,37.456470,120 139.997020,37.456727,120 139.996848,37.457242,120 139.996934,37.457671,120 139.997020,37.457757,120 139.997406,37.457886,120 139.997921,37.458401,120 139.998007,37.458658,120 139.998007,37.458959,120 139.998093,37.459130,120 139.998264,37.459130,120 139.998393,37.459087,120 139.998736,37.458744,120 139.999294,37.458401,120 140.000367,37.458186,120 140.000410,37.458100,120 140.000110,37.457757,120 140.000110,37.457585,120 140.000238,37.457371,120 140.000367,37.457371,120 140.000582,37.457328,120 140.000753,37.457414,120 140.001097,37.457843,120 140.001183,37.458186,120 140.001183,37.459130,120 140.001311,37.459302,120 140.001440,37.459345,120 140.001655,37.459345,120 140.001783,37.459216,120 140.001740,37.458229,120 140.001998,37.457671,120 140.002170,37.457542,120 140.002341,37.457500,120 140.002599,37.457671,120 140.002642,37.457800,120 140.002513,37.458272,120 140.002513,37.458572,120 140.003672,37.459903,120 140.003972,37.460032,120 140.004487,37.460032,120 140.004659,37.459946,120 140.004916,37.459688,120 140.005045,37.458701,120 140.005217,37.457671,120 140.006118,37.456598,120 140.006461,37.455568,120 140.006633,37.454967,120 140.007019,37.454581,120 140.008779,37.453508,120 140.009165,37.453122,120 140.009465,37.452564,120 140.009851,37.452350,120 140.010967,37.452178,120 140.011611,37.452178,120 140.011911,37.452307,120 140.012083,37.452478,120 140.012684,37.453079,120 140.014100,37.454581,120 140.014358,37.454667,120 140.014958,37.454796,120 140.015345,37.454967,120 140.015602,37.455311,120 140.015645,37.456083,120 140.016890,37.455611,120 140.017576,37.455225,120 140.017877,37.455053,120 140.018306,37.454839,120 140.018778,37.454410,120 140.019250,37.453852,120 140.019722,37.452993,120 140.019765,37.452865,120 140.020108,37.452178,120 140.020194,37.452049,120 140.020623,37.451234,120 140.020666,37.451019,120 140.020537,37.450118,120 140.020494,37.449689,120 140.020280,37.448530,120 140.020108,37.447371,120 140.020065,37.447157,120 140.019808,37.445655,120 140.019722,37.444882,120 140.019593,37.444196,120 140.019550,37.443638,120 140.019593,37.443209,120 140.019636,37.442737,120 140.019636,37.442436,120 140.019722,37.442179,120 140.020022,37.441320,120 140.020065,37.441192,120 140.020108,37.441106,120 140.020237,37.440805,120 140.020280,37.440677,120 140.020494,37.440205,120 140.020537,37.440162,120 140.021353,37.438359,120 140.022125,37.436557,120 140.022383,37.434883,120 140.022511,37.433724,120 140.022683,37.432780,120 140.022726,37.432652,120 140.023284,37.431750,120 140.023584,37.431407,120 140.023670,37.431278,120 140.026245,37.428875,120 140.027189,37.427845,120 140.027490,37.427373,120 140.027876,37.426515,120 140.028176,37.426085,120 140.029893,37.424626,120 140.030494,37.424068,120 140.031095,37.423725,120 140.035043,37.421837,120 140.036244,37.420893,120 140.037103,37.419691,120 140.037446,37.419305,120 140.038862,37.418489,120 140.040021,37.417803,120 140.040579,37.417459,120 140.040836,37.417288,120 140.041823,37.416687,120 140.041866,37.416644,120 140.043712,37.415528,120 140.045257,37.414713,120 140.046244,37.414327,120 140.048003,37.413812,120 140.051479,37.412910,120 140.052552,37.412524,120 140.053754,37.411966,120 140.054741,37.411451,120 140.055985,37.410765,120 140.057745,37.409863,120 140.058861,37.409306,120 140.059505,37.409177,120 140.061393,37.408876,120 140.061607,37.408705,120 140.061736,37.408404,120 140.061994,37.408018,120 140.062294,37.407889,120 140.063496,37.407718,120 140.064011,37.407374,120 140.064526,37.407331,120 140.065813,37.407374,120 140.066800,37.407331,120 140.067573,37.407246,120 140.068388,37.406945,120 140.068860,37.406731,120 140.069118,37.406645,120 140.069718,37.406344,120 140.070276,37.406001,120 140.070834,37.405443,120 140.071135,37.404928,120 140.071306,37.404327,120 140.071263,37.403512,120 140.070834,37.402225,120 140.070705,37.401452,120 140.070705,37.400851,120 140.070920,37.399435,120 140.071135,37.398577,120 140.071349,37.398190,120 140.071650,37.397761,120 140.072293,37.397246,120 140.072937,37.396903,120 140.073409,37.396646,120 140.074010,37.396388,120 140.075126,37.396088,120 140.076027,37.395573,120 140.076628,37.395658,120 140.076885,37.395616,120 140.077829,37.395101,120 140.078516,37.394586,120 140.078859,37.394457,120 140.079203,37.394457,120 140.079374,37.394242,120 140.079546,37.394114,120 140.080404,37.393770,120 140.081649,37.393341,120 140.082335,37.392998,120 140.082550,37.392826,120 140.083194,37.392268,120 140.083537,37.391667,120 140.083666,37.391281,120 140.083838,37.390294,120 140.084052,37.389607,120 140.084524,37.388835,120 140.085082,37.388320,120 140.085125,37.388320,120 140.085640,37.387934,120 140.086198,37.387676,120 140.087056,37.387333,120 140.086927,37.386432,120 140.086927,37.386217,120 140.086713,37.382011,120 140.086112,37.380424,120 140.086026,37.380166,120 140.085554,37.378922,120 140.085168,37.377849,120 140.084095,37.375016,120 140.083365,37.373128,120 140.083280,37.372956,120 140.083065,37.371669,120 140.082936,37.370896,120 140.082593,37.368579,120 140.082636,37.367506,120 140.082593,37.367377,120 140.082550,37.367291,120 140.082035,37.366219,120 140.082035,37.364845,120 140.082121,37.364244,120 140.082893,37.363300,120 140.083151,37.363000,120 140.083494,37.362185,120 140.084095,37.361712,120 140.084395,37.361326,120 140.084996,37.359567,120 140.085812,37.358794,120 140.085852,37.358730,120 140.085313,37.358517,120 140.085852,37.358730,120 140.086026,37.358451,120 140.086713,37.357507,120 140.087185,37.356048,120 140.087485,37.355361,120 140.088172,37.354116,120 140.088902,37.353001,120 140.089545,37.350683,120 140.089545,37.350383,120 140.089459,37.350125,120 140.088944,37.349224,120 140.089030,37.348452,120 140.088859,37.348194,120 140.088472,37.347851,120 140.088344,37.347121,120 140.088215,37.346821,120 140.087657,37.345920,120 140.086112,37.344675,120 140.085812,37.344246,120 140.085597,37.343388,120 140.084953,37.339611,120 140.084739,37.339139,120 140.084395,37.338796,120 140.083365,37.338109,120 140.083194,37.337937,120 140.083365,37.337680,120 140.084095,37.337208,120 140.084138,37.336993,120 140.084095,37.336907,120 140.083408,37.336564,120 140.083237,37.336650,120 140.083237,37.336822,120 140.083108,37.336864,120 140.082850,37.336822,120 140.082164,37.336392,120 140.081735,37.336092,120 140.081606,37.335792,120 140.081606,37.335448,120 140.081863,37.334976,120 140.081906,37.334762,120 140.081949,37.334118,120 140.081820,37.333732,120 140.082078,37.333474,120 140.082636,37.333131,120 140.083280,37.332187,120 140.083795,37.331200,120 140.083838,37.330899,120 140.083666,37.330298,120 140.083923,37.329483,120 140.083880,37.328925,120 140.083795,37.328925,120 140.083623,37.329226,120 140.083494,37.329183,120 140.083065,37.328110,120 140.082464,37.327423,120 140.081735,37.326994,120 140.081477,37.326436,120 140.081306,37.326350,120 140.081220,37.326436,120 140.081778,37.327423,120 140.081778,37.327466,120 140.081649,37.327466,120 140.081348,37.327166,120 140.080876,37.326393,120 140.080361,37.325835,120 140.080104,37.325749,120 140.079632,37.325749,120 140.079074,37.325449,120 140.078430,37.324119,120 140.078516,37.323647,120 140.078001,37.323089,120 140.078044,37.322702,120 140.077744,37.322316,120 140.077443,37.322230,120 140.077443,37.321844,120 140.077357,37.321587,120 140.077443,37.321286,120 140.077400,37.320900,120 140.078001,37.320127,120 140.078130,37.319441,120 140.078301,37.318797,120 140.079331,37.318583,120 140.079718,37.318282,120 140.080276,37.317467,120 140.080876,37.317038,120 140.081177,37.317038,120 140.081348,37.317166,120 140.081391,37.317338,120 140.081391,37.317810,120 140.081520,37.317896,120 140.081606,37.317853,120 140.082335,37.316909,120 140.082378,37.316694,120 140.082207,37.316480,120 140.081563,37.316265,120 140.081220,37.316093,120 140.081220,37.316008,120 140.081692,37.315321,120 140.082207,37.314849,120 140.082765,37.314634,120 140.083022,37.314463,120 140.083709,37.313561,120 140.084052,37.311802,120 140.084052,37.311630,120 140.083795,37.311115,120 140.083280,37.310514,120 140.082765,37.310128,120 140.082421,37.309613,120 140.082464,37.309313,120 140.082679,37.308583,120 140.082679,37.308326,120 140.082164,37.306566,120 140.082035,37.305880,120 140.082078,37.305450,120 140.081778,37.304850,120 140.081434,37.303905,120 140.081134,37.303476,120 140.080876,37.303262,120 140.080490,37.302618,120 140.079589,37.302146,120 140.079374,37.301803,120 140.078859,37.301331,120 140.077829,37.300987,120 140.076542,37.300129,120 140.076370,37.300043,120 140.076070,37.300043,120 140.075684,37.299871,120 140.075254,37.299571,120 140.075126,37.299142,120 140.074954,37.299013,120 140.074568,37.298884,120 140.074267,37.299013,120 140.074139,37.298670,120 140.073924,37.298584,120 140.073066,37.298455,120 140.070620,37.297297,120 140.070319,37.296996,120 140.069761,37.296395,120 140.068431,37.295966,120 140.068088,37.295623,120 140.067401,37.294250,120 140.066843,37.293520,120 140.066671,37.293091,120 140.066628,37.292619,120 140.066714,37.291846,120 140.066757,37.291417,120 140.066543,37.290559,120 140.066371,37.290387,120 140.065985,37.290258,120 140.065856,37.290044,120 140.066285,37.289143,120 140.066285,37.288885,120 140.066199,37.288585,120 140.065899,37.288241,120 140.065169,37.287855,120 140.064526,37.287383,120 140.064096,37.286224,120 140.063882,37.285151,120 140.063710,37.284679,120 140.063195,37.283993,120 140.062551,37.283607,120 140.062037,37.283349,120 140.061908,37.283092,120 140.061951,37.281504,120 140.061736,37.280431,120 140.061736,37.279572,120 140.063925,37.277598,120 140.064354,37.277083,120 140.064783,37.276525,120 140.064912,37.276397,120 140.068560,37.275925,120 140.071306,37.274809,120 140.074096,37.273779,120 140.074525,37.273564,120 140.075598,37.272792,120 140.076756,37.272148,120 140.075641,37.271376,120 140.074697,37.270989,120 140.074396,37.270474,120 140.074911,37.269530,120 140.075040,37.269402,120 140.075169,37.269402,120 140.075769,37.269573,120 140.076027,37.269573,120 140.076156,37.269530,120 140.076585,37.268972,120 140.077014,37.268715,120 140.078387,37.268157,120 140.079031,37.268157,120 140.079246,37.267985,120 140.079331,37.267685,120 140.079160,37.267427,120 140.078731,37.267213,120 140.078216,37.266998,120 140.078087,37.266870,120 140.077958,37.266569,120 140.078173,37.266269,120 140.078259,37.265968,120 140.078130,37.265668,120 140.077529,37.265539,120 140.077057,37.265754,120 140.076413,37.265496,120 140.076370,37.265239,120 140.076499,37.265110,120 140.076928,37.265024,120 140.077443,37.264767,120 140.077744,37.264767,120 140.078130,37.264509,120 140.078173,37.264338,120 140.077786,37.263908,120 140.076671,37.263093,120 140.076156,37.262406,120 140.075769,37.262235,120 140.075512,37.262020,120 140.075340,37.261505,120 140.075426,37.260904,120 140.074997,37.259831,120 140.074868,37.259617,120 140.073838,37.258759,120 140.073709,37.258286,120 140.073881,37.257342,120 140.073624,37.256870,120 140.073581,37.256613,120 140.073667,37.256312,120 140.074267,37.255540,120 140.074010,37.255025,120 140.073152,37.253737,120 140.072808,37.253480,120 140.072207,37.253180,120 140.072122,37.253051,120 140.072036,37.252922,120 140.071692,37.252665,120 140.071778,37.252192,120 140.071692,37.252064,120 140.069804,37.251377,120 140.069504,37.251120,120 140.069118,37.250605,120 140.068903,37.250390,120 140.067358,37.249532,120 140.066886,37.249489,120 140.066714,37.249403,120 140.066500,37.249146,120 140.066500,37.248631,120 140.066199,37.248287,120 140.066328,37.247601,120 140.066285,37.247515,120 140.065427,37.247043,120 140.065298,37.246571,120 140.064697,37.246442,120 140.064311,37.246056,120 140.064011,37.245841,120 140.063238,37.245669,120 140.062938,37.245111,120 140.062079,37.244639,120 140.061436,37.244124,120 140.061393,37.242923,120 140.060921,37.242107,120 140.061007,37.241893,120 140.061393,37.241464,120 140.062165,37.240691,120 140.062723,37.240391,120 140.063024,37.240348,120 140.063066,37.239919,120 140.062852,37.238631,120 140.063710,37.238460,120 140.063882,37.238588,120 140.064397,37.239189,120 140.064569,37.239232,120 140.064666,37.239612,120 140.064569,37.239232,120 140.064397,37.239189,120 140.063882,37.238588,120 140.063710,37.238460,120 140.062852,37.238631,120 140.063066,37.239919,120 140.063024,37.240348,120 140.064011,37.240348,120 140.064182,37.240348,120 140.066628,37.240434,120 140.067143,37.240305,120 140.068088,37.239704,120 140.069890,37.238803,120 140.070362,37.238503,120 140.071006,37.237859,120 140.071650,37.237215,120 140.071692,37.237043,120 140.071607,37.236829,120 140.071392,37.236400,120 140.071478,37.236099,120 140.072122,37.234769,120 140.072293,37.234554,120 140.073023,37.234082,120 140.073280,37.233310,120 140.073452,37.232966,120 140.073709,37.232795,120 140.075512,37.231808,120 140.075812,37.231765,120 140.077486,37.231636,120 140.077872,37.231593,120 140.078344,37.231464,120 140.079074,37.230864,120 140.079331,37.230520,120 140.079761,37.229276,120 140.079975,37.228975,120 140.080662,37.228374,120 140.081906,37.227001,120 140.082293,37.226830,120 140.083108,37.226615,120 140.083623,37.226357,120 140.085211,37.225327,120 140.085640,37.224426,120 140.086412,37.223825,120 140.086756,37.223353,120 140.087013,37.223139,120 140.087185,37.223096,120 140.088129,37.223139,120 140.089202,37.222753,120 140.089889,37.222753,120 140.090232,37.222710,120 140.091219,37.222238,120 140.092463,37.222023,120 140.092936,37.221637,120 140.093107,37.221680,120 140.093193,37.221808,120 140.093193,37.222667,120 140.093365,37.222753,120 140.093536,37.222624,120 140.094824,37.221336,120 140.095296,37.220564,120 140.095382,37.220349,120 140.095382,37.219534,120 140.096412,37.218289,120 140.096412,37.217860,120 140.096498,37.217689,120 140.097227,37.217131,120 140.097656,37.216444,120 140.098214,37.216058,120 140.098171,37.215929,120 140.098085,37.215886,120 140.096412,37.216101,120 140.096283,37.216229,120 140.096326,37.216487,120 140.096154,37.216530,120 140.096068,37.216444,120 140.096111,37.216101,120 140.096197,37.216015,120 140.097055,37.215757,120 140.099072,37.215028,120 140.099287,37.214856,120 140.099502,37.214599,120 140.099802,37.213011,120 140.099673,37.212882,120 140.099502,37.212925,120 140.099287,37.214341,120 140.099158,37.214427,120 140.099072,37.214427,120 140.098987,37.214298,120 140.099201,37.213869,120 140.099244,37.213655,120 140.098944,37.213054,120 140.098901,37.212796,120 140.098987,37.212539,120 140.099545,37.211809,120 140.099630,37.211680,120 140.099673,37.211380,120 140.099502,37.211123,120 140.099287,37.211037,120 140.098944,37.210951,120 140.098343,37.210994,120 140.097742,37.210908,120 140.097528,37.210779,120 140.097270,37.210436,120 140.097141,37.210007,120 140.097098,37.209449,120 140.097098,37.209148,120 140.097184,37.208719,120 140.097356,37.208333,120 140.097699,37.207861,120 140.098000,37.207518,120 140.098643,37.207131,120 140.099716,37.206573,120 140.100360,37.206144,120 140.101733,37.204900,120 140.102463,37.204514,120 140.103450,37.204342,120 140.104222,37.204428,120 140.104823,37.204599,120 140.105639,37.205029,120 140.106239,37.205415,120 140.106840,37.205501,120 140.108085,37.205458,120 140.109630,37.204771,120 140.110960,37.204428,120 140.111217,37.204428,120 140.111732,37.204556,120 140.114565,37.205758,120 140.114908,37.205801,120 140.115981,37.205801,120 140.117011,37.205844,120 140.117655,37.205586,120 140.117869,37.205372,120 140.117955,37.205071,120 140.117998,37.204514,120 140.118084,37.204256,120 140.118299,37.203956,120 140.119114,37.203312,120 140.119672,37.202110,120 140.120015,37.201896,120 140.120230,37.201810,120 140.121689,37.201681,120 140.122290,37.201638,120 140.124221,37.200522,120 140.124435,37.199922,120 140.125036,37.199492,120 140.125251,37.199192,120 140.125251,37.198591,120 140.125422,37.198033,120 140.125680,37.197776,120 140.126152,37.197518,120 140.126667,37.197046,120 140.127268,37.196531,120 140.127525,37.196188,120 140.127311,37.194514,120 140.127397,37.194171,120 140.127740,37.193828,120 140.128727,37.193527,120 140.129242,37.193184,120 140.130615,37.192240,120 140.131001,37.192025,120 140.131774,37.191768,120 140.132332,37.191381,120 140.133276,37.190437,120 140.133791,37.190266,120 140.134435,37.190137,120 140.134907,37.189965,120 140.135808,37.189064,120 140.135894,37.188978,120 140.136795,37.188334,120 140.138211,37.187476,120 140.138512,37.187390,120 140.139198,37.187219,120 140.139928,37.186875,120 140.140014,37.186790,120 140.141988,37.185373,120 140.142846,37.184687,120 140.143490,37.184215,120 140.144520,37.183485,120 140.145206,37.182970,120 140.146151,37.182198,120 140.147481,37.180953,120 140.147910,37.180524,120 140.149283,37.179236,120 140.149798,37.178721,120 140.151043,37.177520,120 140.151086,37.177477,120 140.151772,37.176619,120 140.152073,37.176318,120 140.152287,37.176147,120 140.152931,37.175760,120 140.153661,37.175417,120 140.154862,37.174687,120 140.155506,37.174473,120 140.156364,37.174344,120 140.158124,37.174172,120 140.158339,37.174129,120 140.159025,37.174001,120 140.158982,37.173486,120 140.158939,37.173142,120 140.158682,37.171426,120 140.158682,37.171254,120 140.158424,37.169752,120 140.157995,37.168465,120 140.156665,37.165074,120 140.156536,37.164860,120 140.156193,37.164516,120 140.154862,37.163787,120 140.154219,37.163444,120 140.153661,37.163229,120 140.153017,37.163229,120 140.150957,37.164001,120 140.150614,37.164259,120 140.150356,37.164559,120 140.149755,37.165332,120 140.149326,37.165504,120 140.148854,37.165632,120 140.147095,37.165418,120 140.144949,37.164731,120 140.144348,37.164474,120 140.144176,37.164302,120 140.144048,37.164087,120 140.143661,37.163057,120 140.142674,37.160397,120 140.142374,37.160096,120 140.141988,37.159839,120 140.141687,37.159624,120 140.139842,37.158508,120 140.138812,37.157907,120 140.139198,37.157478,120 140.139413,37.157049,120 140.139799,37.155976,120 140.139928,37.155633,120 140.140100,37.155375,120 140.140529,37.155161,120 140.140657,37.155118,120 140.141644,37.153530,120 140.141687,37.153058,120 140.141516,37.152801,120 140.140572,37.151985,120 140.140400,37.151856,120 140.139928,37.151556,120 140.139627,37.151041,120 140.139370,37.150826,120 140.139155,37.150741,120 140.139027,37.150698,120 140.138726,37.150526,120 140.138555,37.150440,120 140.138426,37.150354,120 140.137010,37.149196,120 140.136366,37.148252,120 140.136280,37.148080,120 140.136023,37.147651,120 140.135894,37.147479,120 140.135036,37.146063,120 140.134821,37.146192,120 140.133791,37.147179,120 140.133491,37.147436,120 140.130830,37.149367,120 140.130401,37.149625,120 140.129328,37.150140,120 140.128555,37.150526,120 140.127912,37.150826,120 140.125852,37.151299,120 140.124264,37.151341,120 140.123448,37.151728,120 140.121689,37.152371,120 140.121517,37.152414,120 140.121002,37.152286,120 140.120144,37.152414,120 140.119629,37.152543,120 140.119243,37.152500,120 140.118599,37.152286,120 140.118384,37.152157,120 140.117998,37.151814,120 140.117526,37.151427,120 140.116539,37.150955,120 140.115337,37.150483,120 140.114994,37.150483,120 140.114565,37.150698,120 140.114222,37.150955,120 140.113277,37.152028,120 140.111690,37.152543,120 140.111217,37.152715,120 140.110230,37.153745,120 140.109930,37.153831,120 140.109029,37.153831,120 140.105939,37.153788,120 140.104866,37.153573,120 140.104136,37.153444,120 140.103664,37.153530,120 140.103407,37.153745,120 140.102892,37.154174,120 140.101733,37.154732,120 140.100017,37.155504,120 140.097957,37.156363,120 140.096240,37.157092,120 140.095682,37.157307,120 140.095339,37.157393,120 140.094738,37.157435,120 140.093579,37.157907,120 140.093064,37.158251,120 140.091777,37.159367,120 140.091648,37.159495,120 140.091133,37.160010,120 140.090618,37.160568,120 140.090489,37.160697,120 140.090103,37.161040,120 140.088987,37.161856,120 140.088644,37.162113,120 140.088515,37.162242,120 140.086370,37.163658,120 140.085683,37.163916,120 140.085168,37.164001,120 140.085125,37.164001,120 140.084310,37.164130,120 140.082893,37.164345,120 140.082378,37.164474,120 140.081177,37.164946,120 140.079074,37.165332,120 140.078216,37.165632,120 140.076456,37.166448,120 140.075641,37.166491,120 140.074739,37.166533,120 140.072422,37.167134,120 140.071478,37.167220,120 140.070705,37.167220,120 140.068688,37.166963,120 140.067616,37.166920,120 140.065985,37.167134,120 140.065298,37.167263,120 140.063882,37.167649,120 140.063066,37.167821,120 140.061479,37.167950,120 140.060706,37.168207,120 140.060019,37.168508,120 140.058775,37.169237,120 140.058303,37.169538,120 140.058088,37.169752,120 140.057616,37.170310,120 140.057058,37.170696,120 140.056372,37.171512,120 140.055771,37.171941,120 140.055084,37.172241,120 140.054760,37.172203,120 140.054734,37.172345,120 140.054760,37.172203,120 140.053625,37.172070,120 140.052767,37.172112,120 140.052466,37.172198,120 140.050578,37.172799,120 140.049763,37.173100,120 140.049162,37.173314,120 140.047016,37.174087,120 140.045428,37.174644,120 140.044184,37.174988,120 140.042081,37.175031,120 140.041480,37.175074,120 140.041265,37.174902,120 140.039763,37.174430,120 140.038261,37.173572,120 140.037403,37.173185,120 140.037017,37.173057,120 140.035601,37.172885,120 140.034914,37.172928,120 140.034099,37.173142,120 140.033240,37.173142,120 140.033112,37.173100,120 140.032682,37.172670,120 140.032511,37.172585,120 140.031738,37.172585,120 140.031524,37.172499,120 140.030966,37.171984,120 140.030537,37.171941,120 140.029807,37.172112,120 140.029378,37.172027,120 140.029206,37.171898,120 140.029078,37.171555,120 140.029550,37.170310,120 140.029464,37.169752,120 140.029421,37.169409,120 140.029550,37.168722,120 140.029464,37.167649,120 140.029764,37.166619,120 140.029721,37.166319,120 140.029464,37.166190,120 140.029206,37.166147,120 140.028348,37.166405,120 140.027919,37.166319,120 140.027790,37.166190,120 140.027790,37.166018,120 140.028090,37.165461,120 140.027232,37.164860,120 140.027232,37.164688,120 140.027447,37.164259,120 140.027404,37.164087,120 140.026460,37.163615,120 140.026116,37.163529,120 140.025473,37.163529,120 140.024872,37.163572,120 140.024400,37.163787,120 140.024185,37.164044,120 140.024014,37.164602,120 140.023928,37.164688,120 140.023670,37.164774,120 140.023499,37.164688,120 140.023456,37.164602,120 140.023541,37.164044,120 140.023413,37.163873,120 140.023198,37.163830,120 140.022554,37.163916,120 140.022254,37.163744,120 140.022254,37.163529,120 140.022597,37.163100,120 140.022597,37.162843,120 140.022297,37.162542,120 140.021911,37.162285,120 140.021310,37.162113,120 140.020022,37.162156,120 140.018477,37.161942,120 140.018220,37.161899,120 140.018005,37.161770,120 140.017834,37.161427,120 140.017962,37.161040,120 140.018306,37.160869,120 140.018606,37.160740,120 140.018821,37.160568,120 140.019464,37.159925,120 140.020194,37.159667,120 140.020666,37.159066,120 140.020838,37.159023,120 140.021310,37.159152,120 140.021653,37.159109,120 140.021739,37.158937,120 140.021653,37.158723,120 140.020709,37.158465,120 140.018735,37.157907,120 140.018005,37.158036,120 140.017662,37.157993,120 140.017018,37.157650,120 140.016675,37.157350,120 140.016589,37.157178,120 140.016589,37.156491,120 140.016332,37.155762,120 140.016589,37.155333,120 140.016632,37.155075,120 140.016418,37.154860,120 140.015945,37.154732,120 140.015645,37.154560,120 140.015473,37.154346,120 140.015430,37.154174,120 140.015473,37.153831,120 140.015602,37.153702,120 140.015817,37.153616,120 140.016460,37.153530,120 140.016632,37.153444,120 140.016804,37.153273,120 140.016847,37.153015,120 140.016546,37.151942,120 140.016546,37.151642,120 140.016632,37.151213,120 140.017104,37.150226,120 140.016975,37.150011,120 140.016203,37.149496,120 140.016074,37.149367,120 140.016074,37.149153,120 140.016332,37.148809,120 140.016332,37.148509,120 140.015988,37.147865,120 140.015860,37.147393,120 140.015731,37.147179,120 140.015345,37.146921,120 140.014915,37.146277,120 140.014915,37.146149,120 140.014958,37.146020,120 140.015173,37.145977,120 140.016847,37.146235,120 140.017233,37.146106,120 140.017362,37.145934,120 140.017533,37.145290,120 140.017619,37.144518,120 140.017405,37.144303,120 140.017104,37.144217,120 140.015559,37.144518,120 140.014014,37.144046,120 140.013542,37.143960,120 140.013027,37.144003,120 140.012341,37.144132,120 140.012083,37.144089,120 140.011911,37.143917,120 140.011868,37.143617,120 140.011954,37.143188,120 140.012169,37.142801,120 140.012426,37.142544,120 140.012856,37.142415,120 140.014443,37.142286,120 140.014787,37.142158,120 140.015259,37.141728,120 140.015302,37.141643,120 140.015259,37.141385,120 140.015001,37.141213,120 140.014186,37.141256,120 140.013542,37.141428,120 140.012898,37.141814,120 140.011911,37.141900,120 140.011525,37.141814,120 140.011311,37.141643,120 140.011268,37.141385,120 140.011353,37.141256,120 140.011525,37.140999,120 140.012469,37.140098,120 140.012469,37.139797,120 140.012212,37.139368,120 140.012212,37.139282,120 140.012298,37.139153,120 140.012469,37.139111,120 140.012898,37.139196,120 140.013156,37.139153,120 140.013413,37.139068,120 140.014658,37.138338,120 140.014958,37.138252,120 140.016074,37.138252,120 140.016804,37.137866,120 140.017018,37.137823,120 140.018005,37.137995,120 140.018435,37.137909,120 140.018778,37.137780,120 140.018821,37.137651,120 140.018821,37.137437,120 140.018735,37.137351,120 140.018649,37.137265,120 140.017791,37.137179,120 140.017447,37.137051,120 140.017018,37.136579,120 140.016160,37.135978,120 140.015259,37.135119,120 140.015001,37.135034,120 140.014529,37.134991,120 140.014443,37.134905,120 140.014443,37.134733,120 140.014658,37.134604,120 140.015345,37.134690,120 140.017061,37.135162,120 140.017319,37.135205,120 140.017576,37.135077,120 140.017834,37.134604,120 140.018992,37.133789,120 140.019035,37.133617,120 140.018907,37.133532,120 140.018263,37.133403,120 140.017962,37.133145,120 140.017705,37.133017,120 140.017061,37.133017,120 140.016589,37.132888,120 140.016246,37.132802,120 140.015988,37.132630,120 140.015602,37.131858,120 140.015216,37.131429,120 140.014615,37.130914,120 140.014529,37.130699,120 140.014615,37.130399,120 140.015945,37.129412,120 140.016117,37.129154,120 140.016246,37.128425,120 140.016160,37.128081,120 140.016000,37.127810,120 140.016400,37.127661,120 140.016000,37.127810,120 140.015731,37.127352,120 140.015388,37.126751,120 140.015216,37.126236,120 140.015001,37.126107,120 140.014572,37.125978,120 140.014400,37.125807,120 140.014358,37.125678,120 140.014572,37.125249,120 140.014572,37.125077,120 140.014315,37.124348,120 140.014486,37.124133,120 140.015087,37.123747,120 140.015860,37.123575,120 140.017018,37.123489,120 140.017104,37.123404,120 140.017147,37.123275,120 140.017018,37.123146,120 140.016031,37.123060,120 140.015087,37.123275,120 140.014272,37.123103,120 140.013757,37.122974,120 140.013413,37.123017,120 140.012512,37.123446,120 140.012341,37.123446,120 140.012169,37.123318,120 140.012212,37.123189,120 140.012298,37.123103,120 140.012770,37.122931,120 140.013542,37.122202,120 140.013585,37.122073,120 140.013413,37.121944,120 140.013242,37.121944,120 140.012727,37.122674,120 140.012555,37.122760,120 140.012298,37.122674,120 140.012298,37.122459,120 140.013199,37.121687,120 140.013928,37.121387,120 140.014014,37.121258,120 140.013928,37.121129,120 140.013757,37.121000,120 140.012813,37.120657,120 140.012469,37.120314,120 140.012298,37.120228,120 140.012169,37.120271,120 140.012040,37.120442,120 140.012598,37.120957,120 140.012684,37.121086,120 140.012512,37.121258,120 140.012298,37.121215,120 140.011826,37.120571,120 140.010710,37.119756,120 140.010581,37.119498,120 140.010753,37.118983,120 140.010710,37.118382,120 140.010581,37.117953,120 140.010195,37.117310,120 140.010066,37.117224,120 140.008221,37.117052,120 140.007448,37.116494,120 140.006547,37.116108,120 140.005860,37.115979,120 140.005345,37.115722,120 140.004401,37.115808,120 140.004015,37.116151,120 140.003800,37.116108,120 140.003715,37.116022,120 140.003715,37.115850,120 140.003929,37.115550,120 140.004487,37.115250,120 140.005174,37.114778,120 140.005517,37.114649,120 140.006247,37.114606,120 140.006762,37.114134,120 140.006933,37.113962,120 140.007105,37.113791,120 140.007405,37.113404,120 140.007534,37.113147,120 140.007448,37.112675,120 140.007319,37.111988,120 140.007191,37.111902,120 140.006976,37.111945,120 140.006332,37.112460,120 140.005774,37.113619,120 140.005646,37.113748,120 140.005474,37.113791,120 140.005260,37.113748,120 140.005131,37.113576,120 140.005174,37.113447,120 140.005689,37.112975,120 140.005689,37.112846,120 140.005603,37.112718,120 140.005345,37.112632,120 140.005088,37.112761,120 140.004959,37.113276,120 140.004702,37.113447,120 140.004401,37.113404,120 140.003972,37.112846,120 140.003757,37.112589,120 140.003586,37.112503,120 140.003071,37.111430,120 140.002899,37.111301,120 140.002770,37.111259,120 140.002127,37.111344,120 140.001526,37.111301,120 140.001011,37.111044,120 140.000995,37.111020,120 140.000587,37.111193,120 140.000995,37.111020,120 140.000839,37.110786,120 140.000668,37.109971,120 140.000668,37.109327,120 140.000968,37.108340,120 140.001311,37.107611,120 140.001225,37.107353,120 140.001011,37.107224,120 140.000153,37.107739,120 139.999509,37.107868,120 139.999166,37.108040,120 139.998994,37.107954,120 139.999037,37.107868,120 139.999766,37.107525,120 140.000110,37.107224,120 140.000281,37.106624,120 140.000582,37.105937,120 140.000625,37.105765,120 140.000496,37.105680,120 139.999766,37.105379,120 139.999466,37.105207,120 139.999294,37.104950,120 139.999251,37.104435,120 140.001183,37.101645,120 140.002341,37.100015,120 140.002556,37.099800,120 140.003500,37.099028,120 140.003672,37.098727,120 140.003715,37.098212,120 140.003757,37.097611,120 140.003629,37.097354,120 140.003285,37.097182,120 140.002985,37.097139,120 140.002685,37.097225,120 140.002427,37.097397,120 140.001783,37.097998,120 140.001440,37.098727,120 140.000625,37.099371,120 140.000410,37.099328,120 140.000324,37.099199,120 140.000582,37.097483,120 140.000668,37.097182,120 140.001011,37.096453,120 140.001655,37.095251,120 140.001826,37.094994,120 140.001955,37.094865,120 140.002384,37.094264,120 140.002470,37.094092,120 140.002899,37.093577,120 140.003328,37.092805,120 140.003328,37.092590,120 140.003071,37.092032,120 140.003200,37.091517,120 140.003414,37.091389,120 140.003672,37.091389,120 140.003843,37.091517,120 140.004101,37.091990,120 140.004358,37.092118,120 140.004573,37.092075,120 140.004659,37.091990,120 140.004787,37.091346,120 140.004959,37.090788,120 140.005774,37.090015,120 140.006719,37.088556,120 140.007234,37.088256,120 140.007448,37.088084,120 140.007706,37.087827,120 140.008006,37.087483,120 140.008049,37.087269,120 140.007491,37.086411,120 140.007405,37.086196,120 140.007534,37.086024,120 140.007792,37.085981,120 140.008907,37.085896,120 140.009851,37.085724,120 140.010152,37.085552,120 140.011911,37.083879,120 140.012598,37.083278,120 140.012941,37.082291,120 140.013113,37.081690,120 140.013199,37.081175,120 140.013328,37.080574,120 140.013413,37.079844,120 140.013671,37.078342,120 140.013757,37.077570,120 140.013928,37.076283,120 140.013714,37.075510,120 140.012941,37.074008,120 140.012941,37.073321,120 140.013070,37.072334,120 140.013371,37.069631,120 140.013585,37.066755,120 140.013456,37.066326,120 140.012898,37.064524,120 140.012512,37.063236,120 140.012469,37.061563,120 140.012426,37.058945,120 140.012555,37.058043,120 140.012898,37.056713,120 140.012941,37.056584,120 140.012941,37.056456,120 140.013070,37.056112,120 140.013242,37.055426,120 140.013526,37.054256,120 140.013451,37.054244,120 140.013526,37.054256,120 140.013628,37.053838,120 140.014014,37.052464,120 140.014100,37.051907,120 140.014186,37.049074,120 140.013885,37.047529,120 140.013499,37.046585,120 140.013328,37.045984,120 140.013242,37.044826,120 140.013456,37.044311,120 140.013542,37.044096,120 140.014057,37.043109,120 140.013585,37.043023,120 140.012212,37.042851,120 140.011911,37.042809,120 140.011568,37.042809,120 140.010753,37.042723,120 140.009894,37.042637,120 140.008178,37.042551,120 140.007749,37.042465,120 140.007491,37.042379,120 140.006547,37.042079,120 140.005774,37.041864,120 140.005131,37.041693,120 140.004444,37.041736,120 140.003414,37.041821,120 140.003114,37.041864,120 140.002255,37.041950,120 140.001998,37.041950,120 140.001655,37.041950,120 140.001354,37.041950,120 140.001268,37.041950,120 139.999895,37.041779,120 139.999723,37.041779,120 139.998779,37.041607,120 139.998565,37.041521,120 139.997964,37.041349,120 139.997363,37.041135,120 139.997149,37.041049,120 139.996762,37.040920,120 139.996676,37.040920,120 139.996634,37.040877,120 139.996462,37.040834,120 139.995432,37.040620,120 139.994874,37.040405,120 139.992256,37.038517,120 139.991655,37.037916,120 139.991441,37.037358,120 139.991441,37.035685,120 139.991269,37.034998,120 139.990797,37.034140,120 139.989638,37.033067,120 139.987750,37.031608,120 139.986248,37.030406,120 139.985862,37.030106,120 139.985476,37.029805,120 139.984961,37.029376,120 139.984617,37.029119,120 139.984145,37.028732,120 139.983287,37.028003,120 139.982343,37.027230,120 139.981956,37.026930,120 139.981399,37.026458,120 139.980884,37.026114,120 139.979467,37.025471,120 139.976249,37.024097,120 139.973330,37.022681,120 139.972644,37.022338,120 139.972129,37.022080,120 139.971614,37.021823,120 139.971056,37.021565,120 139.970369,37.021222,120 139.969640,37.020836,120 139.969211,37.020578,120 139.968910,37.020321,120 139.968266,37.019548,120 139.967623,37.018604,120 139.966464,37.016973,120 139.965777,37.015944,120 139.965005,37.014699,120 139.964619,37.014313,120 139.963202,37.013454,120 139.962859,37.013240,120 139.962473,37.013025,120 139.959254,37.011909,120 139.957924,37.011352,120 139.957366,37.011137,120 139.956508,37.010837,120 139.955907,37.010708,120 139.954104,37.010708,120 139.952602,37.010579,120 139.952302,37.010536,120 139.951229,37.010407,120 139.949856,37.010236,120 139.948654,37.009892,120 139.947667,37.009635,120 139.947324,37.009549,120 139.946594,37.009292,120 139.946380,37.009206,120 139.945779,37.008948,120 139.945307,37.008734,120 139.945006,37.008433,120 139.944921,37.008133,120 139.944921,37.008004,120 139.944878,37.007403,120 139.944921,37.006931,120 139.945178,37.006416,120 139.945393,37.005687,120 139.945393,37.004056,120 139.945264,37.003112,120 139.945221,37.002897,120 139.944749,37.000666,120 139.944277,36.999850,120 139.944191,36.999722,120 139.943848,36.999035,120 139.943676,36.998734,120 139.943118,36.997619,120 139.942431,36.996160,120 139.942389,36.996074,120 139.942389,36.995645,120 139.942517,36.995344,120 139.942646,36.994786,120 139.942603,36.994314,120 139.942303,36.993756,120 139.941616,36.993070,120 139.941230,36.992683,120 139.941015,36.992469,120 139.939814,36.991224,120 139.939256,36.990666,120 139.938140,36.989594,120 139.937625,36.989036,120 139.936681,36.988049,120 139.935780,36.986976,120 139.934878,36.986117,120 139.934793,36.986032,120 139.933290,36.984529,120 139.933205,36.984358,120 139.932861,36.983757,120 139.931874,36.982126,120 139.931788,36.981483,120 139.931703,36.980968,120 139.931359,36.980581,120 139.930930,36.980410,120 139.929857,36.980238,120 139.929471,36.979980,120 139.929256,36.979766,120 139.929042,36.979036,120 139.928484,36.977105,120 139.928226,36.976204,120 139.928098,36.975689,120 139.927454,36.973586,120 139.927411,36.973500,120 139.927025,36.972556,120 139.926939,36.972470,120 139.925995,36.971827,120 139.925652,36.971483,120 139.925222,36.971011,120 139.925051,36.970582,120 139.924965,36.970325,120 139.924579,36.969295,120 139.923291,36.968522,120 139.922690,36.968136,120 139.921403,36.967492,120 139.920759,36.967020,120 139.919944,36.966419,120 139.918785,36.965818,120 139.916897,36.964874,120 139.916854,36.964831,120 139.914837,36.963801,120 139.914021,36.963415,120 139.912906,36.962686,120 139.911833,36.961913,120 139.911060,36.961484,120 139.909258,36.960196,120 139.907584,36.959124,120 139.907413,36.958995,120 139.906940,36.958737,120 139.906254,36.958523,120 139.905567,36.958265,120 139.905138,36.958137,120 139.904237,36.957536,120 139.903893,36.957150,120 139.902992,36.955304,120 139.902735,36.955004,120 139.901404,36.954103,120 139.901190,36.954188,120 139.900374,36.954489,120 139.899516,36.954875,120 139.899173,36.955004,120 139.898443,36.955218,120 139.896340,36.956034,120 139.895997,36.956120,120 139.895740,36.956077,120 139.895482,36.955948,120 139.895225,36.955776,120 139.894581,36.954746,120 139.894238,36.954360,120 139.892693,36.953073,120 139.891748,36.952000,120 139.891491,36.951828,120 139.891276,36.951828,120 139.891105,36.951828,120 139.890504,36.951871,120 139.890332,36.951871,120 139.889688,36.951699,120 139.889088,36.951699,120 139.888959,36.951828,120 139.888744,36.952214,120 139.887929,36.952257,120 139.886942,36.952729,120 139.886599,36.952944,120 139.886513,36.952987,120 139.885483,36.953630,120 139.885097,36.954274,120 139.885011,36.954403,120 139.884152,36.954660,120 139.884109,36.954832,120 139.884152,36.955261,120 139.883895,36.955905,120 139.883766,36.955948,120 139.883637,36.955862,120 139.883208,36.955519,120 139.882865,36.955347,120 139.881663,36.955647,120 139.881449,36.955776,120 139.881148,36.956463,120 139.880118,36.957836,120 139.879131,36.959252,120 139.878831,36.960154,120 139.878745,36.960368,120 139.878659,36.960626,120 139.878531,36.961012,120 139.878402,36.961055,120 139.877844,36.961184,120 139.877286,36.961570,120 139.876986,36.962128,120 139.876471,36.962514,120 139.876213,36.962986,120 139.875784,36.963501,120 139.875355,36.963801,120 139.875054,36.963973,120 139.873724,36.964402,120 139.873552,36.964531,120 139.873295,36.964831,120 139.873295,36.965046,120 139.873424,36.965389,120 139.873338,36.965518,120 139.873080,36.965604,120 139.872479,36.965561,120 139.871836,36.965733,120 139.871707,36.965775,120 139.871149,36.965990,120 139.870162,36.966333,120 139.868875,36.966162,120 139.868274,36.966162,120 139.867458,36.966205,120 139.867415,36.966162,120 139.866686,36.965432,120 139.866128,36.965003,120 139.865699,36.964746,120 139.864755,36.964316,120 139.863596,36.963930,120 139.853940,36.962557,120 139.852824,36.962557,120 139.851751,36.962686,120 139.850678,36.962986,120 139.849734,36.963415,120 139.849691,36.963415,120 139.848919,36.963801,120 139.847975,36.964231,120 139.847803,36.964231,120 139.847589,36.964145,120 139.846387,36.963458,120 139.845014,36.963243,120 139.844155,36.963029,120 139.843554,36.963072,120 139.843168,36.962986,120 139.842353,36.962557,120 139.842052,36.962514,120 139.841709,36.962557,120 139.840937,36.963029,120 139.838963,36.963501,120 139.838619,36.963587,120 139.838448,36.963630,120 139.838233,36.963801,120 139.837890,36.964273,120 139.837761,36.964574,120 139.837332,36.965647,120 139.837031,36.966205,120 139.836817,36.967149,120 139.836688,36.967964,120 139.836516,36.968393,120 139.836473,36.968822,120 139.836001,36.969252,120 139.835401,36.969509,120 139.834886,36.969509,120 139.834199,36.969380,120 139.833169,36.969037,120 139.832482,36.968479,120 139.832268,36.968136,120 139.831195,36.967106,120 139.830551,36.966462,120 139.829736,36.966248,120 139.829006,36.966205,120 139.828577,36.966205,120 139.828019,36.966290,120 139.827418,36.966548,120 139.826946,36.966763,120 139.826045,36.967278,120 139.825959,36.967664,120 139.825788,36.967793,120 139.825015,36.967793,120 139.824543,36.967964,120 139.823599,36.968307,120 139.823298,36.968479,120 139.822226,36.967750,120 139.821882,36.967449,120 139.821367,36.967664,120 139.820938,36.967964,120 139.820166,36.968865,120 139.819479,36.969509,120 139.819436,36.969552,120 139.818707,36.970239,120 139.818492,36.970668,120 139.818449,36.970840,120 139.818192,36.971569,120 139.817591,36.972084,120 139.816947,36.972556,120 139.816003,36.973243,120 139.815488,36.973629,120 139.814544,36.974187,120 139.813900,36.974530,120 139.813299,36.974874,120 139.812355,36.975346,120 139.810424,36.975946,120 139.808364,36.977019,120 139.807763,36.977277,120 139.807334,36.977277,120 139.807034,36.977234,120 139.806004,36.977062,120 139.804158,36.976976,120 139.803128,36.976848,120 139.802828,36.976805,120 139.802399,36.976762,120 139.801798,36.976848,120 139.801772,36.976818,120 139.801791,36.976808,120 139.801772,36.976818,120 139.801798,36.976848,120 139.801154,36.977019,120 139.799051,36.977835,120 139.797163,36.978393,120 139.795918,36.978779,120 139.795189,36.978993,120 139.792957,36.979637,120 139.789524,36.981010,120 139.789052,36.981182,120 139.788795,36.981311,120 139.788022,36.981611,120 139.787593,36.981053,120 139.787250,36.980753,120 139.786048,36.980453,120 139.785490,36.980195,120 139.784417,36.980238,120 139.783430,36.979852,120 139.783216,36.979594,120 139.783087,36.979594,120 139.783087,36.979723,120 139.783773,36.980495,120 139.783688,36.980538,120 139.783473,36.980538,120 139.783130,36.980410,120 139.780941,36.978993,120 139.780426,36.978908,120 139.779525,36.978607,120 139.778838,36.978436,120 139.778152,36.977749,120 139.777551,36.977448,120 139.777207,36.977277,120 139.777122,36.976333,120 139.777079,36.976204,120 139.776993,36.976247,120 139.776950,36.976504,120 139.776778,36.976633,120 139.776607,36.976976,120 139.776006,36.977148,120 139.776092,36.977706,120 139.776006,36.977749,120 139.775491,36.977406,120 139.775405,36.976848,120 139.775319,36.976719,120 139.775147,36.976762,120 139.774632,36.977105,120 139.774375,36.977234,120 139.774117,36.977277,120 139.773560,36.977663,120 139.773216,36.977706,120 139.772873,36.977835,120 139.772658,36.977792,120 139.772143,36.977448,120 139.771585,36.977448,120 139.771285,36.977406,120 139.770341,36.976891,120 139.769568,36.976719,120 139.769354,36.976504,120 139.769139,36.976290,120 139.768496,36.976032,120 139.768238,36.975689,120 139.768109,36.975603,120 139.767594,36.975560,120 139.767208,36.975002,120 139.766779,36.974745,120 139.766479,36.974401,120 139.766178,36.974230,120 139.765577,36.973586,120 139.764848,36.973414,120 139.764419,36.973157,120 139.764161,36.973114,120 139.763432,36.972685,120 139.763002,36.972256,120 139.762616,36.972213,120 139.761801,36.971741,120 139.761672,36.971269,120 139.761543,36.971183,120 139.761715,36.970711,120 139.761715,36.970367,120 139.761715,36.970282,120 139.761543,36.970196,120 139.760642,36.970239,120 139.760513,36.970196,120 139.760385,36.970024,120 139.760041,36.969724,120 139.759741,36.969681,120 139.759741,36.969337,120 139.759398,36.969295,120 139.758797,36.969423,120 139.758539,36.969337,120 139.758539,36.969209,120 139.758840,36.969166,120 139.759054,36.968994,120 139.758925,36.968737,120 139.759011,36.968522,120 139.759269,36.968265,120 139.759226,36.968007,120 139.759698,36.967535,120 139.759784,36.967363,120 139.759741,36.967063,120 139.759483,36.966763,120 139.759226,36.966720,120 139.758754,36.966805,120 139.758625,36.966763,120 139.758625,36.966677,120 139.759097,36.966505,120 139.759398,36.966548,120 139.759955,36.966805,120 139.760385,36.967278,120 139.760599,36.967406,120 139.760685,36.967320,120 139.760599,36.967106,120 139.760470,36.966934,120 139.759998,36.966591,120 139.759870,36.966376,120 139.759483,36.966205,120 139.759440,36.966033,120 139.759569,36.965990,120 139.760041,36.966162,120 139.760556,36.966677,120 139.760900,36.966763,120 139.761457,36.966720,120 139.761887,36.967363,120 139.762144,36.967578,120 139.762273,36.967878,120 139.762444,36.967964,120 139.762659,36.967793,120 139.762702,36.967449,120 139.762745,36.967406,120 139.763474,36.967492,120 139.763775,36.967492,120 139.764547,36.967192,120 139.765749,36.966591,120 139.765792,36.966505,120 139.766607,36.965690,120 139.767637,36.965303,120 139.767766,36.965132,120 139.767895,36.964788,120 139.768238,36.964574,120 139.768667,36.964402,120 139.768839,36.964231,120 139.769354,36.963286,120 139.769654,36.963029,120 139.769998,36.962943,120 139.771156,36.962814,120 139.771757,36.962986,120 139.772444,36.963243,120 139.773045,36.963372,120 139.773130,36.962214,120 139.773216,36.962042,120 139.773946,36.961484,120 139.774203,36.961141,120 139.774418,36.960540,120 139.774418,36.960196,120 139.774332,36.959810,120 139.774461,36.959553,120 139.774632,36.959424,120 139.775190,36.959209,120 139.775577,36.959167,120 139.776049,36.959295,120 139.776263,36.959209,120 139.776521,36.958866,120 139.776521,36.958222,120 139.776649,36.957836,120 139.776864,36.957622,120 139.777250,36.957364,120 139.777765,36.957321,120 139.777980,36.956892,120 139.777851,36.956377,120 139.777980,36.956162,120 139.778237,36.955948,120 139.778323,36.955948,120 139.778366,36.955991,120 139.778237,36.956635,120 139.778366,36.957235,120 139.778581,36.957407,120 139.778881,36.957407,120 139.779353,36.956978,120 139.779353,36.956806,120 139.779224,36.956291,120 139.779310,36.955647,120 139.779525,36.955132,120 139.779439,36.954918,120 139.778666,36.954403,120 139.778366,36.954274,120 139.778066,36.954274,120 139.777422,36.954489,120 139.777164,36.954489,120 139.777079,36.954403,120 139.776950,36.953845,120 139.776692,36.953502,120 139.776607,36.953459,120 139.776306,36.953459,120 139.776134,36.953545,120 139.775620,36.953974,120 139.775019,36.954875,120 139.774504,36.954875,120 139.773645,36.954746,120 139.773431,36.954618,120 139.772787,36.953802,120 139.771757,36.953244,120 139.771371,36.953201,120 139.771156,36.953416,120 139.771156,36.954145,120 139.770985,36.954274,120 139.770813,36.954360,120 139.769011,36.954489,120 139.767895,36.954575,120 139.767680,36.954532,120 139.766521,36.954274,120 139.766049,36.954403,120 139.765019,36.954961,120 139.764719,36.955004,120 139.764376,36.954961,120 139.762788,36.954703,120 139.762230,36.954575,120 139.761801,36.954360,120 139.760728,36.953802,120 139.760342,36.953545,120 139.759011,36.952300,120 139.758797,36.952000,120 139.757595,36.949940,120 139.756951,36.949553,120 139.756866,36.949425,120 139.756908,36.948867,120 139.757209,36.948266,120 139.757080,36.947966,120 139.756651,36.947494,120 139.756608,36.947322,120 139.756694,36.947150,120 139.757080,36.946635,120 139.757123,36.946464,120 139.757209,36.945434,120 139.756951,36.944489,120 139.756994,36.944275,120 139.757338,36.943803,120 139.757252,36.943588,120 139.757123,36.943502,120 139.756823,36.943502,120 139.756308,36.943760,120 139.756179,36.943932,120 139.755750,36.944790,120 139.755492,36.944833,120 139.755321,36.944790,120 139.754977,36.944318,120 139.754891,36.943288,120 139.755106,36.942816,120 139.755664,36.942215,120 139.755750,36.941915,120 139.755664,36.941657,120 139.755449,36.941528,120 139.754677,36.941657,120 139.754505,36.941528,120 139.754162,36.940885,120 139.753861,36.940799,120 139.753561,36.940928,120 139.753346,36.941314,120 139.753175,36.941442,120 139.752831,36.941485,120 139.752531,36.940928,120 139.751930,36.940498,120 139.751676,36.940244,120 139.751595,36.940295,120 139.751676,36.940244,120 139.751673,36.940241,120 139.751501,36.939340,120 139.750643,36.938825,120 139.750514,36.938696,120 139.750471,36.938267,120 139.750643,36.937923,120 139.751287,36.937237,120 139.752359,36.936035,120 139.752831,36.934705,120 139.752874,36.933889,120 139.753346,36.933417,120 139.753647,36.932817,120 139.753690,36.932559,120 139.753561,36.932130,120 139.753819,36.931744,120 139.753819,36.931529,120 139.752874,36.929297,120 139.752789,36.927795,120 139.752831,36.927495,120 139.752917,36.927195,120 139.753604,36.926165,120 139.753604,36.925864,120 139.753346,36.925693,120 139.752874,36.925778,120 139.751244,36.926551,120 139.750986,36.926465,120 139.750772,36.926165,120 139.750557,36.925993,120 139.750428,36.925950,120 139.749870,36.925993,120 139.749742,36.926122,120 139.749656,36.926808,120 139.749527,36.926937,120 139.749398,36.926937,120 139.749312,36.926808,120 139.749355,36.926036,120 139.749184,36.925778,120 139.748540,36.925178,120 139.747553,36.924963,120 139.747252,36.924663,120 139.747252,36.923804,120 139.746952,36.922903,120 139.746866,36.921916,120 139.746952,36.921444,120 139.746909,36.921315,120 139.746737,36.921229,120 139.745879,36.921659,120 139.744077,36.921573,120 139.743133,36.921830,120 139.742832,36.921830,120 139.741287,36.921616,120 139.740901,36.921444,120 139.740171,36.920843,120 139.740043,36.920629,120 139.740086,36.919770,120 139.739957,36.919513,120 139.739442,36.919084,120 139.738755,36.918097,120 139.738669,36.917882,120 139.738712,36.917238,120 139.738626,36.916938,120 139.738154,36.916466,120 139.737468,36.916380,120 139.737253,36.916337,120 139.737167,36.916208,120 139.736953,36.914835,120 139.737039,36.914492,120 139.737682,36.913762,120 139.738240,36.913161,120 139.738369,36.912947,120 139.738326,36.912217,120 139.738197,36.912045,120 139.737811,36.911745,120 139.737468,36.911187,120 139.737468,36.910458,120 139.737296,36.910286,120 139.736609,36.910114,120 139.736438,36.909642,120 139.736395,36.909428,120 139.736524,36.909170,120 139.737382,36.908312,120 139.737768,36.908140,120 139.738240,36.908097,120 139.738626,36.907539,120 139.739528,36.907239,120 139.739914,36.907282,120 139.740515,36.907496,120 139.740858,36.907496,120 139.740987,36.907282,120 139.740858,36.906767,120 139.740901,36.906595,120 139.741244,36.906381,120 139.742060,36.906381,120 139.742274,36.905994,120 139.742446,36.905866,120 139.743047,36.905866,120 139.743261,36.905823,120 139.743862,36.905351,120 139.744034,36.905394,120 139.744377,36.905737,120 139.744549,36.905780,120 139.745364,36.905479,120 139.746137,36.905522,120 139.746437,36.905308,120 139.746652,36.904836,120 139.746737,36.904578,120 139.746737,36.904192,120 139.746437,36.904020,120 139.745879,36.903977,120 139.745750,36.903892,120 139.745235,36.903291,120 139.744506,36.902905,120 139.743862,36.902604,120 139.743733,36.902518,120 139.743433,36.901832,120 139.742789,36.901188,120 139.742532,36.901016,120 139.741631,36.900759,120 139.740171,36.899686,120 139.740043,36.899385,120 139.740386,36.898828,120 139.740257,36.898656,120 139.740043,36.898699,120 139.739614,36.899600,120 139.739442,36.899729,120 139.739270,36.899729,120 139.739184,36.899686,120 139.739056,36.899257,120 139.739141,36.898656,120 139.738927,36.898055,120 139.739099,36.897883,120 139.739699,36.897712,120 139.739785,36.897540,120 139.739442,36.897154,120 139.739356,36.896811,120 139.739356,36.896167,120 139.739699,36.895652,120 139.739656,36.894922,120 139.739957,36.893892,120 139.739957,36.893592,120 139.739742,36.893291,120 139.738369,36.892519,120 139.737811,36.891832,120 139.737940,36.891232,120 139.737639,36.889987,120 139.738111,36.889343,120 139.738154,36.889086,120 139.738069,36.888871,120 139.737210,36.888013,120 139.737210,36.887884,120 139.737425,36.887755,120 139.738541,36.887584,120 139.738669,36.887412,120 139.738884,36.886897,120 139.738884,36.886725,120 139.738669,36.886640,120 139.738240,36.886683,120 139.738111,36.886854,120 139.738069,36.887197,120 139.737854,36.887369,120 139.737210,36.887240,120 139.736609,36.887240,120 139.736395,36.887155,120 139.735193,36.886425,120 139.735065,36.886253,120 139.735107,36.886082,120 139.735193,36.886082,120 139.735837,36.886210,120 139.736094,36.886210,120 139.736309,36.885996,120 139.736352,36.885481,120 139.736180,36.885395,120 139.736052,36.885438,120 139.735966,36.885910,120 139.735794,36.885953,120 139.735665,36.885910,120 139.735365,36.885438,120 139.735107,36.885352,120 139.734507,36.885824,120 139.733863,36.885996,120 139.733777,36.886082,120 139.733520,36.886768,120 139.733090,36.887240,120 139.732962,36.887455,120 139.733005,36.888185,120 139.732876,36.888399,120 139.732533,36.888828,120 139.732189,36.889129,120 139.731674,36.889429,120 139.731417,36.889558,120 139.731331,36.889558,120 139.731202,36.889429,120 139.731288,36.889300,120 139.731846,36.889086,120 139.732018,36.888957,120 139.732060,36.888742,120 139.732060,36.888356,120 139.732318,36.888099,120 139.732361,36.888013,120 139.732232,36.887841,120 139.731760,36.887584,120 139.731588,36.886811,120 139.731674,36.886683,120 139.731846,36.886640,120 139.732533,36.886511,120 139.732704,36.886425,120 139.732747,36.886339,120 139.732661,36.886082,120 139.731760,36.885309,120 139.731760,36.885138,120 139.732361,36.884794,120 139.733090,36.884794,120 139.733305,36.884665,120 139.733219,36.884408,120 139.732917,36.883989,120 139.732935,36.883981,120 139.732917,36.883989,120 139.732103,36.882863,120 139.732060,36.882691,120 139.732575,36.882391,120 139.732575,36.882262,120 139.732447,36.881490,120 139.732146,36.881061,120 139.732060,36.880932,120 139.732146,36.880717,120 139.732876,36.880074,120 139.732919,36.879902,120 139.732833,36.879816,120 139.732704,36.879773,120 139.732318,36.879945,120 139.732232,36.880031,120 139.732189,36.880417,120 139.731588,36.880589,120 139.731545,36.880803,120 139.731760,36.881490,120 139.731503,36.882091,120 139.731202,36.882262,120 139.730859,36.882305,120 139.730000,36.882648,120 139.729786,36.882606,120 139.729743,36.882434,120 139.729786,36.882391,120 139.730301,36.882305,120 139.730601,36.882219,120 139.731073,36.881704,120 139.731159,36.881447,120 139.731030,36.881061,120 139.730387,36.880546,120 139.730387,36.880374,120 139.730515,36.880074,120 139.730344,36.879516,120 139.730515,36.879301,120 139.731073,36.879001,120 139.731116,36.878829,120 139.730258,36.877885,120 139.730172,36.877542,120 139.730258,36.877112,120 139.730215,36.876984,120 139.730086,36.876898,120 139.729829,36.876855,120 139.729571,36.876984,120 139.729400,36.877284,120 139.729443,36.877456,120 139.729614,36.877799,120 139.729571,36.877885,120 139.729099,36.878014,120 139.728971,36.878099,120 139.729056,36.878228,120 139.729486,36.878357,120 139.729528,36.878529,120 139.729357,36.878614,120 139.728284,36.878572,120 139.728112,36.878700,120 139.728155,36.878872,120 139.728541,36.879086,120 139.728584,36.879258,120 139.728456,36.879344,120 139.727769,36.879301,120 139.727383,36.879644,120 139.726911,36.879559,120 139.726396,36.880031,120 139.726267,36.880031,120 139.726052,36.879945,120 139.725709,36.879430,120 139.725494,36.879344,120 139.725366,36.879387,120 139.725065,36.879730,120 139.724464,36.879601,120 139.724293,36.879644,120 139.724207,36.879773,120 139.724121,36.880031,120 139.723992,36.880116,120 139.723778,36.880159,120 139.723048,36.880031,120 139.722662,36.880202,120 139.722276,36.880460,120 139.722018,36.880546,120 139.721804,36.880503,120 139.721332,36.879945,120 139.721160,36.879859,120 139.720259,36.879773,120 139.720130,36.879644,120 139.720173,36.879559,120 139.720387,36.879344,120 139.720387,36.879129,120 139.720259,36.879044,120 139.719744,36.878915,120 139.719615,36.878786,120 139.719615,36.878700,120 139.719744,36.878614,120 139.720645,36.878228,120 139.721246,36.877584,120 139.721203,36.877456,120 139.720645,36.876941,120 139.720430,36.876554,120 139.720087,36.876168,120 139.720259,36.875653,120 139.720087,36.874838,120 139.720259,36.874409,120 139.720216,36.874280,120 139.719872,36.874194,120 139.719787,36.874065,120 139.719872,36.873937,120 139.720130,36.873765,120 139.720173,36.873035,120 139.720645,36.872478,120 139.720559,36.872306,120 139.720302,36.872134,120 139.720259,36.872048,120 139.720387,36.871920,120 139.721203,36.872263,120 139.721546,36.872263,120 139.722061,36.872091,120 139.722619,36.872005,120 139.722834,36.871791,120 139.722834,36.871533,120 139.722233,36.870933,120 139.721975,36.870589,120 139.721503,36.870503,120 139.721203,36.870375,120 139.720774,36.870031,120 139.720173,36.870031,120 139.719272,36.869817,120 139.719186,36.869774,120 139.719100,36.869645,120 139.719315,36.869516,120 139.720044,36.869860,120 139.720817,36.869860,120 139.721503,36.870074,120 139.723048,36.870375,120 139.723220,36.870589,120 139.723263,36.870975,120 139.723349,36.871061,120 139.723563,36.871104,120 139.723649,36.870933,120 139.723306,36.870203,120 139.723134,36.870031,120 139.722404,36.869988,120 139.720473,36.869345,120 139.720130,36.869173,120 139.719701,36.868486,120 139.719701,36.867499,120 139.719186,36.866083,120 139.719143,36.865396,120 139.718628,36.865010,120 139.718285,36.864796,120 139.718070,36.864538,120 139.717813,36.864066,120 139.717083,36.863422,120 139.716825,36.863723,120 139.716825,36.864452,120 139.716740,36.864581,120 139.715581,36.865096,120 139.715323,36.865096,120 139.714723,36.864924,120 139.714293,36.864967,120 139.714079,36.865053,120 139.713778,36.865568,120 139.713650,36.865654,120 139.713049,36.865826,120 139.712791,36.865954,120 139.712319,36.866426,120 139.711804,36.866641,120 139.711590,36.866727,120 139.710989,36.866941,120 139.710689,36.867070,120 139.710131,36.867328,120 139.709444,36.867757,120 139.708028,36.868315,120 139.707170,36.868958,120 139.706869,36.869044,120 139.706740,36.869173,120 139.706397,36.869559,120 139.705796,36.869817,120 139.705625,36.869988,120 139.705410,36.870117,120 139.705281,36.870246,120 139.705238,36.870375,120 139.705281,36.870718,120 139.705410,36.871276,120 139.705453,36.872005,120 139.705324,36.872778,120 139.705110,36.873293,120 139.705024,36.873465,120 139.702363,36.877198,120 139.701891,36.877670,120 139.701033,36.878271,120 139.700775,36.878443,120 139.700432,36.878786,120 139.700432,36.879044,120 139.701076,36.879902,120 139.701419,36.880460,120 139.701633,36.880631,120 139.702320,36.880846,120 139.702449,36.880975,120 139.702835,36.881533,120 139.703221,36.882219,120 139.703264,36.882563,120 139.703050,36.883464,120 139.703178,36.884065,120 139.703393,36.884751,120 139.703436,36.884923,120 139.703693,36.885481,120 139.703994,36.885867,120 139.704466,36.886253,120 139.704638,36.886382,120 139.704723,36.886597,120 139.704723,36.886811,120 139.704852,36.887884,120 139.704981,36.888442,120 139.705238,36.888957,120 139.705453,36.889086,120 139.706182,36.889257,120 139.706569,36.889515,120 139.706783,36.889815,120 139.706869,36.890330,120 139.707341,36.890888,120 139.707470,36.891146,120 139.707556,36.891789,120 139.707899,36.892262,120 139.707856,36.892476,120 139.707341,36.892691,120 139.707041,36.892905,120 139.707170,36.893163,120 139.707942,36.894021,120 139.708200,36.894279,120 139.708586,36.894407,120 139.709487,36.894407,120 139.709830,36.894364,120 139.710817,36.894193,120 139.711032,36.894193,120 139.711032,36.894836,120 139.710903,36.895137,120 139.710774,36.895308,120 139.710474,36.895652,120 139.710217,36.895952,120 139.710045,36.896081,120 139.709659,36.896124,120 139.709058,36.896081,120 139.708028,36.895995,120 139.707255,36.896467,120 139.705710,36.896596,120 139.705367,36.896553,120 139.703565,36.895995,120 139.702106,36.895823,120 139.701676,36.895695,120 139.701548,36.895738,120 139.701548,36.895781,120 139.701633,36.895866,120 139.703522,36.896296,120 139.704123,36.896510,120 139.705024,36.897111,120 139.706268,36.897583,120 139.706998,36.897497,120 139.708242,36.897583,120 139.708371,36.897755,120 139.708285,36.898055,120 139.707685,36.898656,120 139.707212,36.898956,120 139.706483,36.899042,120 139.705925,36.899385,120 139.705625,36.899557,120 139.705153,36.900029,120 139.704852,36.900201,120 139.704680,36.900330,120 139.704294,36.900845,120 139.703650,36.900973,120 139.703608,36.901145,120 139.703822,36.901832,120 139.703608,36.902905,120 139.703436,36.903806,120 139.703393,36.903892,120 139.703264,36.904106,120 139.702663,36.904407,120 139.702578,36.905479,120 139.701676,36.907368,120 139.701548,36.907711,120 139.700990,36.910243,120 139.700775,36.910801,120 139.700689,36.910930,120 139.698758,36.914577,120 139.698501,36.915092,120 139.698200,36.915393,120 139.697943,36.915522,120 139.697256,36.915607,120 139.696870,36.915822,120 139.695454,36.917710,120 139.694338,36.918225,120 139.693780,36.918483,120 139.693136,36.918740,120 139.692020,36.919556,120 139.691634,36.919770,120 139.690905,36.920071,120 139.690347,36.920071,120 139.689789,36.920114,120 139.689188,36.920414,120 139.688716,36.920714,120 139.687729,36.921487,120 139.687428,36.921873,120 139.687257,36.922302,120 139.687257,36.922903,120 139.687557,36.923676,120 139.687858,36.924276,120 139.687943,36.924362,120 139.689617,36.927495,120 139.690003,36.928439,120 139.690132,36.929126,120 139.689145,36.929297,120 139.688587,36.929684,120 139.685841,36.930585,120 139.685411,36.930671,120 139.684381,36.930885,120 139.683137,36.930971,120 139.682064,36.931186,120 139.680648,36.931572,120 139.679961,36.931744,120 139.679489,36.931829,120 139.678974,36.931915,120 139.678459,36.932001,120 139.677730,36.932130,120 139.676828,36.932344,120 139.676313,36.932516,120 139.675455,36.933031,120 139.674726,36.933804,120 139.674468,36.934061,120 139.673996,36.934276,120 139.672451,36.934662,120 139.671979,36.934705,120 139.671593,36.934619,120 139.671335,36.934447,120 139.671078,36.934233,120 139.670048,36.932902,120 139.669061,36.931400,120 139.668632,36.930971,120 139.668117,36.930757,120 139.667473,36.930671,120 139.667130,36.930671,120 139.666657,36.930799,120 139.666100,36.931100,120 139.666014,36.931186,120 139.665799,36.931400,120 139.665627,36.931787,120 139.665542,36.932302,120 139.665542,36.933117,120 139.665413,36.933589,120 139.665284,36.933804,120 139.664855,36.934276,120 139.664426,36.934490,120 139.664168,36.934533,120 139.663568,36.934533,120 139.663010,36.934319,120 139.662237,36.933546,120 139.661765,36.932774,120 139.661293,36.931872,120 139.660907,36.931357,120 139.660435,36.930928,120 139.659491,36.930285,120 139.658675,36.929941,120 139.658074,36.929727,120 139.657946,36.929684,120 139.657860,36.929684,120 139.656830,36.929555,120 139.656057,36.929555,120 139.655800,36.929555,120 139.654727,36.929770,120 139.653654,36.930113,120 139.648805,36.932774,120 139.647946,36.933246,120 139.646745,36.933846,120 139.645672,36.934104,120 139.644341,36.934190,120 139.641466,36.933889,120 139.639578,36.933932,120 139.637990,36.934147,120 139.637132,36.934404,120 139.635329,36.935048,120 139.635158,36.935091,120 139.633870,36.935606,120 139.632025,36.936507,120 139.630866,36.937237,120 139.629922,36.938009,120 139.629149,36.938782,120 139.628849,36.939125,120 139.628162,36.940155,120 139.627948,36.940498,120 139.627733,36.940928,120 139.627647,36.941314,120 139.627819,36.942472,120 139.627776,36.942816,120 139.627647,36.943202,120 139.627476,36.943460,120 139.627175,36.943760,120 139.626017,36.944447,120 139.625502,36.944919,120 139.625287,36.945348,120 139.625201,36.945734,120 139.625287,36.946592,120 139.625330,36.947064,120 139.625330,36.947665,120 139.625115,36.948438,120 139.624772,36.949124,120 139.623699,36.950455,120 139.623313,36.951270,120 139.623141,36.952000,120 139.623141,36.952815,120 139.623227,36.953287,120 139.623356,36.953630,120 139.624043,36.955605,120 139.624085,36.956420,120 139.624000,36.957407,120 139.623871,36.958737,120 139.623699,36.959553,120 139.623356,36.960797,120 139.623270,36.960883,120 139.622798,36.961956,120 139.622283,36.962771,120 139.621725,36.963329,120 139.620910,36.964016,120 139.620481,36.964359,120 139.620137,36.964488,120 139.619751,36.964488,120 139.619150,36.964359,120 139.617863,36.964102,120 139.617305,36.963973,120 139.616790,36.964059,120 139.616489,36.964231,120 139.616446,36.964273,120 139.615717,36.964617,120 139.615288,36.964831,120 139.614773,36.965046,120 139.614515,36.965218,120 139.614258,36.965303,120 139.614086,36.965389,120 139.613786,36.965518,120 139.613185,36.965947,120 139.612627,36.966934,120 139.612327,36.967535,120 139.612069,36.967750,120 139.611554,36.967964,120 139.611340,36.968050,120 139.610267,36.968050,120 139.610052,36.968050,120 139.608979,36.968050,120 139.608636,36.968050,120 139.607606,36.968093,120 139.607520,36.968093,120 139.607091,36.968179,120 139.606748,36.968265,120 139.606061,36.968865,120 139.605160,36.969810,120 139.604774,36.970196,120 139.604473,36.970496,120 139.604344,36.970668,120 139.604001,36.970968,120 139.603701,36.971140,120 139.603271,36.971140,120 139.602885,36.971054,120 139.602284,36.970840,120 139.601984,36.970625,120 139.601684,36.970282,120 139.600482,36.968479,120 139.600139,36.968179,120 139.599624,36.967964,120 139.599152,36.967578,120 139.598680,36.966891,120 139.598379,36.966290,120 139.598122,36.966076,120 139.597907,36.966033,120 139.597650,36.965947,120 139.597521,36.965947,120 139.596620,36.965604,120 139.595032,36.964831,120 139.593444,36.964145,120 139.592843,36.963801,120 139.592242,36.963458,120 139.591899,36.962986,120 139.591684,36.962857,120 139.590869,36.962557,120 139.590526,36.962514,120 139.590096,36.962514,120 139.589796,36.962643,120 139.589152,36.962643,120 139.588380,36.962514,120 139.587007,36.962214,120 139.585850,36.962143,120 139.585904,36.961578,120</coordinates></LineString></Placemark>
</Document></kml>
