<?xml version="1.0" encoding="UTF-8"?>
<kml xmlns="http://www.opengis.net/kml/2.2" xmlns:gx="http://www.google.com/kml/ext/2.2">
<Document><name>10/15 Thu · Yunishigawa → Tokyo</name><description>The long run home to Rushcorp. Flyover runs 21 min at 300 m (984 ft) above ground, tilt 60°. Double-click the tour below to play it.</description>
<Style id="rt"><LineStyle><color>b32fd5ff</color><width>3</width></LineStyle></Style>
<gx:Tour><name>▶ 10/15 Thu · Yunishigawa → Tokyo — 237 km (147 mi)</name><description>The long run home to Rushcorp.</description><gx:Playlist><gx:FlyTo><gx:duration>4</gx:duration><gx:flyToMode>bounce</gx:flyToMode><Camera><longitude>139.585904</longitude><latitude>36.961578</latitude><altitude>300</altitude><heading>261.5</heading><tilt>60</tilt><altitudeMode>relativeToGround</altitudeMode></Camera></gx:FlyTo><gx:FlyTo><gx:duration>5.73</gx:duration><gx:flyToMode>smooth</gx:flyToMode><Camera><longitude>139.576535</longitude><latitude>36.960454</latitude><altitude>300</altitude><heading>235.2</heading><tilt>60</tilt><altitudeMode>relativeToGround</altitudeMode></Camera></gx:FlyTo><gx:FlyTo><gx:duration>5.73</gx:duration><gx:flyToMode>smooth</gx:flyToMode><Camera><longitude>139.569969</longitude><latitude>36.956806</latitude><altitude>300</altitude><heading>220.9</heading><tilt>60</tilt><altitudeMode>relativeToGround</altitudeMode></Camera></gx:FlyTo><gx:FlyTo><gx:duration>5.73</gx:duration><gx:flyToMode>smooth</gx:flyToMode><Camera><longitude>139.563274</longitude><latitude>36.950626</latitude><altitude>300</altitude><heading>208.7</heading><tilt>60</tilt><altitudeMode>relativeToGround</altitudeMode></Camera></gx:FlyTo><gx:FlyTo><gx:duration>5.73</gx:duration><gx:flyToMode>smooth</gx:flyToMode><Camera><longitude>139.559069</longitude><latitude>36.944489</latitude><altitude>300</altitude><heading>183.1</heading><tilt>60</tilt><altitudeMode>relativeToGround</altitudeMode></Camera></gx:FlyTo><gx:FlyTo><gx:duration>5.73</gx:duration><gx:flyToMode>smooth</gx:flyToMode><Camera><longitude>139.558511</longitude><latitude>36.936293</latitude><altitude>300</altitude><heading>202.5</heading><tilt>60</tilt><altitudeMode>relativeToGround</altitudeMode></Camera></gx:FlyTo><gx:FlyTo><gx:duration>5.73</gx:duration><gx:flyToMode>smooth</gx:flyToMode><Camera><longitude>139.554734</longitude><latitude>36.928997</latitude><altitude>300</altitude><heading>203.9</heading><tilt>60</tilt><altitudeMode>relativeToGround</altitudeMode></Camera></gx:FlyTo><gx:FlyTo><gx:duration>5.73</gx:duration><gx:flyToMode>smooth</gx:flyToMode><Camera><longitude>139.552073</longitude><latitude>36.924191</latitude><altitude>300</altitude><heading>176.9</heading><tilt>60</tilt><altitudeMode>relativeToGround</altitudeMode></Camera></gx:FlyTo><gx:FlyTo><gx:duration>5.73</gx:duration><gx:flyToMode>smooth</gx:flyToMode><Camera><longitude>139.552417</longitude><latitude>36.919084</latitude><altitude>300</altitude><heading>147.1</heading><tilt>60</tilt><altitudeMode>relativeToGround</altitudeMode></Camera></gx:FlyTo><gx:FlyTo><gx:duration>5.73</gx:duration><gx:flyToMode>smooth</gx:flyToMode><Camera><longitude>139.553876</longitude><latitude>36.917281</latitude><altitude>300</altitude><heading>211.1</heading><tilt>60</tilt><altitudeMode>relativeToGround</altitudeMode></Camera></gx:FlyTo><gx:FlyTo><gx:duration>5.73</gx:duration><gx:flyToMode>smooth</gx:flyToMode><Camera><longitude>139.552417</longitude><latitude>36.915350</latitude><altitude>300</altitude><heading>236.4</heading><tilt>60</tilt><altitudeMode>relativeToGround</altitudeMode></Camera></gx:FlyTo><gx:FlyTo><gx:duration>5.73</gx:duration><gx:flyToMode>smooth</gx:flyToMode><Camera><longitude>139.546752</longitude><latitude>36.912346</latitude><altitude>300</altitude><heading>131.7</heading><tilt>60</tilt><altitudeMode>relativeToGround</altitudeMode></Camera></gx:FlyTo><gx:FlyTo><gx:duration>5.73</gx:duration><gx:flyToMode>smooth</gx:flyToMode><Camera><longitude>139.553790</longitude><latitude>36.907325</latitude><altitude>300</altitude><heading>153.5</heading><tilt>60</tilt><altitudeMode>relativeToGround</altitudeMode></Camera></gx:FlyTo><gx:FlyTo><gx:duration>5.73</gx:duration><gx:flyToMode>smooth</gx:flyToMode><Camera><longitude>139.556494</longitude><latitude>36.902990</latitude><altitude>300</altitude><heading>137.0</heading><tilt>60</tilt><altitudeMode>relativeToGround</altitudeMode></Camera></gx:FlyTo><gx:FlyTo><gx:duration>5.73</gx:duration><gx:flyToMode>smooth</gx:flyToMode><Camera><longitude>139.562545</longitude><latitude>36.897798</latitude><altitude>300</altitude><heading>133.6</heading><tilt>60</tilt><altitudeMode>relativeToGround</altitudeMode></Camera></gx:FlyTo><gx:FlyTo><gx:duration>5.73</gx:duration><gx:flyToMode>smooth</gx:flyToMode><Camera><longitude>139.570999</longitude><latitude>36.891360</latitude><altitude>300</altitude><heading>126.1</heading><tilt>60</tilt><altitudeMode>relativeToGround</altitudeMode></Camera></gx:FlyTo><gx:FlyTo><gx:duration>5.73</gx:duration><gx:flyToMode>smooth</gx:flyToMode><Camera><longitude>139.579754</longitude><latitude>36.886253</latitude><altitude>300</altitude><heading>160.9</heading><tilt>60</tilt><altitudeMode>relativeToGround</altitudeMode></Camera></gx:FlyTo><gx:FlyTo><gx:duration>5.73</gx:duration><gx:flyToMode>smooth</gx:flyToMode><Camera><longitude>139.582286</longitude><latitude>36.880417</latitude><altitude>300</altitude><heading>152.4</heading><tilt>60</tilt><altitudeMode>relativeToGround</altitudeMode></Camera></gx:FlyTo><gx:FlyTo><gx:duration>5.73</gx:duration><gx:flyToMode>smooth</gx:flyToMode><Camera><longitude>139.586577</longitude><latitude>36.873851</latitude><altitude>300</altitude><heading>99.7</heading><tilt>60</tilt><altitudeMode>relativeToGround</altitudeMode></Camera></gx:FlyTo><gx:FlyTo><gx:duration>5.73</gx:duration><gx:flyToMode>smooth</gx:flyToMode><Camera><longitude>139.594131</longitude><latitude>36.872821</latitude><altitude>300</altitude><heading>135.4</heading><tilt>60</tilt><altitudeMode>relativeToGround</altitudeMode></Camera></gx:FlyTo><gx:FlyTo><gx:duration>5.73</gx:duration><gx:flyToMode>smooth</gx:flyToMode><Camera><longitude>139.597306</longitude><latitude>36.870246</latitude><altitude>300</altitude><heading>112.7</heading><tilt>60</tilt><altitudeMode>relativeToGround</altitudeMode></Camera></gx:FlyTo><gx:FlyTo><gx:duration>5.73</gx:duration><gx:flyToMode>smooth</gx:flyToMode><Camera><longitude>139.604988</longitude><latitude>36.867671</latitude><altitude>300</altitude><heading>275.8</heading><tilt>60</tilt><altitudeMode>relativeToGround</altitudeMode></Camera></gx:FlyTo><gx:FlyTo><gx:duration>5.73</gx:duration><gx:flyToMode>smooth</gx:flyToMode><Camera><longitude>139.594946</longitude><latitude>36.868486</latitude><altitude>300</altitude><heading>259.9</heading><tilt>60</tilt><altitudeMode>relativeToGround</altitudeMode></Camera></gx:FlyTo><gx:FlyTo><gx:duration>5.73</gx:duration><gx:flyToMode>smooth</gx:flyToMode><Camera><longitude>139.583488</longitude><latitude>36.866856</latitude><altitude>300</altitude><heading>258.0</heading><tilt>60</tilt><altitudeMode>relativeToGround</altitudeMode></Camera></gx:FlyTo><gx:FlyTo><gx:duration>5.73</gx:duration><gx:flyToMode>smooth</gx:flyToMode><Camera><longitude>139.573102</longitude><latitude>36.865096</latitude><altitude>300</altitude><heading>253.8</heading><tilt>60</tilt><altitudeMode>relativeToGround</altitudeMode></Camera></gx:FlyTo><gx:FlyTo><gx:duration>5.73</gx:duration><gx:flyToMode>smooth</gx:flyToMode><Camera><longitude>139.563146</longitude><latitude>36.862779</latitude><altitude>300</altitude><heading>291.2</heading><tilt>60</tilt><altitudeMode>relativeToGround</altitudeMode></Camera></gx:FlyTo><gx:FlyTo><gx:duration>5.73</gx:duration><gx:flyToMode>smooth</gx:flyToMode><Camera><longitude>139.555120</longitude><latitude>36.865268</latitude><altitude>300</altitude><heading>256.6</heading><tilt>60</tilt><altitudeMode>relativeToGround</altitudeMode></Camera></gx:FlyTo><gx:FlyTo><gx:duration>5.73</gx:duration><gx:flyToMode>smooth</gx:flyToMode><Camera><longitude>139.545894</longitude><latitude>36.863508</latitude><altitude>300</altitude><heading>250.5</heading><tilt>60</tilt><altitudeMode>relativeToGround</altitudeMode></Camera></gx:FlyTo><gx:FlyTo><gx:duration>5.73</gx:duration><gx:flyToMode>smooth</gx:flyToMode><Camera><longitude>139.535766</longitude><latitude>36.860633</latitude><altitude>300</altitude><heading>299.2</heading><tilt>60</tilt><altitudeMode>relativeToGround</altitudeMode></Camera></gx:FlyTo><gx:FlyTo><gx:duration>5.73</gx:duration><gx:flyToMode>smooth</gx:flyToMode><Camera><longitude>139.525766</longitude><latitude>36.865096</latitude><altitude>300</altitude><heading>300.5</heading><tilt>60</tilt><altitudeMode>relativeToGround</altitudeMode></Camera></gx:FlyTo><gx:FlyTo><gx:duration>5.73</gx:duration><gx:flyToMode>smooth</gx:flyToMode><Camera><longitude>139.522848</longitude><latitude>36.866469</latitude><altitude>300</altitude><heading>308.0</heading><tilt>60</tilt><altitudeMode>relativeToGround</altitudeMode></Camera></gx:FlyTo><gx:FlyTo><gx:duration>5.73</gx:duration><gx:flyToMode>smooth</gx:flyToMode><Camera><longitude>139.518170</longitude><latitude>36.869388</latitude><altitude>300</altitude><heading>313.0</heading><tilt>60</tilt><altitudeMode>relativeToGround</altitudeMode></Camera></gx:FlyTo><gx:FlyTo><gx:duration>5.73</gx:duration><gx:flyToMode>smooth</gx:flyToMode><Camera><longitude>139.511604</longitude><latitude>36.874280</latitude><altitude>300</altitude><heading>271.4</heading><tilt>60</tilt><altitudeMode>relativeToGround</altitudeMode></Camera></gx:FlyTo><gx:FlyTo><gx:duration>5.73</gx:duration><gx:flyToMode>smooth</gx:flyToMode><Camera><longitude>139.505124</longitude><latitude>36.874409</latitude><altitude>300</altitude><heading>305.5</heading><tilt>60</tilt><altitudeMode>relativeToGround</altitudeMode></Camera></gx:FlyTo><gx:FlyTo><gx:duration>5.73</gx:duration><gx:flyToMode>smooth</gx:flyToMode><Camera><longitude>139.497828</longitude><latitude>36.878572</latitude><altitude>300</altitude><heading>267.7</heading><tilt>60</tilt><altitudeMode>relativeToGround</altitudeMode></Camera></gx:FlyTo><gx:FlyTo><gx:duration>5.73</gx:duration><gx:flyToMode>smooth</gx:flyToMode><Camera><longitude>139.489632</longitude><latitude>36.878314</latitude><altitude>300</altitude><heading>282.2</heading><tilt>60</tilt><altitudeMode>relativeToGround</altitudeMode></Camera></gx:FlyTo><gx:FlyTo><gx:duration>5.73</gx:duration><gx:flyToMode>smooth</gx:flyToMode><Camera><longitude>139.480190</longitude><latitude>36.879945</latitude><altitude>300</altitude><heading>261.1</heading><tilt>60</tilt><altitudeMode>relativeToGround</altitudeMode></Camera></gx:FlyTo><gx:FlyTo><gx:duration>5.73</gx:duration><gx:flyToMode>smooth</gx:flyToMode><Camera><longitude>139.472337</longitude><latitude>36.878958</latitude><altitude>300</altitude><heading>283.6</heading><tilt>60</tilt><altitudeMode>relativeToGround</altitudeMode></Camera></gx:FlyTo><gx:FlyTo><gx:duration>5.73</gx:duration><gx:flyToMode>smooth</gx:flyToMode><Camera><longitude>139.461908</longitude><latitude>36.880975</latitude><altitude>300</altitude><heading>240.3</heading><tilt>60</tilt><altitudeMode>relativeToGround</altitudeMode></Camera></gx:FlyTo><gx:FlyTo><gx:duration>5.73</gx:duration><gx:flyToMode>smooth</gx:flyToMode><Camera><longitude>139.457960</longitude><latitude>36.879172</latitude><altitude>300</altitude><heading>163.0</heading><tilt>60</tilt><altitudeMode>relativeToGround</altitudeMode></Camera></gx:FlyTo><gx:FlyTo><gx:duration>5.73</gx:duration><gx:flyToMode>smooth</gx:flyToMode><Camera><longitude>139.458518</longitude><latitude>36.877713</latitude><altitude>300</altitude><heading>235.6</heading><tilt>60</tilt><altitudeMode>relativeToGround</altitudeMode></Camera></gx:FlyTo><gx:FlyTo><gx:duration>5.73</gx:duration><gx:flyToMode>smooth</gx:flyToMode><Camera><longitude>139.456244</longitude><latitude>36.876469</latitude><altitude>300</altitude><heading>172.7</heading><tilt>60</tilt><altitudeMode>relativeToGround</altitudeMode></Camera></gx:FlyTo><gx:FlyTo><gx:duration>5.73</gx:duration><gx:flyToMode>smooth</gx:flyToMode><Camera><longitude>139.456930</longitude><latitude>36.872177</latitude><altitude>300</altitude><heading>127.2</heading><tilt>60</tilt><altitudeMode>relativeToGround</altitudeMode></Camera></gx:FlyTo><gx:FlyTo><gx:duration>5.73</gx:duration><gx:flyToMode>smooth</gx:flyToMode><Camera><longitude>139.460750</longitude><latitude>36.869860</latitude><altitude>300</altitude><heading>176.1</heading><tilt>60</tilt><altitudeMode>relativeToGround</altitudeMode></Camera></gx:FlyTo><gx:FlyTo><gx:duration>5.73</gx:duration><gx:flyToMode>smooth</gx:flyToMode><Camera><longitude>139.461350</longitude><latitude>36.862779</latitude><altitude>300</altitude><heading>208.7</heading><tilt>60</tilt><altitudeMode>relativeToGround</altitudeMode></Camera></gx:FlyTo><gx:FlyTo><gx:duration>5.73</gx:duration><gx:flyToMode>smooth</gx:flyToMode><Camera><longitude>139.456801</longitude><latitude>36.856127</latitude><altitude>300</altitude><heading>218.7</heading><tilt>60</tilt><altitudeMode>relativeToGround</altitudeMode></Camera></gx:FlyTo><gx:FlyTo><gx:duration>5.73</gx:duration><gx:flyToMode>smooth</gx:flyToMode><Camera><longitude>139.450793</longitude><latitude>36.850119</latitude><altitude>300</altitude><heading>194.8</heading><tilt>60</tilt><altitudeMode>relativeToGround</altitudeMode></Camera></gx:FlyTo><gx:FlyTo><gx:duration>5.73</gx:duration><gx:flyToMode>smooth</gx:flyToMode><Camera><longitude>139.448433</longitude><latitude>36.842995</latitude><altitude>300</altitude><heading>98.4</heading><tilt>60</tilt><altitudeMode>relativeToGround</altitudeMode></Camera></gx:FlyTo><gx:FlyTo><gx:duration>5.73</gx:duration><gx:flyToMode>smooth</gx:flyToMode><Camera><longitude>139.453883</longitude><latitude>36.842351</latitude><altitude>300</altitude><heading>107.8</heading><tilt>60</tilt><altitudeMode>relativeToGround</altitudeMode></Camera></gx:FlyTo><gx:FlyTo><gx:duration>5.73</gx:duration><gx:flyToMode>smooth</gx:flyToMode><Camera><longitude>139.455385</longitude><latitude>36.841965</latitude><altitude>300</altitude><heading>145.2</heading><tilt>60</tilt><altitudeMode>relativeToGround</altitudeMode></Camera></gx:FlyTo><gx:FlyTo><gx:duration>5.73</gx:duration><gx:flyToMode>smooth</gx:flyToMode><Camera><longitude>139.457059</longitude><latitude>36.840034</latitude><altitude>300</altitude><heading>180.0</heading><tilt>60</tilt><altitudeMode>relativeToGround</altitudeMode></Camera></gx:FlyTo><gx:FlyTo><gx:duration>5.73</gx:duration><gx:flyToMode>smooth</gx:flyToMode><Camera><longitude>139.457059</longitude><latitude>36.832395</latitude><altitude>300</altitude><heading>168.6</heading><tilt>60</tilt><altitudeMode>relativeToGround</altitudeMode></Camera></gx:FlyTo><gx:FlyTo><gx:duration>5.73</gx:duration><gx:flyToMode>smooth</gx:flyToMode><Camera><longitude>139.457917</longitude><latitude>36.829004</latitude><altitude>300</altitude><heading>165.9</heading><tilt>60</tilt><altitudeMode>relativeToGround</altitudeMode></Camera></gx:FlyTo><gx:FlyTo><gx:duration>5.73</gx:duration><gx:flyToMode>smooth</gx:flyToMode><Camera><longitude>139.459462</longitude><latitude>36.824069</latitude><altitude>300</altitude><heading>216.2</heading><tilt>60</tilt><altitudeMode>relativeToGround</altitudeMode></Camera></gx:FlyTo><gx:FlyTo><gx:duration>5.73</gx:duration><gx:flyToMode>smooth</gx:flyToMode><Camera><longitude>139.454012</longitude><latitude>36.818104</latitude><altitude>300</altitude><heading>157.1</heading><tilt>60</tilt><altitudeMode>relativeToGround</altitudeMode></Camera></gx:FlyTo><gx:FlyTo><gx:duration>5.73</gx:duration><gx:flyToMode>smooth</gx:flyToMode><Camera><longitude>139.457574</longitude><latitude>36.811366</latitude><altitude>300</altitude><heading>226.2</heading><tilt>60</tilt><altitudeMode>relativeToGround</altitudeMode></Camera></gx:FlyTo><gx:FlyTo><gx:duration>5.73</gx:duration><gx:flyToMode>smooth</gx:flyToMode><Camera><longitude>139.453712</longitude><latitude>36.808405</latitude><altitude>300</altitude><heading>134.1</heading><tilt>60</tilt><altitudeMode>relativeToGround</altitudeMode></Camera></gx:FlyTo><gx:FlyTo><gx:duration>5.73</gx:duration><gx:flyToMode>smooth</gx:flyToMode><Camera><longitude>139.458861</longitude><latitude>36.804414</latitude><altitude>300</altitude><heading>208.3</heading><tilt>60</tilt><altitudeMode>relativeToGround</altitudeMode></Camera></gx:FlyTo><gx:FlyTo><gx:duration>5.73</gx:duration><gx:flyToMode>smooth</gx:flyToMode><Camera><longitude>139.455256</longitude><latitude>36.799049</latitude><altitude>300</altitude><heading>193.4</heading><tilt>60</tilt><altitudeMode>relativeToGround</altitudeMode></Camera></gx:FlyTo><gx:FlyTo><gx:duration>5.73</gx:duration><gx:flyToMode>smooth</gx:flyToMode><Camera><longitude>139.452338</longitude><latitude>36.789222</latitude><altitude>300</altitude><heading>190.9</heading><tilt>60</tilt><altitudeMode>relativeToGround</altitudeMode></Camera></gx:FlyTo><gx:FlyTo><gx:duration>5.73</gx:duration><gx:flyToMode>smooth</gx:flyToMode><Camera><longitude>139.449849</longitude><latitude>36.778879</latitude><altitude>300</altitude><heading>169.6</heading><tilt>60</tilt><altitudeMode>relativeToGround</altitudeMode></Camera></gx:FlyTo><gx:FlyTo><gx:duration>5.73</gx:duration><gx:flyToMode>smooth</gx:flyToMode><Camera><longitude>139.451952</longitude><latitude>36.769695</latitude><altitude>300</altitude><heading>178.9</heading><tilt>60</tilt><altitudeMode>relativeToGround</altitudeMode></Camera></gx:FlyTo><gx:FlyTo><gx:duration>5.73</gx:duration><gx:flyToMode>smooth</gx:flyToMode><Camera><longitude>139.452167</longitude><latitude>36.760683</latitude><altitude>300</altitude><heading>212.3</heading><tilt>60</tilt><altitudeMode>relativeToGround</altitudeMode></Camera></gx:FlyTo><gx:FlyTo><gx:duration>5.73</gx:duration><gx:flyToMode>smooth</gx:flyToMode><Camera><longitude>139.448948</longitude><latitude>36.756606</latitude><altitude>300</altitude><heading>122.6</heading><tilt>60</tilt><altitudeMode>relativeToGround</altitudeMode></Camera></gx:FlyTo><gx:FlyTo><gx:duration>5.73</gx:duration><gx:flyToMode>smooth</gx:flyToMode><Camera><longitude>139.456244</longitude><latitude>36.752872</latitude><altitude>300</altitude><heading>120.6</heading><tilt>60</tilt><altitudeMode>relativeToGround</altitudeMode></Camera></gx:FlyTo><gx:FlyTo><gx:duration>5.73</gx:duration><gx:flyToMode>smooth</gx:flyToMode><Camera><longitude>139.463410</longitude><latitude>36.749482</latitude><altitude>300</altitude><heading>123.8</heading><tilt>60</tilt><altitudeMode>relativeToGround</altitudeMode></Camera></gx:FlyTo><gx:FlyTo><gx:duration>5.73</gx:duration><gx:flyToMode>smooth</gx:flyToMode><Camera><longitude>139.473968</longitude><latitude>36.743817</latitude><altitude>300</altitude><heading>109.5</heading><tilt>60</tilt><altitudeMode>relativeToGround</altitudeMode></Camera></gx:FlyTo><gx:FlyTo><gx:duration>5.73</gx:duration><gx:flyToMode>smooth</gx:flyToMode><Camera><longitude>139.484525</longitude><latitude>36.740813</latitude><altitude>300</altitude><heading>93.7</heading><tilt>60</tilt><altitudeMode>relativeToGround</altitudeMode></Camera></gx:FlyTo><gx:FlyTo><gx:duration>5.73</gx:duration><gx:flyToMode>smooth</gx:flyToMode><Camera><longitude>139.495382</longitude><latitude>36.740255</latitude><altitude>300</altitude><heading>72.9</heading><tilt>60</tilt><altitudeMode>relativeToGround</altitudeMode></Camera></gx:FlyTo><gx:FlyTo><gx:duration>5.73</gx:duration><gx:flyToMode>smooth</gx:flyToMode><Camera><longitude>139.505467</longitude><latitude>36.742744</latitude><altitude>300</altitude><heading>44.7</heading><tilt>60</tilt><altitudeMode>relativeToGround</altitudeMode></Camera></gx:FlyTo><gx:FlyTo><gx:duration>5.73</gx:duration><gx:flyToMode>smooth</gx:flyToMode><Camera><longitude>139.509974</longitude><latitude>36.746392</latitude><altitude>300</altitude><heading>84.7</heading><tilt>60</tilt><altitudeMode>relativeToGround</altitudeMode></Camera></gx:FlyTo><gx:FlyTo><gx:duration>5.73</gx:duration><gx:flyToMode>smooth</gx:flyToMode><Camera><longitude>139.512849</longitude><latitude>36.746607</latitude><altitude>300</altitude><heading>156.4</heading><tilt>60</tilt><altitudeMode>relativeToGround</altitudeMode></Camera></gx:FlyTo><gx:FlyTo><gx:duration>5.73</gx:duration><gx:flyToMode>smooth</gx:flyToMode><Camera><longitude>139.513364</longitude><latitude>36.745663</latitude><altitude>300</altitude><heading>122.0</heading><tilt>60</tilt><altitudeMode>relativeToGround</altitudeMode></Camera></gx:FlyTo><gx:FlyTo><gx:duration>5.73</gx:duration><gx:flyToMode>smooth</gx:flyToMode><Camera><longitude>139.517055</longitude><latitude>36.743817</latitude><altitude>300</altitude><heading>114.2</heading><tilt>60</tilt><altitudeMode>relativeToGround</altitudeMode></Camera></gx:FlyTo><gx:FlyTo><gx:duration>5.73</gx:duration><gx:flyToMode>smooth</gx:flyToMode><Camera><longitude>139.522891</longitude><latitude>36.741714</latitude><altitude>300</altitude><heading>110.5</heading><tilt>60</tilt><altitudeMode>relativeToGround</altitudeMode></Camera></gx:FlyTo><gx:FlyTo><gx:duration>5.73</gx:duration><gx:flyToMode>smooth</gx:flyToMode><Camera><longitude>139.532204</longitude><latitude>36.738925</latitude><altitude>300</altitude><heading>108.3</heading><tilt>60</tilt><altitudeMode>relativeToGround</altitudeMode></Camera></gx:FlyTo><gx:FlyTo><gx:duration>5.73</gx:duration><gx:flyToMode>smooth</gx:flyToMode><Camera><longitude>139.545937</longitude><latitude>36.735277</latitude><altitude>300</altitude><heading>108.4</heading><tilt>60</tilt><altitudeMode>relativeToGround</altitudeMode></Camera></gx:FlyTo><gx:FlyTo><gx:duration>5.73</gx:duration><gx:flyToMode>smooth</gx:flyToMode><Camera><longitude>139.556580</longitude><latitude>36.732445</latitude><altitude>300</altitude><heading>45.4</heading><tilt>60</tilt><altitudeMode>relativeToGround</altitudeMode></Camera></gx:FlyTo><gx:FlyTo><gx:duration>5.73</gx:duration><gx:flyToMode>smooth</gx:flyToMode><Camera><longitude>139.565635</longitude><latitude>36.739612</latitude><altitude>300</altitude><heading>47.4</heading><tilt>60</tilt><altitudeMode>relativeToGround</altitudeMode></Camera></gx:FlyTo><gx:FlyTo><gx:duration>5.73</gx:duration><gx:flyToMode>smooth</gx:flyToMode><Camera><longitude>139.574947</longitude><latitude>36.746478</latitude><altitude>300</altitude><heading>78.0</heading><tilt>60</tilt><altitudeMode>relativeToGround</altitudeMode></Camera></gx:FlyTo><gx:FlyTo><gx:duration>5.73</gx:duration><gx:flyToMode>smooth</gx:flyToMode><Camera><longitude>139.585762</longitude><latitude>36.748323</latitude><altitude>300</altitude><heading>88.1</heading><tilt>60</tilt><altitudeMode>relativeToGround</altitudeMode></Camera></gx:FlyTo><gx:FlyTo><gx:duration>5.73</gx:duration><gx:flyToMode>smooth</gx:flyToMode><Camera><longitude>139.597263</longitude><latitude>36.748624</latitude><altitude>300</altitude><heading>106.5</heading><tilt>60</tilt><altitudeMode>relativeToGround</altitudeMode></Camera></gx:FlyTo><gx:FlyTo><gx:duration>5.73</gx:duration><gx:flyToMode>smooth</gx:flyToMode><Camera><longitude>139.608078</longitude><latitude>36.746049</latitude><altitude>300</altitude><heading>106.7</heading><tilt>60</tilt><altitudeMode>relativeToGround</altitudeMode></Camera></gx:FlyTo><gx:FlyTo><gx:duration>5.73</gx:duration><gx:flyToMode>smooth</gx:flyToMode><Camera><longitude>139.619322</longitude><latitude>36.743345</latitude><altitude>300</altitude><heading>108.2</heading><tilt>60</tilt><altitudeMode>relativeToGround</altitudeMode></Camera></gx:FlyTo><gx:FlyTo><gx:duration>5.73</gx:duration><gx:flyToMode>smooth</gx:flyToMode><Camera><longitude>139.630051</longitude><latitude>36.740513</latitude><altitude>300</altitude><heading>113.7</heading><tilt>60</tilt><altitudeMode>relativeToGround</altitudeMode></Camera></gx:FlyTo><gx:FlyTo><gx:duration>5.73</gx:duration><gx:flyToMode>smooth</gx:flyToMode><Camera><longitude>139.641895</longitude><latitude>36.736350</latitude><altitude>300</altitude><heading>129.2</heading><tilt>60</tilt><altitudeMode>relativeToGround</altitudeMode></Camera></gx:FlyTo><gx:FlyTo><gx:duration>5.73</gx:duration><gx:flyToMode>smooth</gx:flyToMode><Camera><longitude>139.652581</longitude><latitude>36.729355</latitude><altitude>300</altitude><heading>128.4</heading><tilt>60</tilt><altitudeMode>relativeToGround</altitudeMode></Camera></gx:FlyTo><gx:FlyTo><gx:duration>5.73</gx:duration><gx:flyToMode>smooth</gx:flyToMode><Camera><longitude>139.662495</longitude><latitude>36.723046</latitude><altitude>300</altitude><heading>110.6</heading><tilt>60</tilt><altitudeMode>relativeToGround</altitudeMode></Camera></gx:FlyTo><gx:FlyTo><gx:duration>5.73</gx:duration><gx:flyToMode>smooth</gx:flyToMode><Camera><longitude>139.673181</longitude><latitude>36.719828</latitude><altitude>300</altitude><heading>124.2</heading><tilt>60</tilt><altitudeMode>relativeToGround</altitudeMode></Camera></gx:FlyTo><gx:FlyTo><gx:duration>5.73</gx:duration><gx:flyToMode>smooth</gx:flyToMode><Camera><longitude>139.684854</longitude><latitude>36.713476</latitude><altitude>300</altitude><heading>131.5</heading><tilt>60</tilt><altitudeMode>relativeToGround</altitudeMode></Camera></gx:FlyTo><gx:FlyTo><gx:duration>5.73</gx:duration><gx:flyToMode>smooth</gx:flyToMode><Camera><longitude>139.694638</longitude><latitude>36.706524</latitude><altitude>300</altitude><heading>120.6</heading><tilt>60</tilt><altitudeMode>relativeToGround</altitudeMode></Camera></gx:FlyTo><gx:FlyTo><gx:duration>5.73</gx:duration><gx:flyToMode>smooth</gx:flyToMode><Camera><longitude>139.704680</longitude><latitude>36.701760</latitude><altitude>300</altitude><heading>97.9</heading><tilt>60</tilt><altitudeMode>relativeToGround</altitudeMode></Camera></gx:FlyTo><gx:FlyTo><gx:duration>5.73</gx:duration><gx:flyToMode>smooth</gx:flyToMode><Camera><longitude>139.715838</longitude><latitude>36.700516</latitude><altitude>300</altitude><heading>86.3</heading><tilt>60</tilt><altitudeMode>relativeToGround</altitudeMode></Camera></gx:FlyTo><gx:FlyTo><gx:duration>5.73</gx:duration><gx:flyToMode>smooth</gx:flyToMode><Camera><longitude>139.727297</longitude><latitude>36.701117</latitude><altitude>300</altitude><heading>113.6</heading><tilt>60</tilt><altitudeMode>relativeToGround</altitudeMode></Camera></gx:FlyTo><gx:FlyTo><gx:duration>5.73</gx:duration><gx:flyToMode>smooth</gx:flyToMode><Camera><longitude>139.737811</longitude><latitude>36.697426</latitude><altitude>300</altitude><heading>122.1</heading><tilt>60</tilt><altitudeMode>relativeToGround</altitudeMode></Camera></gx:FlyTo><gx:FlyTo><gx:duration>5.73</gx:duration><gx:flyToMode>smooth</gx:flyToMode><Camera><longitude>139.749570</longitude><latitude>36.691504</latitude><altitude>300</altitude><heading>134.6</heading><tilt>60</tilt><altitudeMode>relativeToGround</altitudeMode></Camera></gx:FlyTo><gx:FlyTo><gx:duration>5.73</gx:duration><gx:flyToMode>smooth</gx:flyToMode><Camera><longitude>139.758024</longitude><latitude>36.684809</latitude><altitude>300</altitude><heading>144.9</heading><tilt>60</tilt><altitudeMode>relativeToGround</altitudeMode></Camera></gx:FlyTo><gx:FlyTo><gx:duration>5.73</gx:duration><gx:flyToMode>smooth</gx:flyToMode><Camera><longitude>139.764676</longitude><latitude>36.677213</latitude><altitude>300</altitude><heading>110.8</heading><tilt>60</tilt><altitudeMode>relativeToGround</altitudeMode></Camera></gx:FlyTo><gx:FlyTo><gx:duration>5.73</gx:duration><gx:flyToMode>smooth</gx:flyToMode><Camera><longitude>139.775791</longitude><latitude>36.673822</latitude><altitude>300</altitude><heading>85.6</heading><tilt>60</tilt><altitudeMode>relativeToGround</altitudeMode></Camera></gx:FlyTo><gx:FlyTo><gx:duration>5.73</gx:duration><gx:flyToMode>smooth</gx:flyToMode><Camera><longitude>139.788280</longitude><latitude>36.674595</latitude><altitude>300</altitude><heading>102.6</heading><tilt>60</tilt><altitudeMode>relativeToGround</altitudeMode></Camera></gx:FlyTo><gx:FlyTo><gx:duration>5.73</gx:duration><gx:flyToMode>smooth</gx:flyToMode><Camera><longitude>139.801884</longitude><latitude>36.672149</latitude><altitude>300</altitude><heading>112.8</heading><tilt>60</tilt><altitudeMode>relativeToGround</altitudeMode></Camera></gx:FlyTo><gx:FlyTo><gx:duration>5.73</gx:duration><gx:flyToMode>smooth</gx:flyToMode><Camera><longitude>139.812956</longitude><latitude>36.668415</latitude><altitude>300</altitude><heading>97.1</heading><tilt>60</tilt><altitudeMode>relativeToGround</altitudeMode></Camera></gx:FlyTo><gx:FlyTo><gx:duration>5.73</gx:duration><gx:flyToMode>smooth</gx:flyToMode><Camera><longitude>139.828448</longitude><latitude>36.666870</latitude><altitude>300</altitude><heading>151.5</heading><tilt>60</tilt><altitudeMode>relativeToGround</altitudeMode></Camera></gx:FlyTo><gx:FlyTo><gx:duration>5.73</gx:duration><gx:flyToMode>smooth</gx:flyToMode><Camera><longitude>139.835958</longitude><latitude>36.655755</latitude><altitude>300</altitude><heading>164.3</heading><tilt>60</tilt><altitudeMode>relativeToGround</altitudeMode></Camera></gx:FlyTo><gx:FlyTo><gx:duration>5.73</gx:duration><gx:flyToMode>smooth</gx:flyToMode><Camera><longitude>139.839349</longitude><latitude>36.646056</latitude><altitude>300</altitude><heading>149.8</heading><tilt>60</tilt><altitudeMode>relativeToGround</altitudeMode></Camera></gx:FlyTo><gx:FlyTo><gx:duration>5.73</gx:duration><gx:flyToMode>smooth</gx:flyToMode><Camera><longitude>139.845228</longitude><latitude>36.637945</latitude><altitude>300</altitude><heading>170.7</heading><tilt>60</tilt><altitudeMode>relativeToGround</altitudeMode></Camera></gx:FlyTo><gx:FlyTo><gx:duration>5.73</gx:duration><gx:flyToMode>smooth</gx:flyToMode><Camera><longitude>139.846687</longitude><latitude>36.630821</latitude><altitude>300</altitude><heading>200.2</heading><tilt>60</tilt><altitudeMode>relativeToGround</altitudeMode></Camera></gx:FlyTo><gx:FlyTo><gx:duration>5.73</gx:duration><gx:flyToMode>smooth</gx:flyToMode><Camera><longitude>139.842782</longitude><latitude>36.622281</latitude><altitude>300</altitude><heading>174.7</heading><tilt>60</tilt><altitudeMode>relativeToGround</altitudeMode></Camera></gx:FlyTo><gx:FlyTo><gx:duration>5.73</gx:duration><gx:flyToMode>smooth</gx:flyToMode><Camera><longitude>139.844198</longitude><latitude>36.610007</latitude><altitude>300</altitude><heading>182.6</heading><tilt>60</tilt><altitudeMode>relativeToGround</altitudeMode></Camera></gx:FlyTo><gx:FlyTo><gx:duration>5.73</gx:duration><gx:flyToMode>smooth</gx:flyToMode><Camera><longitude>139.843683</longitude><latitude>36.600866</latitude><altitude>300</altitude><heading>194.4</heading><tilt>60</tilt><altitudeMode>relativeToGround</altitudeMode></Camera></gx:FlyTo><gx:FlyTo><gx:duration>5.73</gx:duration><gx:flyToMode>smooth</gx:flyToMode><Camera><longitude>139.840894</longitude><latitude>36.592155</latitude><altitude>300</altitude><heading>206.7</heading><tilt>60</tilt><altitudeMode>relativeToGround</altitudeMode></Camera></gx:FlyTo><gx:FlyTo><gx:duration>5.73</gx:duration><gx:flyToMode>smooth</gx:flyToMode><Camera><longitude>139.835658</longitude><latitude>36.583786</latitude><altitude>300</altitude><heading>221.9</heading><tilt>60</tilt><altitudeMode>relativeToGround</altitudeMode></Camera></gx:FlyTo><gx:FlyTo><gx:duration>5.73</gx:duration><gx:flyToMode>smooth</gx:flyToMode><Camera><longitude>139.825959</longitude><latitude>36.575117</latitude><altitude>300</altitude><heading>212.7</heading><tilt>60</tilt><altitudeMode>relativeToGround</altitudeMode></Camera></gx:FlyTo><gx:FlyTo><gx:duration>5.73</gx:duration><gx:flyToMode>smooth</gx:flyToMode><Camera><longitude>139.818277</longitude><latitude>36.565504</latitude><altitude>300</altitude><heading>201.5</heading><tilt>60</tilt><altitudeMode>relativeToGround</altitudeMode></Camera></gx:FlyTo><gx:FlyTo><gx:duration>5.73</gx:duration><gx:flyToMode>smooth</gx:flyToMode><Camera><longitude>139.814157</longitude><latitude>36.557093</latitude><altitude>300</altitude><heading>225.9</heading><tilt>60</tilt><altitudeMode>relativeToGround</altitudeMode></Camera></gx:FlyTo><gx:FlyTo><gx:duration>5.73</gx:duration><gx:flyToMode>smooth</gx:flyToMode><Camera><longitude>139.804416</longitude><latitude>36.549497</latitude><altitude>300</altitude><heading>204.7</heading><tilt>60</tilt><altitudeMode>relativeToGround</altitudeMode></Camera></gx:FlyTo><gx:FlyTo><gx:duration>5.73</gx:duration><gx:flyToMode>smooth</gx:flyToMode><Camera><longitude>139.799523</longitude><latitude>36.540956</latitude><altitude>300</altitude><heading>206.8</heading><tilt>60</tilt><altitudeMode>relativeToGround</altitudeMode></Camera></gx:FlyTo><gx:FlyTo><gx:duration>5.73</gx:duration><gx:flyToMode>smooth</gx:flyToMode><Camera><longitude>139.793859</longitude><latitude>36.531944</latitude><altitude>300</altitude><heading>231.6</heading><tilt>60</tilt><altitudeMode>relativeToGround</altitudeMode></Camera></gx:FlyTo><gx:FlyTo><gx:duration>5.73</gx:duration><gx:flyToMode>smooth</gx:flyToMode><Camera><longitude>139.784846</longitude><latitude>36.526194</latitude><altitude>300</altitude><heading>224.9</heading><tilt>60</tilt><altitudeMode>relativeToGround</altitudeMode></Camera></gx:FlyTo><gx:FlyTo><gx:duration>5.73</gx:duration><gx:flyToMode>smooth</gx:flyToMode><Camera><longitude>139.776392</longitude><latitude>36.519370</latitude><altitude>300</altitude><heading>207.3</heading><tilt>60</tilt><altitudeMode>relativeToGround</altitudeMode></Camera></gx:FlyTo><gx:FlyTo><gx:duration>5.73</gx:duration><gx:flyToMode>smooth</gx:flyToMode><Camera><longitude>139.768367</longitude><latitude>36.506882</latitude><altitude>300</altitude><heading>221.4</heading><tilt>60</tilt><altitudeMode>relativeToGround</altitudeMode></Camera></gx:FlyTo><gx:FlyTo><gx:duration>5.73</gx:duration><gx:flyToMode>smooth</gx:flyToMode><Camera><longitude>139.759998</longitude><latitude>36.499243</latitude><altitude>300</altitude><heading>249.0</heading><tilt>60</tilt><altitudeMode>relativeToGround</altitudeMode></Camera></gx:FlyTo><gx:FlyTo><gx:duration>5.73</gx:duration><gx:flyToMode>smooth</gx:flyToMode><Camera><longitude>139.749570</longitude><latitude>36.496024</latitude><altitude>300</altitude><heading>241.7</heading><tilt>60</tilt><altitudeMode>relativeToGround</altitudeMode></Camera></gx:FlyTo><gx:FlyTo><gx:duration>5.73</gx:duration><gx:flyToMode>smooth</gx:flyToMode><Camera><longitude>139.739056</longitude><latitude>36.491475</latitude><altitude>300</altitude><heading>202.4</heading><tilt>60</tilt><altitudeMode>relativeToGround</altitudeMode></Camera></gx:FlyTo><gx:FlyTo><gx:duration>5.73</gx:duration><gx:flyToMode>smooth</gx:flyToMode><Camera><longitude>139.734249</longitude><latitude>36.482077</latitude><altitude>300</altitude><heading>213.1</heading><tilt>60</tilt><altitudeMode>relativeToGround</altitudeMode></Camera></gx:FlyTo><gx:FlyTo><gx:duration>5.73</gx:duration><gx:flyToMode>smooth</gx:flyToMode><Camera><longitude>139.727683</longitude><latitude>36.473966</latitude><altitude>300</altitude><heading>175.4</heading><tilt>60</tilt><altitudeMode>relativeToGround</altitudeMode></Camera></gx:FlyTo><gx:FlyTo><gx:duration>5.73</gx:duration><gx:flyToMode>smooth</gx:flyToMode><Camera><longitude>139.728670</longitude><latitude>36.464095</latitude><altitude>300</altitude><heading>201.1</heading><tilt>60</tilt><altitudeMode>relativeToGround</altitudeMode></Camera></gx:FlyTo><gx:FlyTo><gx:duration>5.73</gx:duration><gx:flyToMode>smooth</gx:flyToMode><Camera><longitude>139.723864</longitude><latitude>36.454053</latitude><altitude>300</altitude><heading>211.5</heading><tilt>60</tilt><altitudeMode>relativeToGround</altitudeMode></Camera></gx:FlyTo><gx:FlyTo><gx:duration>5.73</gx:duration><gx:flyToMode>smooth</gx:flyToMode><Camera><longitude>139.717255</longitude><latitude>36.445384</latitude><altitude>300</altitude><heading>188.2</heading><tilt>60</tilt><altitudeMode>relativeToGround</altitudeMode></Camera></gx:FlyTo><gx:FlyTo><gx:duration>5.73</gx:duration><gx:flyToMode>smooth</gx:flyToMode><Camera><longitude>139.715452</longitude><latitude>36.435342</latitude><altitude>300</altitude><heading>164.2</heading><tilt>60</tilt><altitudeMode>relativeToGround</altitudeMode></Camera></gx:FlyTo><gx:FlyTo><gx:duration>5.73</gx:duration><gx:flyToMode>smooth</gx:flyToMode><Camera><longitude>139.718671</longitude><latitude>36.426201</latitude><altitude>300</altitude><heading>173.2</heading><tilt>60</tilt><altitudeMode>relativeToGround</altitudeMode></Camera></gx:FlyTo><gx:FlyTo><gx:duration>5.73</gx:duration><gx:flyToMode>smooth</gx:flyToMode><Camera><longitude>139.720130</longitude><latitude>36.416416</latitude><altitude>300</altitude><heading>204.2</heading><tilt>60</tilt><altitudeMode>relativeToGround</altitudeMode></Camera></gx:FlyTo><gx:FlyTo><gx:duration>5.73</gx:duration><gx:flyToMode>smooth</gx:flyToMode><Camera><longitude>139.715538</longitude><latitude>36.408176</latitude><altitude>300</altitude><heading>226.5</heading><tilt>60</tilt><altitudeMode>relativeToGround</altitudeMode></Camera></gx:FlyTo><gx:FlyTo><gx:duration>5.73</gx:duration><gx:flyToMode>smooth</gx:flyToMode><Camera><longitude>139.706655</longitude><latitude>36.401396</latitude><altitude>300</altitude><heading>245.3</heading><tilt>60</tilt><altitudeMode>relativeToGround</altitudeMode></Camera></gx:FlyTo><gx:FlyTo><gx:duration>5.73</gx:duration><gx:flyToMode>smooth</gx:flyToMode><Camera><longitude>139.694724</longitude><latitude>36.396976</latitude><altitude>300</altitude><heading>230.1</heading><tilt>60</tilt><altitudeMode>relativeToGround</altitudeMode></Camera></gx:FlyTo><gx:FlyTo><gx:duration>5.73</gx:duration><gx:flyToMode>smooth</gx:flyToMode><Camera><longitude>139.685798</longitude><latitude>36.390967</latitude><altitude>300</altitude><heading>255.3</heading><tilt>60</tilt><altitudeMode>relativeToGround</altitudeMode></Camera></gx:FlyTo><gx:FlyTo><gx:duration>5.73</gx:duration><gx:flyToMode>smooth</gx:flyToMode><Camera><longitude>139.675069</longitude><latitude>36.388693</latitude><altitude>300</altitude><heading>223.7</heading><tilt>60</tilt><altitudeMode>relativeToGround</altitudeMode></Camera></gx:FlyTo><gx:FlyTo><gx:duration>5.73</gx:duration><gx:flyToMode>smooth</gx:flyToMode><Camera><longitude>139.665327</longitude><latitude>36.380496</latitude><altitude>300</altitude><heading>214.4</heading><tilt>60</tilt><altitudeMode>relativeToGround</altitudeMode></Camera></gx:FlyTo><gx:FlyTo><gx:duration>5.73</gx:duration><gx:flyToMode>smooth</gx:flyToMode><Camera><longitude>139.658718</longitude><latitude>36.372728</latitude><altitude>300</altitude><heading>262.3</heading><tilt>60</tilt><altitudeMode>relativeToGround</altitudeMode></Camera></gx:FlyTo><gx:FlyTo><gx:duration>5.73</gx:duration><gx:flyToMode>smooth</gx:flyToMode><Camera><longitude>139.647646</longitude><latitude>36.371527</latitude><altitude>300</altitude><heading>274.1</heading><tilt>60</tilt><altitudeMode>relativeToGround</altitudeMode></Camera></gx:FlyTo><gx:FlyTo><gx:duration>5.73</gx:duration><gx:flyToMode>smooth</gx:flyToMode><Camera><longitude>139.635801</longitude><latitude>36.372213</latitude><altitude>300</altitude><heading>226.6</heading><tilt>60</tilt><altitudeMode>relativeToGround</altitudeMode></Camera></gx:FlyTo><gx:FlyTo><gx:duration>5.73</gx:duration><gx:flyToMode>smooth</gx:flyToMode><Camera><longitude>139.627519</longitude><latitude>36.365905</latitude><altitude>300</altitude><heading>183.4</heading><tilt>60</tilt><altitudeMode>relativeToGround</altitudeMode></Camera></gx:FlyTo><gx:FlyTo><gx:duration>5.73</gx:duration><gx:flyToMode>smooth</gx:flyToMode><Camera><longitude>139.626832</longitude><latitude>36.356635</latitude><altitude>300</altitude><heading>192.8</heading><tilt>60</tilt><altitudeMode>relativeToGround</altitudeMode></Camera></gx:FlyTo><gx:FlyTo><gx:duration>5.73</gx:duration><gx:flyToMode>smooth</gx:flyToMode><Camera><longitude>139.624171</longitude><latitude>36.347194</latitude><altitude>300</altitude><heading>187.5</heading><tilt>60</tilt><altitudeMode>relativeToGround</altitudeMode></Camera></gx:FlyTo><gx:FlyTo><gx:duration>5.73</gx:duration><gx:flyToMode>smooth</gx:flyToMode><Camera><longitude>139.622669</longitude><latitude>36.338010</latitude><altitude>300</altitude><heading>220.5</heading><tilt>60</tilt><altitudeMode>relativeToGround</altitudeMode></Camera></gx:FlyTo><gx:FlyTo><gx:duration>5.73</gx:duration><gx:flyToMode>smooth</gx:flyToMode><Camera><longitude>139.615245</longitude><latitude>36.331015</latitude><altitude>300</altitude><heading>178.6</heading><tilt>60</tilt><altitudeMode>relativeToGround</altitudeMode></Camera></gx:FlyTo><gx:FlyTo><gx:duration>5.73</gx:duration><gx:flyToMode>smooth</gx:flyToMode><Camera><longitude>139.615502</longitude><latitude>36.322260</latitude><altitude>300</altitude><heading>144.3</heading><tilt>60</tilt><altitudeMode>relativeToGround</altitudeMode></Camera></gx:FlyTo><gx:FlyTo><gx:duration>5.73</gx:duration><gx:flyToMode>smooth</gx:flyToMode><Camera><longitude>139.618378</longitude><latitude>36.319041</latitude><altitude>300</altitude><heading>159.5</heading><tilt>60</tilt><altitudeMode>relativeToGround</altitudeMode></Camera></gx:FlyTo><gx:FlyTo><gx:duration>5.73</gx:duration><gx:flyToMode>smooth</gx:flyToMode><Camera><longitude>139.621210</longitude><latitude>36.312947</latitude><altitude>300</altitude><heading>197.2</heading><tilt>60</tilt><altitudeMode>relativeToGround</altitudeMode></Camera></gx:FlyTo><gx:FlyTo><gx:duration>5.73</gx:duration><gx:flyToMode>smooth</gx:flyToMode><Camera><longitude>139.617777</longitude><latitude>36.304021</latitude><altitude>300</altitude><heading>174.9</heading><tilt>60</tilt><altitudeMode>relativeToGround</altitudeMode></Camera></gx:FlyTo><gx:FlyTo><gx:duration>5.73</gx:duration><gx:flyToMode>smooth</gx:flyToMode><Camera><longitude>139.618936</longitude><latitude>36.293635</latitude><altitude>300</altitude><heading>194.3</heading><tilt>60</tilt><altitudeMode>relativeToGround</altitudeMode></Camera></gx:FlyTo><gx:FlyTo><gx:duration>5.73</gx:duration><gx:flyToMode>smooth</gx:flyToMode><Camera><longitude>139.615803</longitude><latitude>36.283722</latitude><altitude>300</altitude><heading>224.5</heading><tilt>60</tilt><altitudeMode>relativeToGround</altitudeMode></Camera></gx:FlyTo><gx:FlyTo><gx:duration>5.73</gx:duration><gx:flyToMode>smooth</gx:flyToMode><Camera><longitude>139.607134</longitude><latitude>36.276598</latitude><altitude>300</altitude><heading>209.3</heading><tilt>60</tilt><altitudeMode>relativeToGround</altitudeMode></Camera></gx:FlyTo><gx:FlyTo><gx:duration>5.73</gx:duration><gx:flyToMode>smooth</gx:flyToMode><Camera><longitude>139.601212</longitude><latitude>36.268101</latitude><altitude>300</altitude><heading>190.2</heading><tilt>60</tilt><altitudeMode>relativeToGround</altitudeMode></Camera></gx:FlyTo><gx:FlyTo><gx:duration>5.73</gx:duration><gx:flyToMode>smooth</gx:flyToMode><Camera><longitude>139.599152</longitude><latitude>36.258831</latitude><altitude>300</altitude><heading>222.7</heading><tilt>60</tilt><altitudeMode>relativeToGround</altitudeMode></Camera></gx:FlyTo><gx:FlyTo><gx:duration>5.73</gx:duration><gx:flyToMode>smooth</gx:flyToMode><Camera><longitude>139.591599</longitude><latitude>36.252222</latitude><altitude>300</altitude><heading>236.3</heading><tilt>60</tilt><altitudeMode>relativeToGround</altitudeMode></Camera></gx:FlyTo><gx:FlyTo><gx:duration>5.73</gx:duration><gx:flyToMode>smooth</gx:flyToMode><Camera><longitude>139.581084</longitude><latitude>36.246557</latitude><altitude>300</altitude><heading>204.9</heading><tilt>60</tilt><altitudeMode>relativeToGround</altitudeMode></Camera></gx:FlyTo><gx:FlyTo><gx:duration>5.73</gx:duration><gx:flyToMode>smooth</gx:flyToMode><Camera><longitude>139.575334</longitude><latitude>36.236558</latitude><altitude>300</altitude><heading>195.6</heading><tilt>60</tilt><altitudeMode>relativeToGround</altitudeMode></Camera></gx:FlyTo><gx:FlyTo><gx:duration>5.73</gx:duration><gx:flyToMode>smooth</gx:flyToMode><Camera><longitude>139.572287</longitude><latitude>36.227760</latitude><altitude>300</altitude><heading>195.6</heading><tilt>60</tilt><altitudeMode>relativeToGround</altitudeMode></Camera></gx:FlyTo><gx:FlyTo><gx:duration>5.73</gx:duration><gx:flyToMode>smooth</gx:flyToMode><Camera><longitude>139.569154</longitude><latitude>36.218705</latitude><altitude>300</altitude><heading>167.0</heading><tilt>60</tilt><altitudeMode>relativeToGround</altitudeMode></Camera></gx:FlyTo><gx:FlyTo><gx:duration>5.73</gx:duration><gx:flyToMode>smooth</gx:flyToMode><Camera><longitude>139.571943</longitude><latitude>36.208963</latitude><altitude>300</altitude><heading>148.9</heading><tilt>60</tilt><altitudeMode>relativeToGround</altitudeMode></Camera></gx:FlyTo><gx:FlyTo><gx:duration>5.73</gx:duration><gx:flyToMode>smooth</gx:flyToMode><Camera><longitude>139.578295</longitude><latitude>36.200466</latitude><altitude>300</altitude><heading>155.1</heading><tilt>60</tilt><altitudeMode>relativeToGround</altitudeMode></Camera></gx:FlyTo><gx:FlyTo><gx:duration>5.73</gx:duration><gx:flyToMode>smooth</gx:flyToMode><Camera><longitude>139.583530</longitude><latitude>36.191368</latitude><altitude>300</altitude><heading>166.2</heading><tilt>60</tilt><altitudeMode>relativeToGround</altitudeMode></Camera></gx:FlyTo><gx:FlyTo><gx:duration>5.73</gx:duration><gx:flyToMode>smooth</gx:flyToMode><Camera><longitude>139.586706</longitude><latitude>36.180897</latitude><altitude>300</altitude><heading>171.8</heading><tilt>60</tilt><altitudeMode>relativeToGround</altitudeMode></Camera></gx:FlyTo><gx:FlyTo><gx:duration>5.73</gx:duration><gx:flyToMode>smooth</gx:flyToMode><Camera><longitude>139.588680</longitude><latitude>36.169825</latitude><altitude>300</altitude><heading>163.1</heading><tilt>60</tilt><altitudeMode>relativeToGround</altitudeMode></Camera></gx:FlyTo><gx:FlyTo><gx:duration>5.73</gx:duration><gx:flyToMode>smooth</gx:flyToMode><Camera><longitude>139.592199</longitude><latitude>36.160469</latitude><altitude>300</altitude><heading>151.9</heading><tilt>60</tilt><altitudeMode>relativeToGround</altitudeMode></Camera></gx:FlyTo><gx:FlyTo><gx:duration>5.73</gx:duration><gx:flyToMode>smooth</gx:flyToMode><Camera><longitude>139.598508</longitude><latitude>36.150942</latitude><altitude>300</altitude><heading>141.6</heading><tilt>60</tilt><altitudeMode>relativeToGround</altitudeMode></Camera></gx:FlyTo><gx:FlyTo><gx:duration>5.73</gx:duration><gx:flyToMode>smooth</gx:flyToMode><Camera><longitude>139.605761</longitude><latitude>36.143560</latitude><altitude>300</altitude><heading>130.6</heading><tilt>60</tilt><altitudeMode>relativeToGround</altitudeMode></Camera></gx:FlyTo><gx:FlyTo><gx:duration>5.73</gx:duration><gx:flyToMode>smooth</gx:flyToMode><Camera><longitude>139.616747</longitude><latitude>36.135964</latitude><altitude>300</altitude><heading>134.3</heading><tilt>60</tilt><altitudeMode>relativeToGround</altitudeMode></Camera></gx:FlyTo><gx:FlyTo><gx:duration>5.73</gx:duration><gx:flyToMode>smooth</gx:flyToMode><Camera><longitude>139.625502</longitude><latitude>36.129055</latitude><altitude>300</altitude><heading>145.3</heading><tilt>60</tilt><altitudeMode>relativeToGround</altitudeMode></Camera></gx:FlyTo><gx:FlyTo><gx:duration>5.73</gx:duration><gx:flyToMode>smooth</gx:flyToMode><Camera><longitude>139.633012</longitude><latitude>36.120300</latitude><altitude>300</altitude><heading>159.0</heading><tilt>60</tilt><altitudeMode>relativeToGround</altitudeMode></Camera></gx:FlyTo><gx:FlyTo><gx:duration>5.73</gx:duration><gx:flyToMode>smooth</gx:flyToMode><Camera><longitude>139.637346</longitude><latitude>36.111159</latitude><altitude>300</altitude><heading>177.6</heading><tilt>60</tilt><altitudeMode>relativeToGround</altitudeMode></Camera></gx:FlyTo><gx:FlyTo><gx:duration>5.73</gx:duration><gx:flyToMode>smooth</gx:flyToMode><Camera><longitude>139.638119</longitude><latitude>36.096053</latitude><altitude>300</altitude><heading>175.8</heading><tilt>60</tilt><altitudeMode>relativeToGround</altitudeMode></Camera></gx:FlyTo><gx:FlyTo><gx:duration>5.73</gx:duration><gx:flyToMode>smooth</gx:flyToMode><Camera><longitude>139.638977</longitude><latitude>36.086526</latitude><altitude>300</altitude><heading>163.7</heading><tilt>60</tilt><altitudeMode>relativeToGround</altitudeMode></Camera></gx:FlyTo><gx:FlyTo><gx:duration>5.73</gx:duration><gx:flyToMode>smooth</gx:flyToMode><Camera><longitude>139.642110</longitude><latitude>36.077857</latitude><altitude>300</altitude><heading>150.9</heading><tilt>60</tilt><altitudeMode>relativeToGround</altitudeMode></Camera></gx:FlyTo><gx:FlyTo><gx:duration>5.73</gx:duration><gx:flyToMode>smooth</gx:flyToMode><Camera><longitude>139.650221</longitude><latitude>36.066098</latitude><altitude>300</altitude><heading>157.0</heading><tilt>60</tilt><altitudeMode>relativeToGround</altitudeMode></Camera></gx:FlyTo><gx:FlyTo><gx:duration>5.73</gx:duration><gx:flyToMode>smooth</gx:flyToMode><Camera><longitude>139.656744</longitude><latitude>36.053696</latitude><altitude>300</altitude><heading>165.8</heading><tilt>60</tilt><altitudeMode>relativeToGround</altitudeMode></Camera></gx:FlyTo><gx:FlyTo><gx:duration>5.73</gx:duration><gx:flyToMode>smooth</gx:flyToMode><Camera><longitude>139.659619</longitude><latitude>36.044512</latitude><altitude>300</altitude><heading>154.2</heading><tilt>60</tilt><altitudeMode>relativeToGround</altitudeMode></Camera></gx:FlyTo><gx:FlyTo><gx:duration>5.73</gx:duration><gx:flyToMode>smooth</gx:flyToMode><Camera><longitude>139.664941</longitude><latitude>36.035628</latitude><altitude>300</altitude><heading>147.7</heading><tilt>60</tilt><altitudeMode>relativeToGround</altitudeMode></Camera></gx:FlyTo><gx:FlyTo><gx:duration>5.73</gx:duration><gx:flyToMode>smooth</gx:flyToMode><Camera><longitude>139.671979</longitude><latitude>36.026616</latitude><altitude>300</altitude><heading>163.8</heading><tilt>60</tilt><altitudeMode>relativeToGround</altitudeMode></Camera></gx:FlyTo><gx:FlyTo><gx:duration>5.73</gx:duration><gx:flyToMode>smooth</gx:flyToMode><Camera><longitude>139.675198</longitude><latitude>36.017647</latitude><altitude>300</altitude><heading>192.6</heading><tilt>60</tilt><altitudeMode>relativeToGround</altitudeMode></Camera></gx:FlyTo><gx:FlyTo><gx:duration>5.73</gx:duration><gx:flyToMode>smooth</gx:flyToMode><Camera><longitude>139.672451</longitude><latitude>36.007690</latitude><altitude>300</altitude><heading>208.0</heading><tilt>60</tilt><altitudeMode>relativeToGround</altitudeMode></Camera></gx:FlyTo><gx:FlyTo><gx:duration>5.73</gx:duration><gx:flyToMode>smooth</gx:flyToMode><Camera><longitude>139.667001</longitude><latitude>35.999408</latitude><altitude>300</altitude><heading>193.2</heading><tilt>60</tilt><altitudeMode>relativeToGround</altitudeMode></Camera></gx:FlyTo><gx:FlyTo><gx:duration>5.73</gx:duration><gx:flyToMode>smooth</gx:flyToMode><Camera><longitude>139.663911</longitude><latitude>35.988722</latitude><altitude>300</altitude><heading>176.1</heading><tilt>60</tilt><altitudeMode>relativeToGround</altitudeMode></Camera></gx:FlyTo><gx:FlyTo><gx:duration>5.73</gx:duration><gx:flyToMode>smooth</gx:flyToMode><Camera><longitude>139.664812</longitude><latitude>35.978079</latitude><altitude>300</altitude><heading>161.6</heading><tilt>60</tilt><altitudeMode>relativeToGround</altitudeMode></Camera></gx:FlyTo><gx:FlyTo><gx:duration>5.73</gx:duration><gx:flyToMode>smooth</gx:flyToMode><Camera><longitude>139.668975</longitude><latitude>35.967951</latitude><altitude>300</altitude><heading>148.5</heading><tilt>60</tilt><altitudeMode>relativeToGround</altitudeMode></Camera></gx:FlyTo><gx:FlyTo><gx:duration>5.73</gx:duration><gx:flyToMode>smooth</gx:flyToMode><Camera><longitude>139.675412</longitude><latitude>35.959454</latitude><altitude>300</altitude><heading>142.1</heading><tilt>60</tilt><altitudeMode>relativeToGround</altitudeMode></Camera></gx:FlyTo><gx:FlyTo><gx:duration>5.73</gx:duration><gx:flyToMode>smooth</gx:flyToMode><Camera><longitude>139.682622</longitude><latitude>35.951943</latitude><altitude>300</altitude><heading>162.7</heading><tilt>60</tilt><altitudeMode>relativeToGround</altitudeMode></Camera></gx:FlyTo><gx:FlyTo><gx:duration>5.73</gx:duration><gx:flyToMode>smooth</gx:flyToMode><Camera><longitude>139.685926</longitude><latitude>35.943360</latitude><altitude>300</altitude><heading>144.5</heading><tilt>60</tilt><altitudeMode>relativeToGround</altitudeMode></Camera></gx:FlyTo><gx:FlyTo><gx:duration>5.73</gx:duration><gx:flyToMode>smooth</gx:flyToMode><Camera><longitude>139.693909</longitude><latitude>35.934305</latitude><altitude>300</altitude><heading>140.7</heading><tilt>60</tilt><altitudeMode>relativeToGround</altitudeMode></Camera></gx:FlyTo><gx:FlyTo><gx:duration>5.73</gx:duration><gx:flyToMode>smooth</gx:flyToMode><Camera><longitude>139.701204</longitude><latitude>35.927095</latitude><altitude>300</altitude><heading>160.0</heading><tilt>60</tilt><altitudeMode>relativeToGround</altitudeMode></Camera></gx:FlyTo><gx:FlyTo><gx:duration>5.73</gx:duration><gx:flyToMode>smooth</gx:flyToMode><Camera><longitude>139.707942</longitude><latitude>35.912075</latitude><altitude>300</altitude><heading>154.8</heading><tilt>60</tilt><altitudeMode>relativeToGround</altitudeMode></Camera></gx:FlyTo><gx:FlyTo><gx:duration>5.73</gx:duration><gx:flyToMode>smooth</gx:flyToMode><Camera><longitude>139.714336</longitude><latitude>35.901089</latitude><altitude>300</altitude><heading>148.2</heading><tilt>60</tilt><altitudeMode>relativeToGround</altitudeMode></Camera></gx:FlyTo><gx:FlyTo><gx:duration>5.73</gx:duration><gx:flyToMode>smooth</gx:flyToMode><Camera><longitude>139.720345</longitude><latitude>35.893235</latitude><altitude>300</altitude><heading>153.4</heading><tilt>60</tilt><altitudeMode>relativeToGround</altitudeMode></Camera></gx:FlyTo><gx:FlyTo><gx:duration>5.73</gx:duration><gx:flyToMode>smooth</gx:flyToMode><Camera><longitude>139.725323</longitude><latitude>35.885167</latitude><altitude>300</altitude><heading>143.3</heading><tilt>60</tilt><altitudeMode>relativeToGround</altitudeMode></Camera></gx:FlyTo><gx:FlyTo><gx:duration>5.73</gx:duration><gx:flyToMode>smooth</gx:flyToMode><Camera><longitude>139.733133</longitude><latitude>35.876670</latitude><altitude>300</altitude><heading>174.7</heading><tilt>60</tilt><altitudeMode>relativeToGround</altitudeMode></Camera></gx:FlyTo><gx:FlyTo><gx:duration>5.73</gx:duration><gx:flyToMode>smooth</gx:flyToMode><Camera><longitude>139.734850</longitude><latitude>35.861778</latitude><altitude>300</altitude><heading>165.3</heading><tilt>60</tilt><altitudeMode>relativeToGround</altitudeMode></Camera></gx:FlyTo><gx:FlyTo><gx:duration>5.73</gx:duration><gx:flyToMode>smooth</gx:flyToMode><Camera><longitude>139.737554</longitude><latitude>35.853410</latitude><altitude>300</altitude><heading>97.4</heading><tilt>60</tilt><altitudeMode>relativeToGround</altitudeMode></Camera></gx:FlyTo><gx:FlyTo><gx:duration>5.73</gx:duration><gx:flyToMode>smooth</gx:flyToMode><Camera><longitude>139.750600</longitude><latitude>35.852036</latitude><altitude>300</altitude><heading>102.7</heading><tilt>60</tilt><altitudeMode>relativeToGround</altitudeMode></Camera></gx:FlyTo><gx:FlyTo><gx:duration>5.73</gx:duration><gx:flyToMode>smooth</gx:flyToMode><Camera><longitude>139.765620</longitude><latitude>35.849290</latitude><altitude>300</altitude><heading>95.7</heading><tilt>60</tilt><altitudeMode>relativeToGround</altitudeMode></Camera></gx:FlyTo><gx:FlyTo><gx:duration>5.73</gx:duration><gx:flyToMode>smooth</gx:flyToMode><Camera><longitude>139.777293</longitude><latitude>35.848346</latitude><altitude>300</altitude><heading>107.8</heading><tilt>60</tilt><altitudeMode>relativeToGround</altitudeMode></Camera></gx:FlyTo><gx:FlyTo><gx:duration>5.73</gx:duration><gx:flyToMode>smooth</gx:flyToMode><Camera><longitude>139.786692</longitude><latitude>35.845900</latitude><altitude>300</altitude><heading>163.2</heading><tilt>60</tilt><altitudeMode>relativeToGround</altitudeMode></Camera></gx:FlyTo><gx:FlyTo><gx:duration>5.73</gx:duration><gx:flyToMode>smooth</gx:flyToMode><Camera><longitude>139.790168</longitude><latitude>35.836544</latitude><altitude>300</altitude><heading>167.2</heading><tilt>60</tilt><altitudeMode>relativeToGround</altitudeMode></Camera></gx:FlyTo><gx:FlyTo><gx:duration>5.73</gx:duration><gx:flyToMode>smooth</gx:flyToMode><Camera><longitude>139.792700</longitude><latitude>35.827532</latitude><altitude>300</altitude><heading>177.3</heading><tilt>60</tilt><altitudeMode>relativeToGround</altitudeMode></Camera></gx:FlyTo><gx:FlyTo><gx:duration>5.73</gx:duration><gx:flyToMode>smooth</gx:flyToMode><Camera><longitude>139.793344</longitude><latitude>35.816588</latitude><altitude>300</altitude><heading>155.9</heading><tilt>60</tilt><altitudeMode>relativeToGround</altitudeMode></Camera></gx:FlyTo><gx:FlyTo><gx:duration>5.73</gx:duration><gx:flyToMode>smooth</gx:flyToMode><Camera><longitude>139.798107</longitude><latitude>35.807962</latitude><altitude>300</altitude><heading>161.0</heading><tilt>60</tilt><altitudeMode>relativeToGround</altitudeMode></Camera></gx:FlyTo><gx:FlyTo><gx:duration>5.73</gx:duration><gx:flyToMode>smooth</gx:flyToMode><Camera><longitude>139.801884</longitude><latitude>35.799079</latitude><altitude>300</altitude><heading>175.7</heading><tilt>60</tilt><altitudeMode>relativeToGround</altitudeMode></Camera></gx:FlyTo><gx:FlyTo><gx:duration>5.73</gx:duration><gx:flyToMode>smooth</gx:flyToMode><Camera><longitude>139.802785</longitude><latitude>35.789380</latitude><altitude>300</altitude><heading>178.5</heading><tilt>60</tilt><altitudeMode>relativeToGround</altitudeMode></Camera></gx:FlyTo><gx:FlyTo><gx:duration>5.73</gx:duration><gx:flyToMode>smooth</gx:flyToMode><Camera><longitude>139.803085</longitude><latitude>35.780325</latitude><altitude>300</altitude><heading>178.3</heading><tilt>60</tilt><altitudeMode>relativeToGround</altitudeMode></Camera></gx:FlyTo><gx:FlyTo><gx:duration>5.73</gx:duration><gx:flyToMode>smooth</gx:flyToMode><Camera><longitude>139.803429</longitude><latitude>35.771141</latitude><altitude>300</altitude><heading>179.2</heading><tilt>60</tilt><altitudeMode>relativeToGround</altitudeMode></Camera></gx:FlyTo><gx:FlyTo><gx:duration>5.73</gx:duration><gx:flyToMode>smooth</gx:flyToMode><Camera><longitude>139.803600</longitude><latitude>35.761614</latitude><altitude>300</altitude><heading>194.8</heading><tilt>60</tilt><altitudeMode>relativeToGround</altitudeMode></Camera></gx:FlyTo><gx:FlyTo><gx:duration>5.73</gx:duration><gx:flyToMode>smooth</gx:flyToMode><Camera><longitude>139.800725</longitude><latitude>35.752773</latitude><altitude>300</altitude><heading>194.9</heading><tilt>60</tilt><altitudeMode>relativeToGround</altitudeMode></Camera></gx:FlyTo><gx:FlyTo><gx:duration>5.73</gx:duration><gx:flyToMode>smooth</gx:flyToMode><Camera><longitude>139.797678</longitude><latitude>35.743461</latitude><altitude>300</altitude><heading>195.3</heading><tilt>60</tilt><altitudeMode>relativeToGround</altitudeMode></Camera></gx:FlyTo><gx:FlyTo><gx:duration>5.73</gx:duration><gx:flyToMode>smooth</gx:flyToMode><Camera><longitude>139.794803</longitude><latitude>35.734921</latitude><altitude>300</altitude><heading>268.8</heading><tilt>60</tilt><altitudeMode>relativeToGround</altitudeMode></Camera></gx:FlyTo><gx:FlyTo><gx:duration>5.73</gx:duration><gx:flyToMode>smooth</gx:flyToMode><Camera><longitude>139.784460</longitude><latitude>35.734749</latitude><altitude>300</altitude><heading>291.4</heading><tilt>60</tilt><altitudeMode>relativeToGround</altitudeMode></Camera></gx:FlyTo><gx:FlyTo><gx:duration>5.73</gx:duration><gx:flyToMode>smooth</gx:flyToMode><Camera><longitude>139.780697</longitude><latitude>35.735943</latitude><altitude>300</altitude><heading>291.4</heading><tilt>60</tilt><altitudeMode>relativeToGround</altitudeMode></Camera></gx:FlyTo></gx:Playlist></gx:Tour>
<Placemark><name>Route line — 10/15 Thu</name><visibility>0</visibility><styleUrl>#rt</styleUrl><LineString><altitudeMode>relativeToGround</altitudeMode><coordinates>139.585904,36.961578,120 139.585850,36.962143,120 139.585590,36.962128,120 139.585376,36.962128,120 139.584689,36.962128,120 139.584131,36.962128,120 139.583917,36.962128,120 139.583273,36.962128,120 139.582801,36.962085,120 139.581985,36.961913,120 139.580097,36.961398,120 139.579797,36.961441,120 139.579496,36.961827,120 139.579024,36.961699,120 139.578466,36.961570,120 139.577994,36.961141,120 139.577694,36.961012,120 139.577308,36.960969,120 139.576707,36.961141,120 139.576664,36.961055,120 139.576793,36.960797,120 139.576535,36.960454,120 139.575763,36.960411,120 139.575462,36.960196,120 139.574862,36.960068,120 139.574733,36.960025,120 139.574389,36.959381,120 139.574218,36.959209,120 139.573746,36.959124,120 139.573231,36.959381,120 139.573016,36.959381,120 139.572330,36.959381,120 139.572201,36.959295,120 139.572158,36.959124,120 139.572244,36.958995,120 139.573145,36.958609,120 139.573402,36.958308,120 139.573359,36.958137,120 139.572716,36.957750,120 139.572415,36.957321,120 139.570656,36.956549,120 139.570312,36.956506,120 139.569969,36.956806,120 139.569626,36.956806,120 139.569411,36.956592,120 139.569669,36.956162,120 139.569454,36.955862,120 139.568896,36.955476,120 139.567909,36.955132,120 139.566150,36.954360,120 139.565377,36.953845,120 139.564991,36.953373,120 139.564776,36.953201,120 139.564519,36.953158,120 139.564176,36.953201,120 139.563875,36.953030,120 139.563231,36.952214,120 139.563146,36.951571,120 139.563017,36.951356,120 139.563017,36.951141,120 139.563274,36.950626,120 139.564004,36.950154,120 139.563918,36.949596,120 139.563704,36.948695,120 139.563575,36.948566,120 139.562974,36.948481,120 139.562888,36.948395,120 139.562888,36.947794,120 139.562802,36.947150,120 139.562545,36.946678,120 139.562159,36.946335,120 139.561300,36.946034,120 139.560871,36.945992,120 139.559927,36.945519,120 139.559755,36.945519,120 139.559541,36.945605,120 139.559455,36.945605,120 139.559369,36.945519,120 139.559541,36.945262,120 139.559541,36.945047,120 139.559412,36.944962,120 139.559112,36.944876,120 139.558983,36.944704,120 139.559069,36.944489,120 139.559069,36.944404,120 139.558897,36.944275,120 139.558382,36.943974,120 139.558339,36.943588,120 139.558682,36.942816,120 139.558811,36.942687,120 139.559155,36.942515,120 139.559197,36.942215,120 139.559755,36.941442,120 139.559712,36.941099,120 139.559541,36.940799,120 139.559283,36.940069,120 139.559283,36.938996,120 139.558940,36.938610,120 139.558640,36.937752,120 139.558253,36.937408,120 139.557953,36.936851,120 139.558125,36.936550,120 139.558511,36.936293,120 139.558597,36.936078,120 139.558468,36.935863,120 139.557824,36.935520,120 139.557652,36.935134,120 139.557695,36.934533,120 139.557824,36.934319,120 139.558125,36.934018,120 139.557953,36.933331,120 139.557996,36.932817,120 139.557910,36.932731,120 139.557567,36.932602,120 139.557352,36.932259,120 139.556537,36.932130,120 139.556322,36.932044,120 139.556193,36.931915,120 139.556022,36.931314,120 139.555464,36.931057,120 139.555163,36.930799,120 139.554777,36.930242,120 139.554863,36.929855,120 139.554734,36.928997,120 139.554477,36.928396,120 139.554090,36.928139,120 139.554005,36.928053,120 139.554048,36.927624,120 139.554005,36.927109,120 139.553146,36.925950,120 139.552588,36.925607,120 139.552159,36.925178,120 139.551902,36.925049,120 139.551644,36.924791,120 139.551516,36.924748,120 139.550915,36.924834,120 139.550486,36.924663,120 139.549627,36.924577,120 139.549627,36.924405,120 139.549713,36.924362,120 139.550099,36.924233,120 139.551215,36.924319,120 139.551687,36.924276,120 139.552031,36.924148,120 139.552073,36.924191,120 139.552159,36.924405,120 139.552331,36.924663,120 139.552846,36.924963,120 139.553318,36.925135,120 139.553447,36.925092,120 139.553704,36.924877,120 139.554391,36.924748,120 139.555206,36.924491,120 139.555206,36.924319,120 139.554949,36.923976,120 139.554691,36.923289,120 139.554734,36.923118,120 139.554648,36.922774,120 139.554734,36.922517,120 139.554563,36.922302,120 139.554048,36.921916,120 139.553962,36.921144,120 139.553490,36.920028,120 139.553318,36.919770,120 139.553146,36.919556,120 139.552846,36.919427,120 139.552417,36.919084,120 139.551601,36.918311,120 139.551001,36.918139,120 139.550743,36.917839,120 139.550657,36.917367,120 139.550486,36.917238,120 139.549842,36.917024,120 139.549756,36.916895,120 139.549756,36.916809,120 139.549971,36.916766,120 139.550400,36.916809,120 139.551172,36.917109,120 139.551430,36.916809,120 139.551601,36.916809,120 139.551687,36.916852,120 139.551730,36.917195,120 139.551816,36.917238,120 139.552073,36.917152,120 139.552503,36.916552,120 139.552717,36.916509,120 139.552846,36.916637,120 139.552889,36.917024,120 139.552975,36.917152,120 139.553061,36.917195,120 139.553189,36.917067,120 139.553189,36.916723,120 139.553318,36.916595,120 139.553447,36.916552,120 139.553533,36.916766,120 139.553747,36.916938,120 139.553876,36.917281,120 139.553962,36.917367,120 139.554734,36.916852,120 139.555249,36.916895,120 139.555507,36.916509,120 139.556108,36.916337,120 139.556322,36.916208,120 139.556708,36.915522,120 139.556665,36.915393,120 139.556236,36.915050,120 139.556236,36.914792,120 139.556150,36.914749,120 139.556065,36.914749,120 139.556193,36.915178,120 139.556494,36.915522,120 139.556451,36.915693,120 139.556022,36.916080,120 139.555163,36.916165,120 139.554648,36.916165,120 139.554434,36.915994,120 139.554219,36.915951,120 139.553962,36.915693,120 139.553618,36.915522,120 139.552889,36.915307,120 139.552417,36.915350,120 139.552202,36.915178,120 139.551773,36.915007,120 139.551129,36.915092,120 139.550700,36.915007,120 139.550529,36.914878,120 139.550357,36.914577,120 139.550099,36.914449,120 139.549885,36.914406,120 139.549499,36.914449,120 139.549241,36.914363,120 139.548769,36.914277,120 139.548512,36.914105,120 139.548211,36.914191,120 139.547653,36.914105,120 139.547396,36.913891,120 139.546537,36.913633,120 139.546108,36.913633,120 139.545808,36.913848,120 139.545636,36.913805,120 139.545293,36.913462,120 139.544606,36.913290,120 139.545507,36.912475,120 139.546065,36.912346,120 139.546752,36.912346,120 139.547482,36.912088,120 139.547567,36.912003,120 139.547696,36.911573,120 139.547825,36.911359,120 139.548340,36.911144,120 139.548512,36.910758,120 139.548683,36.910586,120 139.549112,36.910458,120 139.549413,36.910458,120 139.549799,36.911101,120 139.550014,36.911144,120 139.550185,36.910973,120 139.550314,36.910586,120 139.550571,36.910329,120 139.550915,36.910200,120 139.551301,36.910286,120 139.551430,36.910243,120 139.551730,36.909685,120 139.552932,36.909127,120 139.553490,36.908526,120 139.553704,36.907797,120 139.553790,36.907325,120 139.554391,36.906981,120 139.555421,36.906037,120 139.555421,36.905909,120 139.555249,36.905866,120 139.553876,36.906724,120 139.553661,36.906767,120 139.553576,36.906595,120 139.554048,36.906252,120 139.554691,36.905951,120 139.554863,36.905737,120 139.555035,36.904664,120 139.554820,36.904235,120 139.554906,36.904192,120 139.555078,36.904192,120 139.555163,36.904449,120 139.555206,36.904535,120 139.555335,36.904578,120 139.555464,36.904535,120 139.555464,36.904235,120 139.555635,36.903462,120 139.555893,36.903248,120 139.556494,36.902990,120 139.557309,36.902304,120 139.557352,36.901960,120 139.557738,36.901617,120 139.557610,36.901360,120 139.557695,36.901231,120 139.557910,36.901231,120 139.558039,36.901445,120 139.558210,36.901488,120 139.558210,36.901274,120 139.558039,36.901102,120 139.558039,36.900973,120 139.558554,36.900630,120 139.558725,36.900287,120 139.558983,36.900201,120 139.559369,36.900244,120 139.559884,36.899986,120 139.560442,36.900287,120 139.561515,36.899900,120 139.561644,36.899729,120 139.561815,36.899171,120 139.562631,36.898441,120 139.562545,36.897798,120 139.562716,36.897368,120 139.562974,36.897240,120 139.563532,36.897154,120 139.564819,36.896167,120 139.565420,36.896081,120 139.565806,36.896124,120 139.566021,36.895995,120 139.566965,36.895266,120 139.567308,36.894965,120 139.567437,36.894665,120 139.568210,36.894279,120 139.568725,36.893806,120 139.568982,36.893592,120 139.569111,36.893034,120 139.569712,36.892004,120 139.570999,36.891360,120 139.571643,36.890974,120 139.572029,36.890717,120 139.572330,36.890502,120 139.572973,36.890073,120 139.573274,36.889944,120 139.574175,36.889558,120 139.574733,36.889300,120 139.574819,36.889215,120 139.575419,36.888785,120 139.576235,36.888313,120 139.576449,36.888227,120 139.576449,36.888185,120 139.576921,36.888013,120 139.577565,36.887755,120 139.579282,36.887155,120 139.579754,36.886811,120 139.579840,36.886640,120 139.579754,36.886253,120 139.579453,36.885738,120 139.579024,36.885438,120 139.578381,36.885309,120 139.578252,36.885180,120 139.578338,36.885052,120 139.578981,36.884880,120 139.579797,36.884494,120 139.579883,36.884365,120 139.579840,36.884236,120 139.579668,36.884236,120 139.579110,36.884408,120 139.579067,36.884365,120 139.579067,36.884236,120 139.579668,36.884108,120 139.580140,36.883678,120 139.580398,36.883421,120 139.580655,36.882820,120 139.580526,36.881962,120 139.580827,36.881361,120 139.581084,36.880846,120 139.581213,36.880760,120 139.582286,36.880417,120 139.582586,36.880417,120 139.583488,36.880760,120 139.583831,36.880717,120 139.583960,36.880674,120 139.584174,36.880460,120 139.584303,36.879988,120 139.584560,36.879644,120 139.585676,36.879044,120 139.585805,36.878786,120 139.585547,36.878271,120 139.585547,36.878057,120 139.585633,36.877885,120 139.585934,36.877456,120 139.586277,36.876769,120 139.586191,36.875567,120 139.586320,36.874666,120 139.586577,36.873851,120 139.586835,36.873593,120 139.587264,36.873507,120 139.587736,36.873507,120 139.588208,36.873550,120 139.588466,36.873465,120 139.588723,36.873250,120 139.589496,36.872435,120 139.589710,36.872349,120 139.590397,36.872349,120 139.591212,36.872005,120 139.591427,36.871834,120 139.591641,36.871448,120 139.592071,36.871190,120 139.592242,36.871319,120 139.592071,36.871705,120 139.592113,36.872048,120 139.592328,36.872134,120 139.593015,36.872005,120 139.593186,36.872091,120 139.593315,36.872263,120 139.593272,36.873207,120 139.593401,36.873336,120 139.593616,36.873293,120 139.594131,36.872821,120 139.594560,36.872563,120 139.595289,36.871877,120 139.595332,36.871748,120 139.595118,36.871705,120 139.594989,36.871748,120 139.594817,36.872177,120 139.594517,36.872349,120 139.594345,36.872349,120 139.594345,36.872220,120 139.594731,36.872005,120 139.594903,36.871576,120 139.594989,36.871490,120 139.595289,36.871490,120 139.596577,36.871877,120 139.596834,36.871791,120 139.597049,36.871405,120 139.596791,36.871190,120 139.596834,36.871061,120 139.597135,36.870890,120 139.597564,36.870503,120 139.597821,36.870418,120 139.597907,36.870289,120 139.597864,36.870203,120 139.597735,36.870160,120 139.597220,36.870461,120 139.597006,36.870546,120 139.596577,36.870546,120 139.596491,36.870418,120 139.596577,36.870332,120 139.597306,36.870246,120 139.597435,36.870160,120 139.597349,36.869988,120 139.596877,36.869946,120 139.596834,36.869860,120 139.596920,36.869774,120 139.598379,36.869688,120 139.599366,36.869473,120 139.600568,36.869302,120 139.600997,36.868916,120 139.601941,36.868744,120 139.602671,36.868701,120 139.603529,36.868830,120 139.603915,36.868830,120 139.604559,36.868873,120 139.604988,36.868830,120 139.605460,36.868701,120 139.604816,36.868057,120 139.604988,36.867671,120 139.604859,36.867199,120 139.604902,36.866984,120 139.603572,36.866813,120 139.602928,36.866727,120 139.601769,36.866512,120 139.600568,36.866598,120 139.600096,36.866684,120 139.599280,36.866984,120 139.597607,36.868014,120 139.596620,36.868401,120 139.595718,36.868529,120 139.594946,36.868486,120 139.594431,36.868358,120 139.593401,36.867971,120 139.592028,36.867499,120 139.591470,36.867360,120 139.591438,36.867443,120 139.591470,36.867360,120 139.591341,36.867328,120 139.590826,36.867242,120 139.590268,36.867199,120 139.589839,36.866984,120 139.589152,36.866770,120 139.588294,36.866770,120 139.587693,36.866984,120 139.587436,36.866899,120 139.587092,36.866727,120 139.585934,36.866598,120 139.584818,36.866727,120 139.583488,36.866856,120 139.582500,36.866641,120 139.582243,36.866641,120 139.580183,36.866941,120 139.580011,36.866899,120 139.579883,36.866813,120 139.579453,36.866126,120 139.579282,36.865997,120 139.577780,36.865911,120 139.576492,36.865525,120 139.575119,36.865611,120 139.573359,36.865225,120 139.573102,36.865096,120 139.571128,36.863766,120 139.570827,36.863422,120 139.570484,36.863036,120 139.568853,36.862564,120 139.567394,36.862006,120 139.566708,36.862006,120 139.565978,36.862178,120 139.565506,36.862392,120 139.565206,36.862650,120 139.564605,36.862950,120 139.564433,36.862993,120 139.563704,36.862907,120 139.563146,36.862779,120 139.562888,36.862650,120 139.562459,36.861963,120 139.562244,36.861835,120 139.561901,36.861792,120 139.561558,36.861792,120 139.561172,36.861963,120 139.561000,36.862135,120 139.560742,36.862650,120 139.560614,36.863165,120 139.560142,36.863422,120 139.559884,36.863680,120 139.559712,36.863766,120 139.559197,36.863809,120 139.558897,36.863980,120 139.558768,36.863980,120 139.558511,36.863894,120 139.557695,36.863894,120 139.556837,36.863766,120 139.556537,36.863852,120 139.556065,36.863723,120 139.555893,36.863723,120 139.555764,36.863894,120 139.555678,36.864195,120 139.555464,36.864452,120 139.555335,36.864882,120 139.555120,36.865268,120 139.554906,36.865396,120 139.554691,36.865654,120 139.554691,36.865911,120 139.554477,36.866255,120 139.554219,36.866426,120 139.553919,36.866469,120 139.553318,36.866426,120 139.553146,36.866384,120 139.552159,36.865783,120 139.550486,36.865010,120 139.550099,36.864924,120 139.549155,36.864796,120 139.548512,36.864924,120 139.548082,36.864924,120 139.547696,36.864839,120 139.547524,36.864667,120 139.547267,36.864324,120 139.546709,36.864152,120 139.546537,36.864023,120 139.546280,36.863766,120 139.545894,36.863508,120 139.545636,36.863379,120 139.545207,36.863294,120 139.543405,36.863465,120 139.542675,36.863422,120 139.540529,36.862607,120 139.539886,36.862822,120 139.539156,36.862650,120 139.538684,36.862478,120 139.538126,36.861963,120 139.537697,36.861491,120 139.536924,36.861191,120 139.536023,36.860847,120 139.535766,36.860633,120 139.535465,36.860461,120 139.535165,36.860547,120 139.534864,36.860762,120 139.534822,36.860976,120 139.534736,36.861320,120 139.534607,36.861491,120 139.533749,36.862135,120 139.533234,36.862478,120 139.532719,36.862779,120 139.532118,36.863036,120 139.525766,36.865096,120 139.524951,36.865139,120 139.524264,36.865096,120 139.523277,36.865268,120 139.522676,36.865354,120 139.521861,36.865354,120 139.521689,36.865439,120 139.521604,36.865611,120 139.521646,36.865740,120 139.521818,36.865869,120 139.521990,36.865911,120 139.522848,36.865740,120 139.523363,36.865826,120 139.523749,36.865997,120 139.524393,36.866641,120 139.525080,36.866899,120 139.525294,36.867027,120 139.525337,36.867242,120 139.525208,36.867371,120 139.525037,36.867456,120 139.524822,36.867414,120 139.523621,36.866899,120 139.522848,36.866469,120 139.522505,36.866426,120 139.522290,36.866641,120 139.522290,36.866813,120 139.522376,36.866984,120 139.523492,36.867456,120 139.523664,36.867671,120 139.523664,36.867800,120 139.523578,36.867971,120 139.523320,36.868100,120 139.523149,36.868057,120 139.521346,36.866984,120 139.519973,36.866169,120 139.519544,36.866126,120 139.519286,36.866255,120 139.519072,36.866598,120 139.519072,36.866856,120 139.519029,36.867328,120 139.518857,36.868057,120 139.518170,36.869388,120 139.518042,36.870203,120 139.518256,36.871319,120 139.518256,36.871705,120 139.518127,36.872220,120 139.517612,36.873379,120 139.517355,36.873808,120 139.516926,36.874280,120 139.516668,36.874495,120 139.515982,36.874795,120 139.515166,36.874967,120 139.514093,36.875010,120 139.513407,36.875010,120 139.512935,36.874881,120 139.511604,36.874280,120 139.511518,36.874108,120 139.511561,36.873507,120 139.511433,36.873422,120 139.511261,36.873465,120 139.510832,36.874065,120 139.510489,36.874108,120 139.509673,36.873593,120 139.509201,36.873035,120 139.509029,36.872692,120 139.508858,36.872649,120 139.508686,36.872735,120 139.508343,36.873250,120 139.507914,36.873336,120 139.507570,36.873250,120 139.507356,36.873250,120 139.506884,36.873422,120 139.506540,36.873808,120 139.506240,36.873980,120 139.505682,36.874237,120 139.505253,36.874280,120 139.504995,36.874151,120 139.504609,36.873851,120 139.504437,36.873851,120 139.504437,36.874022,120 139.504566,36.874151,120 139.505124,36.874409,120 139.505553,36.874452,120 139.505682,36.874495,120 139.505682,36.874623,120 139.505553,36.874666,120 139.505038,36.874537,120 139.504652,36.874452,120 139.504266,36.874495,120 139.503450,36.874924,120 139.502764,36.875052,120 139.502506,36.875138,120 139.502335,36.875439,120 139.502206,36.875567,120 139.502034,36.875610,120 139.501348,36.875567,120 139.501219,36.875610,120 139.501047,36.875825,120 139.501047,36.876340,120 139.501047,36.877799,120 139.501047,36.877971,120 139.500790,36.877971,120 139.500618,36.877928,120 139.500403,36.877971,120 139.500060,36.878099,120 139.499803,36.878314,120 139.499502,36.878357,120 139.499245,36.878572,120 139.497828,36.878572,120 139.497442,36.878614,120 139.497271,36.878743,120 139.497056,36.879001,120 139.496927,36.879601,120 139.496756,36.879902,120 139.496541,36.879945,120 139.496369,36.879945,120 139.496241,36.879859,120 139.496155,36.879559,120 139.496026,36.879559,120 139.495769,36.879816,120 139.495425,36.879988,120 139.495211,36.880245,120 139.495082,36.880288,120 139.494739,36.880159,120 139.494309,36.880417,120 139.493923,36.880460,120 139.493666,36.880331,120 139.493451,36.880116,120 139.493194,36.879988,120 139.492893,36.879945,120 139.492164,36.879988,120 139.492035,36.879945,120 139.491992,36.879730,120 139.491777,36.879601,120 139.490404,36.879387,120 139.490232,36.879172,120 139.490061,36.878614,120 139.489632,36.878314,120 139.488859,36.878014,120 139.486113,36.877370,120 139.485769,36.877284,120 139.484611,36.877284,120 139.484310,36.877327,120 139.483323,36.877971,120 139.482808,36.878486,120 139.482765,36.878614,120 139.482808,36.878958,120 139.482293,36.879473,120 139.481950,36.879516,120 139.481564,36.879687,120 139.480834,36.879687,120 139.480534,36.879773,120 139.480190,36.879945,120 139.480147,36.880031,120 139.479890,36.880116,120 139.479375,36.880631,120 139.479160,36.880674,120 139.478946,36.880460,120 139.479160,36.880031,120 139.479117,36.879644,120 139.479032,36.879559,120 139.478688,36.879516,120 139.478645,36.879258,120 139.478388,36.879129,120 139.478259,36.878786,120 139.477658,36.878657,120 139.476757,36.878443,120 139.475513,36.878357,120 139.475126,36.878271,120 139.474182,36.878486,120 139.474053,36.878572,120 139.474010,36.878786,120 139.473925,36.878872,120 139.473667,36.878786,120 139.473281,36.878915,120 139.473066,36.878915,120 139.473066,36.879387,120 139.472980,36.879430,120 139.472809,36.879387,120 139.472337,36.878958,120 139.471822,36.878829,120 139.471006,36.878829,120 139.469504,36.879258,120 139.469333,36.879258,120 139.468775,36.879601,120 139.468689,36.879644,120 139.468346,36.879945,120 139.467916,36.880331,120 139.467874,36.880374,120 139.467359,36.880631,120 139.466200,36.881104,120 139.465599,36.881533,120 139.465513,36.881661,120 139.465041,36.881747,120 139.464483,36.881790,120 139.463668,36.881747,120 139.462595,36.881361,120 139.461908,36.880975,120 139.461179,36.880975,120 139.460192,36.880717,120 139.459805,36.880760,120 139.458776,36.881318,120 139.458303,36.881146,120 139.457960,36.881018,120 139.457788,36.881018,120 139.456716,36.881189,120 139.456415,36.881018,120 139.456415,36.880803,120 139.456501,36.880674,120 139.456716,36.880546,120 139.457488,36.880374,120 139.457402,36.880288,120 139.456458,36.880331,120 139.456329,36.880245,120 139.456329,36.880116,120 139.456372,36.879988,120 139.456801,36.879816,120 139.457188,36.879559,120 139.457617,36.879001,120 139.457788,36.879001,120 139.457960,36.879172,120 139.458089,36.879773,120 139.458303,36.879945,120 139.458432,36.879902,120 139.458647,36.879773,120 139.458990,36.879730,120 139.459119,36.879430,120 139.459248,36.879344,120 139.459934,36.879516,120 139.460192,36.879473,120 139.460363,36.879387,120 139.460621,36.879129,120 139.460878,36.878872,120 139.460878,36.878786,120 139.460835,36.878657,120 139.460578,36.878486,120 139.460235,36.878400,120 139.459805,36.878443,120 139.459419,36.878314,120 139.459162,36.878271,120 139.459119,36.878357,120 139.459205,36.878443,120 139.460063,36.878786,120 139.460063,36.878915,120 139.459977,36.878915,120 139.459591,36.878872,120 139.458990,36.878657,120 139.458733,36.878357,120 139.458647,36.878185,120 139.458733,36.877885,120 139.459033,36.877627,120 139.459033,36.877499,120 139.458861,36.877499,120 139.458518,36.877713,120 139.458389,36.878057,120 139.457874,36.877456,120 139.457488,36.877155,120 139.457445,36.877069,120 139.457445,36.876855,120 139.457102,36.876383,120 139.457102,36.876254,120 139.457359,36.875825,120 139.457359,36.875610,120 139.457188,36.875310,120 139.456801,36.874881,120 139.456716,36.874795,120 139.456587,36.874838,120 139.456630,36.874881,120 139.457102,36.875610,120 139.457102,36.875782,120 139.456844,36.875997,120 139.456801,36.876426,120 139.456758,36.876469,120 139.456630,36.876469,120 139.456587,36.876040,120 139.456801,36.875653,120 139.456801,36.875525,120 139.456415,36.875181,120 139.456329,36.875310,120 139.456587,36.875610,120 139.456329,36.875868,120 139.456244,36.876469,120 139.456115,36.876554,120 139.456029,36.876512,120 139.455986,36.876426,120 139.455986,36.875997,120 139.456201,36.875610,120 139.456072,36.875482,120 139.455943,36.875224,120 139.455385,36.874752,120 139.454784,36.874495,120 139.454656,36.874366,120 139.454699,36.874237,120 139.454956,36.873937,120 139.454956,36.873465,120 139.454441,36.872435,120 139.454226,36.871405,120 139.454226,36.871061,120 139.454441,36.871061,120 139.454913,36.871276,120 139.455600,36.871448,120 139.455857,36.871448,120 139.456329,36.871276,120 139.456501,36.871276,120 139.456801,36.871619,120 139.456930,36.872177,120 139.457059,36.872349,120 139.457445,36.872520,120 139.457831,36.872563,120 139.458003,36.872478,120 139.458132,36.872048,120 139.458432,36.871662,120 139.458561,36.871362,120 139.458947,36.871061,120 139.458947,36.870632,120 139.458690,36.870289,120 139.458690,36.870160,120 139.458904,36.870160,120 139.459548,36.870289,120 139.460020,36.870160,120 139.460149,36.870246,120 139.460235,36.870375,120 139.460020,36.870675,120 139.460020,36.870890,120 139.460106,36.871147,120 139.460020,36.871533,120 139.460235,36.871877,120 139.460406,36.871963,120 139.460492,36.871963,120 139.460535,36.871877,120 139.460235,36.871405,120 139.460235,36.871018,120 139.460750,36.869860,120 139.460793,36.869345,120 139.460878,36.869259,120 139.461265,36.869173,120 139.461608,36.868958,120 139.461565,36.868701,120 139.461350,36.868529,120 139.461350,36.868443,120 139.461908,36.867800,120 139.462466,36.867328,120 139.462810,36.866813,120 139.462895,36.866555,120 139.463153,36.866298,120 139.463882,36.865997,120 139.464011,36.865826,120 139.463625,36.865139,120 139.463024,36.864924,120 139.462895,36.864796,120 139.462638,36.864281,120 139.462638,36.864023,120 139.462509,36.863723,120 139.462466,36.863465,120 139.462295,36.863251,120 139.462295,36.863122,120 139.462166,36.862993,120 139.461908,36.862864,120 139.461350,36.862779,120 139.459548,36.862049,120 139.459462,36.861835,120 139.459462,36.861491,120 139.459763,36.860890,120 139.459591,36.860676,120 139.459248,36.860547,120 139.459205,36.860290,120 139.459033,36.860161,120 139.458733,36.859989,120 139.458647,36.859860,120 139.458475,36.859775,120 139.458261,36.859474,120 139.458132,36.859260,120 139.457960,36.859174,120 139.457874,36.858959,120 139.458003,36.858573,120 139.457660,36.858187,120 139.457617,36.857929,120 139.457273,36.857629,120 139.457316,36.857371,120 139.457016,36.857071,120 139.456244,36.856985,120 139.456329,36.856771,120 139.456801,36.856127,120 139.456758,36.855955,120 139.456501,36.855741,120 139.456501,36.855354,120 139.456372,36.855311,120 139.455771,36.855397,120 139.455600,36.855354,120 139.455385,36.855183,120 139.455042,36.854367,120 139.454827,36.854239,120 139.453969,36.854239,120 139.453583,36.854110,120 139.453282,36.853895,120 139.453154,36.853509,120 139.452896,36.853080,120 139.452982,36.852694,120 139.452510,36.852307,120 139.452510,36.851835,120 139.452682,36.851363,120 139.452596,36.851234,120 139.451909,36.850848,120 139.451265,36.850333,120 139.450793,36.850119,120 139.450622,36.849861,120 139.450707,36.849475,120 139.451308,36.849046,120 139.451866,36.848831,120 139.452424,36.848445,120 139.452424,36.848316,120 139.452167,36.847973,120 139.452338,36.847544,120 139.452167,36.847115,120 139.451909,36.846771,120 139.451180,36.846342,120 139.451265,36.846042,120 139.451222,36.845870,120 139.450407,36.845140,120 139.450536,36.844754,120 139.450235,36.844325,120 139.450278,36.844110,120 139.450235,36.843982,120 139.449978,36.843810,120 139.449677,36.843767,120 139.449377,36.843638,120 139.448433,36.842995,120 139.448090,36.842694,120 139.448175,36.842394,120 139.448433,36.842351,120 139.448605,36.842179,120 139.449377,36.841922,120 139.449463,36.841836,120 139.449377,36.841278,120 139.449463,36.841235,120 139.449592,36.841321,120 139.449592,36.841536,120 139.449763,36.841879,120 139.450107,36.841965,120 139.450622,36.841922,120 139.450707,36.841879,120 139.450879,36.840935,120 139.450965,36.840806,120 139.451094,36.840763,120 139.451265,36.840806,120 139.451523,36.841149,120 139.451952,36.842179,120 139.452038,36.842222,120 139.452295,36.842222,120 139.452467,36.841750,120 139.452424,36.841450,120 139.452596,36.841407,120 139.453239,36.841493,120 139.453411,36.841621,120 139.453883,36.842351,120 139.454012,36.842394,120 139.454098,36.842394,120 139.453926,36.841879,120 139.453969,36.841621,120 139.453754,36.841106,120 139.453154,36.840935,120 139.452810,36.840677,120 139.452682,36.840291,120 139.452124,36.839519,120 139.452081,36.839390,120 139.452209,36.839304,120 139.453239,36.840420,120 139.454355,36.840806,120 139.454441,36.840892,120 139.454398,36.841321,120 139.454913,36.841965,120 139.455085,36.842051,120 139.455729,36.842136,120 139.456029,36.842265,120 139.456115,36.842179,120 139.455900,36.842008,120 139.455385,36.841965,120 139.455171,36.841879,120 139.454999,36.841750,120 139.454913,36.841278,120 139.455042,36.840935,120 139.454956,36.840634,120 139.454784,36.840463,120 139.454312,36.840205,120 139.454184,36.839991,120 139.454269,36.839948,120 139.454699,36.840205,120 139.455171,36.840377,120 139.455342,36.840677,120 139.455428,36.841407,120 139.455514,36.841493,120 139.456029,36.841364,120 139.456201,36.841450,120 139.456544,36.841621,120 139.456844,36.842051,120 139.457036,36.842204,120 139.457037,36.842203,120 139.457036,36.842204,120 139.457273,36.842394,120 139.457402,36.842394,120 139.457102,36.841450,120 139.457188,36.841063,120 139.457359,36.840935,120 139.457359,36.840334,120 139.457059,36.840034,120 139.456930,36.839390,120 139.457016,36.839089,120 139.457231,36.838918,120 139.457231,36.838832,120 139.457102,36.838660,120 139.456673,36.838489,120 139.456587,36.838231,120 139.456587,36.837845,120 139.456329,36.837587,120 139.455986,36.837115,120 139.456158,36.836944,120 139.456758,36.836600,120 139.456930,36.836429,120 139.456887,36.836171,120 139.456887,36.835999,120 139.456630,36.835699,120 139.456544,36.835399,120 139.456758,36.835184,120 139.457231,36.835055,120 139.457145,36.834712,120 139.457231,36.834455,120 139.456930,36.834197,120 139.457188,36.833811,120 139.456930,36.833467,120 139.456973,36.833210,120 139.456844,36.833038,120 139.457059,36.832781,120 139.457059,36.832395,120 139.457273,36.832180,120 139.457445,36.832137,120 139.457660,36.832266,120 139.457960,36.832309,120 139.458904,36.832695,120 139.459462,36.832867,120 139.460192,36.833296,120 139.460449,36.833339,120 139.460664,36.832695,120 139.461007,36.831965,120 139.461007,36.831751,120 139.460878,36.831622,120 139.460449,36.831536,120 139.460149,36.831408,120 139.459763,36.831365,120 139.459548,36.831236,120 139.459419,36.831021,120 139.458861,36.830807,120 139.458690,36.830506,120 139.458475,36.830335,120 139.458218,36.829863,120 139.458089,36.829777,120 139.458089,36.829476,120 139.457703,36.829176,120 139.457746,36.829090,120 139.457917,36.829004,120 139.458561,36.828918,120 139.458733,36.828790,120 139.458947,36.828747,120 139.459119,36.828446,120 139.459333,36.828318,120 139.459763,36.828275,120 139.460149,36.828275,120 139.460578,36.827974,120 139.460063,36.827116,120 139.459805,36.826901,120 139.459291,36.826687,120 139.458561,36.826515,120 139.458346,36.826429,120 139.458518,36.826172,120 139.458861,36.825957,120 139.458818,36.825528,120 139.459376,36.825442,120 139.459462,36.825356,120 139.459376,36.824927,120 139.459548,36.824670,120 139.459591,36.824327,120 139.459977,36.824155,120 139.460020,36.824069,120 139.459333,36.824284,120 139.459291,36.824241,120 139.459462,36.824069,120 139.460149,36.823812,120 139.460149,36.823726,120 139.460063,36.823726,120 139.458733,36.823983,120 139.458346,36.823940,120 139.457788,36.823726,120 139.457145,36.823339,120 139.457102,36.823168,120 139.457145,36.822739,120 139.456716,36.822481,120 139.456329,36.821795,120 139.455814,36.821108,120 139.455385,36.820765,120 139.455299,36.820507,120 139.455299,36.820121,120 139.454613,36.819434,120 139.454269,36.818748,120 139.454012,36.818104,120 139.453497,36.817503,120 139.452896,36.816688,120 139.452793,36.816345,120 139.452745,36.816354,120 139.452793,36.816345,120 139.452767,36.816258,120 139.452982,36.815786,120 139.454055,36.815057,120 139.454699,36.814070,120 139.454613,36.813726,120 139.454613,36.813126,120 139.454312,36.812782,120 139.454269,36.812696,120 139.454441,36.812482,120 139.455471,36.812010,120 139.456029,36.811881,120 139.456844,36.811452,120 139.457574,36.811366,120 139.457617,36.811237,120 139.457445,36.811194,120 139.456501,36.811066,120 139.454699,36.810679,120 139.453797,36.810594,120 139.453754,36.810508,120 139.453840,36.810379,120 139.454184,36.810250,120 139.454484,36.810164,120 139.454741,36.810207,120 139.454827,36.810122,120 139.454784,36.810036,120 139.454226,36.809821,120 139.453797,36.809607,120 139.453840,36.809478,120 139.454012,36.809435,120 139.454741,36.809349,120 139.454827,36.809306,120 139.454699,36.809134,120 139.454226,36.809006,120 139.454226,36.808877,120 139.454741,36.808834,120 139.455171,36.809006,120 139.455256,36.808834,120 139.455042,36.808705,120 139.454398,36.808577,120 139.453712,36.808405,120 139.453583,36.808276,120 139.454055,36.808147,120 139.454613,36.808319,120 139.454784,36.808276,120 139.454784,36.808190,120 139.454226,36.807804,120 139.454226,36.807761,120 139.454312,36.807675,120 139.455171,36.808019,120 139.455600,36.808405,120 139.455771,36.808405,120 139.455814,36.808276,120 139.455514,36.807804,120 139.456158,36.808019,120 139.456415,36.807890,120 139.456501,36.807632,120 139.456501,36.806688,120 139.456758,36.806517,120 139.457145,36.806345,120 139.457316,36.806173,120 139.457531,36.805401,120 139.457703,36.805143,120 139.458861,36.804414,120 139.459119,36.804156,120 139.459548,36.802998,120 139.459462,36.802568,120 139.459162,36.801925,120 139.459419,36.801066,120 139.459076,36.800723,120 139.458690,36.800508,120 139.458303,36.800508,120 139.458003,36.800723,120 139.457660,36.801367,120 139.457359,36.801624,120 139.457059,36.801753,120 139.456930,36.801753,120 139.456887,36.801367,120 139.456887,36.801281,120 139.456801,36.800895,120 139.456458,36.800251,120 139.455256,36.799049,120 139.455085,36.798835,120 139.454570,36.798148,120 139.454269,36.797419,120 139.453926,36.795831,120 139.453626,36.794415,120 139.452896,36.792827,120 139.452553,36.791110,120 139.452338,36.789222,120 139.452252,36.788964,120 139.451094,36.788149,120 139.450536,36.787891,120 139.446459,36.786647,120 139.444270,36.786089,120 139.449849,36.778879,120 139.449978,36.778708,120 139.450579,36.777935,120 139.450750,36.777549,120 139.450750,36.777506,120 139.451265,36.775532,120 139.451609,36.770554,120 139.451952,36.769695,120 139.451995,36.769567,120 139.452724,36.768150,120 139.453239,36.766520,120 139.453197,36.766090,120 139.452853,36.765232,120 139.452853,36.764588,120 139.452853,36.763988,120 139.452896,36.762700,120 139.452510,36.761026,120 139.452167,36.760683,120 139.451995,36.760554,120 139.451480,36.760383,120 139.451265,36.760340,120 139.450750,36.760254,120 139.450364,36.760168,120 139.450107,36.759911,120 139.450150,36.759696,120 139.450622,36.759310,120 139.450750,36.759095,120 139.450536,36.758280,120 139.450192,36.758022,120 139.449463,36.758065,120 139.449162,36.757979,120 139.449034,36.757808,120 139.449162,36.757293,120 139.449034,36.756992,120 139.448862,36.756778,120 139.448562,36.756563,120 139.447789,36.756263,120 139.447618,36.756005,120 139.447703,36.755834,120 139.447832,36.755791,120 139.448090,36.755791,120 139.448948,36.756606,120 139.450235,36.757121,120 139.450707,36.757207,120 139.450879,36.757250,120 139.451351,36.757121,120 139.451523,36.756992,120 139.451780,36.756735,120 139.452038,36.755276,120 139.452553,36.754074,120 139.452853,36.753731,120 139.453454,36.753302,120 139.453712,36.753087,120 139.453926,36.753001,120 139.454613,36.752572,120 139.454956,36.752272,120 139.455214,36.752014,120 139.455557,36.752014,120 139.455686,36.752143,120 139.456244,36.752872,120 139.456758,36.753087,120 139.458647,36.753345,120 139.460063,36.753774,120 139.460406,36.753774,120 139.461050,36.753774,120 139.461651,36.753602,120 139.461908,36.753473,120 139.462072,36.753289,120 139.462175,36.753348,120 139.462072,36.753289,120 139.462252,36.753087,120 139.462509,36.752529,120 139.462724,36.751499,120 139.462852,36.750684,120 139.463067,36.749825,120 139.463410,36.749482,120 139.463797,36.749310,120 139.467230,36.748323,120 139.467659,36.748152,120 139.468303,36.747680,120 139.469590,36.746564,120 139.470663,36.745877,120 139.473968,36.743817,120 139.474568,36.743517,120 139.475255,36.743302,120 139.477530,36.742787,120 139.477658,36.742744,120 139.478045,36.742530,120 139.479074,36.741800,120 139.479504,36.741586,120 139.480019,36.741414,120 139.481177,36.741199,120 139.481478,36.741157,120 139.483452,36.740813,120 139.484525,36.740813,120 139.484911,36.740813,120 139.485898,36.740813,120 139.486756,36.740856,120 139.488730,36.741328,120 139.489031,36.741543,120 139.489717,36.741672,120 139.490104,36.741586,120 139.491305,36.741157,120 139.492378,36.740770,120 139.493322,36.740556,120 139.493494,36.740513,120 139.494224,36.740384,120 139.495382,36.740255,120 139.496155,36.740212,120 139.496756,36.740041,120 139.496970,36.739955,120 139.497571,36.739869,120 139.498129,36.739869,120 139.499288,36.739826,120 139.500360,36.739569,120 139.500532,36.739268,120 139.502506,36.739569,120 139.502892,36.739612,120 139.503064,36.739697,120 139.503622,36.740341,120 139.505467,36.742744,120 139.505682,36.742916,120 139.505939,36.743088,120 139.506240,36.743217,120 139.506454,36.743431,120 139.506798,36.743989,120 139.506841,36.744375,120 139.507141,36.744719,120 139.507484,36.744847,120 139.507914,36.744890,120 139.508042,36.744976,120 139.508429,36.745362,120 139.508815,36.746006,120 139.508944,36.746006,120 139.508944,36.745920,120 139.508600,36.745362,120 139.508343,36.745105,120 139.508214,36.744719,120 139.507828,36.744590,120 139.507828,36.744504,120 139.507871,36.744461,120 139.508343,36.744676,120 139.508557,36.745105,120 139.509201,36.745620,120 139.509802,36.745749,120 139.509974,36.746392,120 139.510188,36.746521,120 139.510531,36.746607,120 139.510746,36.746778,120 139.510875,36.746778,120 139.510875,36.746650,120 139.510274,36.746306,120 139.510145,36.745963,120 139.510231,36.745877,120 139.510317,36.745963,120 139.510403,36.746221,120 139.510574,36.746349,120 139.512076,36.747079,120 139.512205,36.747079,120 139.512205,36.746950,120 139.511518,36.746693,120 139.511003,36.746349,120 139.511003,36.746264,120 139.511089,36.746264,120 139.511518,36.746607,120 139.512463,36.746864,120 139.512720,36.746993,120 139.512849,36.746950,120 139.512806,36.746864,120 139.511647,36.746349,120 139.511604,36.746221,120 139.511733,36.746264,120 139.512119,36.746435,120 139.512849,36.746607,120 139.513192,36.746821,120 139.513321,36.746778,120 139.513235,36.746693,120 139.511518,36.745749,120 139.511561,36.745706,120 139.511690,36.745706,120 139.511991,36.745877,120 139.512677,36.746049,120 139.513106,36.746349,120 139.513364,36.746478,120 139.513450,36.746435,120 139.513450,36.746349,120 139.512978,36.746049,120 139.512677,36.745663,120 139.511991,36.745234,120 139.511991,36.745148,120 139.512119,36.745105,120 139.512548,36.745148,120 139.513149,36.745834,120 139.513836,36.746135,120 139.514008,36.746564,120 139.514093,36.746564,120 139.514136,36.746478,120 139.513965,36.746049,120 139.513364,36.745663,120 139.513321,36.745620,120 139.513450,36.745577,120 139.513922,36.745877,120 139.514136,36.745920,120 139.514136,36.745791,120 139.513879,36.745749,120 139.513535,36.745448,120 139.513493,36.745362,120 139.513621,36.745319,120 139.513879,36.745577,120 139.514008,36.745577,120 139.513750,36.745062,120 139.513750,36.744976,120 139.513879,36.744933,120 139.513965,36.744976,120 139.514050,36.745362,120 139.514136,36.745448,120 139.514179,36.745405,120 139.514136,36.744976,120 139.514308,36.744633,120 139.514050,36.744590,120 139.513621,36.744719,120 139.513578,36.744676,120 139.513621,36.744633,120 139.514008,36.744461,120 139.514523,36.744461,120 139.515252,36.744204,120 139.515467,36.744118,120 139.515767,36.743817,120 139.516325,36.743731,120 139.516368,36.743689,120 139.516282,36.743603,120 139.515896,36.743646,120 139.515896,36.743517,120 139.516068,36.743431,120 139.516497,36.743517,120 139.517055,36.743817,120 139.516668,36.744375,120 139.516711,36.744461,120 139.516797,36.744418,120 139.517012,36.744161,120 139.517183,36.743989,120 139.517226,36.744075,120 139.516969,36.744461,120 139.517012,36.744590,120 139.517140,36.744590,120 139.517269,36.744461,120 139.517398,36.743860,120 139.517484,36.743817,120 139.517570,36.743903,120 139.517355,36.744590,120 139.517441,36.744633,120 139.517612,36.744590,120 139.517784,36.743989,120 139.517870,36.743903,120 139.518514,36.743903,120 139.519372,36.743603,120 139.519801,36.743646,120 139.520745,36.743517,120 139.521046,36.743302,120 139.521303,36.743045,120 139.521775,36.742873,120 139.521947,36.742744,120 139.522891,36.741714,120 139.523277,36.741414,120 139.523921,36.741028,120 139.524865,36.740556,120 139.526367,36.739483,120 139.527011,36.739011,120 139.527569,36.738582,120 139.528470,36.738153,120 139.528599,36.738067,120 139.528942,36.738024,120 139.531088,36.738238,120 139.532204,36.738925,120 139.532375,36.739011,120 139.532804,36.739097,120 139.536281,36.739182,120 139.540830,36.737080,120 139.542332,36.736522,120 139.545937,36.735277,120 139.547095,36.734977,120 139.548554,36.733947,120 139.549541,36.733046,120 139.550614,36.732574,120 139.551902,36.732016,120 139.552417,36.731887,120 139.553232,36.731844,120 139.555292,36.732101,120 139.556580,36.732445,120 139.557996,36.732960,120 139.558940,36.733432,120 139.561129,36.734548,120 139.562030,36.735020,120 139.562373,36.735363,120 139.562759,36.735878,120 139.563489,36.736865,120 139.564605,36.738238,120 139.565635,36.739612,120 139.566622,36.741242,120 139.566922,36.741672,120 139.567308,36.742058,120 139.567995,36.742530,120 139.568725,36.742873,120 139.569068,36.743002,120 139.569240,36.743088,120 139.571686,36.744032,120 139.572630,36.744504,120 139.573617,36.745234,120 139.574947,36.746478,120 139.575462,36.746778,120 139.575806,36.746950,120 139.576364,36.747122,120 139.577136,36.747208,120 139.577951,36.747165,120 139.579625,36.746907,120 139.580312,36.746993,120 139.580827,36.747122,120 139.581513,36.747379,120 139.583101,36.748152,120 139.584088,36.748409,120 139.584904,36.748409,120 139.585762,36.748323,120 139.587135,36.747808,120 139.587822,36.747637,120 139.588637,36.747551,120 139.589581,36.747637,120 139.591341,36.748109,120 139.593058,36.748452,120 139.594946,36.748624,120 139.595847,36.748667,120 139.597263,36.748624,120 139.599881,36.748366,120 139.601340,36.748109,120 139.602799,36.747766,120 139.605503,36.746993,120 139.607306,36.746306,120 139.608078,36.746049,120 139.609280,36.745577,120 139.611211,36.745062,120 139.613099,36.744761,120 139.615717,36.744461,120 139.616790,36.744246,120 139.617863,36.743946,120 139.619322,36.743345,120 139.621725,36.741972,120 139.623399,36.741242,120 139.624729,36.740856,120 139.626274,36.740513,120 139.627647,36.740427,120 139.630051,36.740513,120 139.631724,36.740513,120 139.632583,36.740470,120 139.633913,36.740170,120 139.635243,36.739612,120 139.637432,36.738324,120 139.639020,36.737466,120 139.641895,36.736350,120 139.642882,36.735921,120 139.643784,36.735406,120 139.644942,36.734591,120 139.647431,36.732445,120 139.648805,36.731501,120 139.652581,36.729355,120 139.654427,36.728153,120 139.657044,36.725879,120 139.658074,36.725063,120 139.659190,36.724377,120 139.660993,36.723518,120 139.662495,36.723046,120 139.663696,36.722746,120 139.666529,36.722274,120 139.667816,36.722016,120 139.670177,36.721287,120 139.670992,36.720986,120 139.672108,36.720471,120 139.673181,36.719828,120 139.673610,36.719484,120 139.674211,36.719012,120 139.676185,36.716952,120 139.677086,36.716094,120 139.677601,36.715708,120 139.678459,36.715150,120 139.678974,36.714892,120 139.680476,36.714377,120 139.684854,36.713476,120 139.685969,36.713133,120 139.687514,36.712489,120 139.688244,36.712060,120 139.689531,36.711202,120 139.693222,36.707726,120 139.694638,36.706524,120 139.696097,36.705537,120 139.699016,36.703949,120 139.700990,36.703048,120 139.702063,36.702619,120 139.704680,36.701760,120 139.706655,36.701245,120 139.707384,36.701074,120 139.708200,36.700945,120 139.708586,36.700859,120 139.711032,36.700516,120 139.711633,36.700473,120 139.714122,36.700387,120 139.715838,36.700516,120 139.716740,36.700644,120 139.717813,36.700773,120 139.718714,36.700902,120 139.719272,36.700988,120 139.721975,36.701288,120 139.723778,36.701331,120 139.725494,36.701288,120 139.727297,36.701117,120 139.729099,36.700859,120 139.730988,36.700430,120 139.732018,36.700130,120 139.733605,36.699572,120 139.735494,36.698756,120 139.736309,36.698327,120 139.737811,36.697426,120 139.741716,36.695065,120 139.743562,36.694121,120 139.746737,36.692791,120 139.749570,36.691504,120 139.752059,36.690087,120 139.752316,36.689916,120 139.753561,36.689057,120 139.753904,36.688800,120 139.754934,36.687942,120 139.756522,36.686482,120 139.757509,36.685410,120 139.758024,36.684809,120 139.761500,36.680088,120 139.762230,36.679273,120 139.763346,36.678243,120 139.764676,36.677213,120 139.766264,36.676226,120 139.767165,36.675754,120 139.768925,36.674981,120 139.770384,36.674552,120 139.772100,36.674166,120 139.773903,36.673908,120 139.775791,36.673822,120 139.777637,36.673865,120 139.781241,36.674166,120 139.781928,36.674252,120 139.784803,36.674509,120 139.786906,36.674595,120 139.788280,36.674595,120 139.790683,36.674509,120 139.793344,36.674252,120 139.796476,36.673694,120 139.798923,36.673093,120 139.801884,36.672149,120 139.804931,36.671033,120 139.805360,36.670904,120 139.808235,36.669788,120 139.808536,36.669703,120 139.811068,36.668887,120 139.812956,36.668415,120 139.813428,36.668329,120 139.816346,36.667814,120 139.820552,36.667428,120 139.828448,36.666870,120 139.829907,36.666613,120 139.830937,36.666269,120 139.832182,36.665626,120 139.832654,36.665282,120 139.833212,36.664810,120 139.833813,36.664124,120 139.834456,36.662965,120 139.834714,36.662021,120 139.835958,36.655755,120 139.837074,36.651077,120 139.837589,36.649489,120 139.838018,36.648374,120 139.838490,36.647429,120 139.839349,36.646056,120 139.840593,36.644297,120 139.843640,36.640649,120 139.844112,36.640005,120 139.844284,36.639748,120 139.845228,36.637945,120 139.845700,36.637173,120 139.845958,36.637001,120 139.846430,36.636872,120 139.846601,36.636829,120 139.846773,36.636658,120 139.846816,36.636314,120 139.846730,36.636186,120 139.846301,36.635928,120 139.845700,36.635714,120 139.845357,36.635542,120 139.845142,36.635284,120 139.845057,36.634855,120 139.845099,36.634426,120 139.845142,36.633739,120 139.844928,36.632924,120 139.844885,36.632409,120 139.844971,36.632109,120 139.845314,36.631765,120 139.846215,36.631379,120 139.846516,36.631165,120 139.846687,36.630821,120 139.846601,36.630521,120 139.846387,36.630306,120 139.846215,36.630220,120 139.845572,36.630092,120 139.845099,36.629791,120 139.844928,36.629577,120 139.843898,36.627345,120 139.843512,36.626143,120 139.842997,36.624084,120 139.842782,36.622281,120 139.842739,36.620221,120 139.842782,36.619320,120 139.843040,36.617002,120 139.844198,36.610007,120 139.844327,36.606617,120 139.844327,36.605458,120 139.844069,36.603098,120 139.843683,36.600866,120 139.842525,36.596489,120 139.841623,36.593828,120 139.840894,36.592155,120 139.840035,36.590266,120 139.838877,36.588249,120 139.837718,36.586447,120 139.836645,36.585031,120 139.835658,36.583786,120 139.835315,36.583400,120 139.833899,36.581812,120 139.832911,36.580782,120 139.832482,36.580396,120 139.830079,36.578379,120 139.829221,36.577649,120 139.825959,36.575117,120 139.825487,36.574688,120 139.823685,36.573100,120 139.821582,36.570783,120 139.819565,36.567993,120 139.818277,36.565504,120 139.815831,36.559625,120 139.815187,36.558466,120 139.814157,36.557093,120 139.813299,36.556149,120 139.812312,36.555333,120 139.806476,36.551256,120 139.806089,36.550956,120 139.804416,36.549497,120 139.804115,36.549239,120 139.802570,36.547351,120 139.801755,36.546192,120 139.801068,36.544991,120 139.800339,36.543403,120 139.800167,36.542931,120 139.800038,36.542630,120 139.799695,36.541471,120 139.799523,36.540956,120 139.799352,36.540399,120 139.799223,36.539927,120 139.798837,36.538811,120 139.798279,36.537652,120 139.797549,36.536322,120 139.796391,36.534562,120 139.795403,36.533446,120 139.793859,36.531944,120 139.793000,36.531215,120 139.790425,36.529455,120 139.784846,36.526194,120 139.783301,36.525207,120 139.780512,36.523147,120 139.780083,36.522803,120 139.778624,36.521516,120 139.776392,36.519370,120 139.774761,36.517525,120 139.773088,36.515379,120 139.771543,36.513062,120 139.768367,36.506882,120 139.768066,36.506367,120 139.766822,36.504650,120 139.765449,36.503148,120 139.764075,36.501861,120 139.761930,36.500359,120 139.759998,36.499243,120 139.757938,36.498299,120 139.756994,36.497955,120 139.755492,36.497483,120 139.754119,36.497097,120 139.753647,36.496968,120 139.749570,36.496024,120 139.748969,36.495938,120 139.747038,36.495466,120 139.746737,36.495380,120 139.746480,36.495295,120 139.743905,36.494350,120 139.743433,36.494136,120 139.742446,36.493664,120 139.740815,36.492763,120 139.739056,36.491475,120 139.738197,36.490617,120 139.737554,36.489801,120 139.736996,36.488900,120 139.736223,36.487098,120 139.735794,36.485682,120 139.735322,36.484308,120 139.734936,36.483321,120 139.734249,36.482077,120 139.733477,36.481090,120 139.731932,36.479502,120 139.729657,36.477356,120 139.728842,36.476412,120 139.728198,36.475339,120 139.727683,36.473966,120 139.727426,36.472292,120 139.727468,36.470790,120 139.727726,36.469245,120 139.728370,36.466455,120 139.728670,36.464095,120 139.728584,36.463108,120 139.728284,36.461477,120 139.727769,36.459804,120 139.727168,36.458602,120 139.726181,36.456971,120 139.725451,36.455941,120 139.723864,36.454053,120 139.721932,36.451821,120 139.720473,36.450191,120 139.720001,36.449547,120 139.719057,36.448345,120 139.718456,36.447401,120 139.717255,36.445384,120 139.716268,36.442766,120 139.715753,36.440835,120 139.715452,36.439118,120 139.715366,36.437359,120 139.715452,36.435342,120 139.715581,36.434398,120 139.715924,36.432552,120 139.716353,36.431179,120 139.717083,36.429334,120 139.718199,36.427059,120 139.718671,36.426201,120 139.719229,36.425042,120 139.719744,36.423583,120 139.720087,36.422510,120 139.720387,36.420665,120 139.720430,36.420107,120 139.720473,36.419806,120 139.720345,36.417489,120 139.720130,36.416416,120 139.719915,36.415515,120 139.719315,36.413927,120 139.718285,36.411910,120 139.717598,36.410837,120 139.715881,36.408520,120 139.715538,36.408176,120 139.715066,36.407619,120 139.714723,36.407318,120 139.713693,36.406245,120 139.712019,36.404829,120 139.711075,36.404099,120 139.710946,36.404014,120 139.710689,36.403799,120 139.708629,36.402469,120 139.708371,36.402297,120 139.706655,36.401396,120 139.705753,36.400924,120 139.704466,36.400366,120 139.702706,36.399679,120 139.696569,36.397662,120 139.694724,36.396976,120 139.692922,36.396117,120 139.691420,36.395259,120 139.690003,36.394315,120 139.686570,36.391525,120 139.685798,36.390967,120 139.685154,36.390624,120 139.684253,36.390195,120 139.683394,36.389852,120 139.682279,36.389637,120 139.681120,36.389465,120 139.677343,36.389251,120 139.676270,36.389079,120 139.675069,36.388693,120 139.674382,36.388392,120 139.673781,36.388049,120 139.672794,36.387320,120 139.672065,36.386633,120 139.670005,36.383886,120 139.669232,36.383071,120 139.668331,36.382384,120 139.665327,36.380496,120 139.664598,36.379981,120 139.664168,36.379552,120 139.663825,36.379209,120 139.663181,36.378350,120 139.662580,36.377234,120 139.661980,36.375690,120 139.661164,36.374531,120 139.659920,36.373415,120 139.658718,36.372728,120 139.657259,36.372170,120 139.655929,36.371870,120 139.654384,36.371698,120 139.651423,36.371484,120 139.649491,36.371441,120 139.647646,36.371527,120 139.641037,36.372256,120 139.638805,36.372428,120 139.638462,36.372428,120 139.637003,36.372385,120 139.635801,36.372213,120 139.634514,36.371913,120 139.633698,36.371655,120 139.632626,36.371226,120 139.632025,36.370926,120 139.631381,36.370540,120 139.630179,36.369724,120 139.628935,36.368480,120 139.628248,36.367493,120 139.627519,36.365905,120 139.627132,36.364360,120 139.627090,36.362987,120 139.627175,36.361828,120 139.627175,36.361356,120 139.627261,36.359553,120 139.627132,36.358094,120 139.626832,36.356635,120 139.626017,36.354446,120 139.625158,36.352429,120 139.624772,36.351228,120 139.624343,36.349339,120 139.624171,36.348095,120 139.624171,36.347194,120 139.624300,36.343160,120 139.624085,36.341271,120 139.624000,36.340928,120 139.623699,36.339898,120 139.623313,36.339040,120 139.622669,36.338010,120 139.621768,36.336894,120 139.621296,36.336508,120 139.617777,36.333718,120 139.616661,36.332688,120 139.615245,36.331015,120 139.614387,36.329641,120 139.613829,36.327925,120 139.613743,36.327281,120 139.613700,36.326594,120 139.613786,36.325479,120 139.613872,36.325006,120 139.614000,36.324620,120 139.614301,36.323934,120 139.614902,36.322947,120 139.615502,36.322260,120 139.616017,36.321831,120 139.617519,36.320844,120 139.617818,36.320700,120 139.617832,36.320719,120 139.617818,36.320700,120 139.618678,36.320286,120 139.619064,36.320071,120 139.619966,36.319685,120 139.620738,36.319513,120 139.621124,36.319299,120 139.621253,36.319041,120 139.621210,36.318784,120 139.621038,36.318612,120 139.620652,36.318483,120 139.619794,36.318226,120 139.618979,36.317968,120 139.618850,36.318011,120 139.618378,36.319041,120 139.618506,36.318998,120 139.618721,36.318827,120 139.619107,36.318269,120 139.619408,36.318226,120 139.619751,36.318269,120 139.620609,36.318569,120 139.620996,36.318698,120 139.621167,36.318870,120 139.621210,36.319041,120 139.621081,36.319213,120 139.620867,36.319342,120 139.620438,36.319299,120 139.620309,36.319084,120 139.620309,36.318827,120 139.620695,36.318054,120 139.620953,36.317325,120 139.621038,36.317153,120 139.621296,36.316037,120 139.621382,36.314363,120 139.621210,36.312947,120 139.620996,36.311917,120 139.620438,36.310329,120 139.618421,36.306167,120 139.617906,36.304708,120 139.617777,36.304021,120 139.617734,36.303420,120 139.617777,36.302347,120 139.617906,36.301274,120 139.618421,36.298742,120 139.618850,36.295910,120 139.618893,36.295309,120 139.618936,36.293635,120 139.618979,36.293206,120 139.618936,36.292734,120 139.618893,36.291833,120 139.618635,36.289902,120 139.618206,36.288357,120 139.617090,36.285782,120 139.615803,36.283722,120 139.614730,36.282349,120 139.613185,36.280847,120 139.612198,36.280031,120 139.611597,36.279559,120 139.607134,36.276598,120 139.605932,36.275697,120 139.604173,36.274023,120 139.603615,36.273336,120 139.602542,36.271749,120 139.601684,36.269860,120 139.601212,36.268101,120 139.600868,36.266384,120 139.600396,36.262822,120 139.600353,36.262479,120 139.600053,36.260934,120 139.599752,36.260118,120 139.599152,36.258831,120 139.598122,36.257243,120 139.596791,36.255698,120 139.596062,36.254969,120 139.595203,36.254282,120 139.593573,36.253166,120 139.591599,36.252222,120 139.585762,36.249733,120 139.584904,36.249304,120 139.583230,36.248231,120 139.581084,36.246557,120 139.580355,36.245871,120 139.578853,36.244197,120 139.577951,36.242952,120 139.577222,36.241751,120 139.576535,36.240377,120 139.576020,36.238961,120 139.575334,36.236558,120 139.575205,36.236129,120 139.574218,36.232352,120 139.573789,36.231065,120 139.572630,36.228447,120 139.572415,36.227975,120 139.572287,36.227760,120 139.571257,36.225615,120 139.571042,36.225228,120 139.570141,36.223125,120 139.569626,36.221538,120 139.569283,36.219649,120 139.569154,36.218705,120 139.569111,36.217675,120 139.569154,36.216559,120 139.569240,36.215615,120 139.569883,36.213040,120 139.570656,36.211195,120 139.571300,36.209993,120 139.571943,36.208963,120 139.572930,36.207633,120 139.576664,36.202698,120 139.577265,36.201882,120 139.578295,36.200466,120 139.578896,36.199651,120 139.580998,36.196303,120 139.582028,36.194372,120 139.583530,36.191368,120 139.585075,36.187205,120 139.585547,36.185703,120 139.586148,36.183386,120 139.586706,36.180897,120 139.587049,36.178622,120 139.587994,36.172571,120 139.588680,36.169825,120 139.589109,36.168194,120 139.589882,36.165748,120 139.590268,36.164889,120 139.590740,36.163602,120 139.591727,36.161413,120 139.592199,36.160469,120 139.592714,36.159439,120 139.593616,36.157894,120 139.595160,36.155448,120 139.596362,36.153688,120 139.596963,36.152916,120 139.598508,36.150942,120 139.600525,36.148582,120 139.603186,36.145878,120 139.605761,36.143560,120 139.608335,36.141500,120 139.609408,36.140728,120 139.610996,36.139612,120 139.612541,36.138625,120 139.616747,36.135964,120 139.620008,36.133690,120 139.621768,36.132317,120 139.624000,36.130385,120 139.624686,36.129827,120 139.625502,36.129055,120 139.627519,36.127081,120 139.629707,36.124678,120 139.631982,36.121845,120 139.633012,36.120300,120 139.634471,36.118026,120 139.634986,36.116996,120 139.635758,36.115494,120 139.636445,36.113863,120 139.637346,36.111159,120 139.637690,36.110044,120 139.637904,36.108885,120 139.638076,36.108198,120 139.638419,36.105537,120 139.638505,36.104722,120 139.638548,36.102576,120 139.638119,36.096053,120 139.638076,36.093221,120 139.638376,36.089959,120 139.638977,36.086526,120 139.639621,36.084166,120 139.640951,36.080303,120 139.642110,36.077857,120 139.643097,36.076012,120 139.645200,36.072621,120 139.646745,36.070518,120 139.650221,36.066098,120 139.651122,36.064768,120 139.652109,36.063180,120 139.653525,36.060777,120 139.654899,36.058159,120 139.656744,36.053696,120 139.657259,36.051979,120 139.657474,36.051335,120 139.657688,36.050563,120 139.657774,36.050391,120 139.657774,36.050262,120 139.657989,36.049447,120 139.658718,36.046872,120 139.659619,36.044512,120 139.660134,36.043181,120 139.661293,36.040950,120 139.663224,36.037903,120 139.664941,36.035628,120 139.667816,36.032453,120 139.668975,36.030993,120 139.669490,36.030350,120 139.670820,36.028461,120 139.671979,36.026616,120 139.672923,36.024857,120 139.673953,36.022582,120 139.674211,36.021895,120 139.674897,36.019535,120 139.675069,36.018677,120 139.675198,36.017647,120 139.675198,36.015544,120 139.674897,36.013355,120 139.674683,36.012540,120 139.674211,36.011038,120 139.673395,36.009192,120 139.672451,36.007690,120 139.670649,36.005201,120 139.669404,36.003442,120 139.669275,36.003270,120 139.669232,36.003184,120 139.669061,36.002970,120 139.668546,36.002154,120 139.667001,35.999408,120 139.665971,35.997005,120 139.665585,35.996017,120 139.664984,35.994000,120 139.664297,35.991254,120 139.663911,35.988722,120 139.663825,35.985074,120 139.664040,35.982113,120 139.664211,35.981083,120 139.664297,35.980525,120 139.664812,35.978079,120 139.665198,35.976791,120 139.666014,35.974302,120 139.667044,35.971770,120 139.668975,35.967951,120 139.670262,35.965934,120 139.672151,35.963273,120 139.673653,35.961385,120 139.675412,35.959454,120 139.677129,35.957737,120 139.679532,35.955505,120 139.681463,35.953488,120 139.682622,35.951943,120 139.683566,35.950184,120 139.683909,35.949326,120 139.685197,35.945334,120 139.685926,35.943360,120 139.686871,35.941815,120 139.687772,35.940571,120 139.689231,35.938983,120 139.690132,35.938125,120 139.693909,35.934305,120 139.699745,35.928597,120 139.701204,35.927095,120 139.702148,35.925937,120 139.703350,35.923877,120 139.704895,35.919886,120 139.707942,35.912075,120 139.708114,35.911689,120 139.708543,35.910745,120 139.709616,35.908856,120 139.714336,35.901089,120 139.715323,35.899544,120 139.716311,35.898213,120 139.717813,35.896411,120 139.718413,35.895724,120 139.719958,35.893793,120 139.720345,35.893235,120 139.722490,35.890145,120 139.725323,35.885167,120 139.726267,35.883708,120 139.727125,35.882678,120 139.729786,35.880189,120 139.731717,35.878258,120 139.733133,35.876670,120 139.734249,35.875082,120 139.734592,35.874267,120 139.734764,35.873494,120 139.734936,35.871906,120 139.734850,35.861778,120 139.734764,35.860190,120 139.734592,35.859032,120 139.734335,35.856457,120 139.734292,35.854955,120 139.734335,35.854268,120 139.734421,35.854011,120 139.734721,35.853667,120 139.735065,35.853453,120 139.735494,35.853367,120 139.737554,35.853410,120 139.737940,35.853367,120 139.738197,35.853367,120 139.739656,35.853324,120 139.741073,35.853195,120 139.744463,35.852938,120 139.746780,35.852680,120 139.750600,35.852036,120 139.759912,35.850191,120 139.765620,35.849290,120 139.770384,35.848775,120 139.777293,35.848346,120 139.778280,35.848432,120 139.780211,35.848346,120 139.781885,35.848217,120 139.782400,35.848131,120 139.782872,35.848131,120 139.783516,35.848174,120 139.785104,35.848131,120 139.785876,35.848174,120 139.786005,35.847917,120 139.786348,35.846844,120 139.786434,35.846629,120 139.786692,35.845900,120 139.786820,35.845513,120 139.786992,35.845127,120 139.787250,35.844440,120 139.787421,35.843925,120 139.787636,35.843368,120 139.787979,35.842423,120 139.788194,35.841908,120 139.788837,35.840192,120 139.788966,35.839806,120 139.789181,35.839248,120 139.789867,35.837402,120 139.790168,35.836544,120 139.790254,35.836372,120 139.790297,35.836287,120 139.790382,35.835986,120 139.790554,35.835514,120 139.790769,35.834956,120 139.790940,35.834527,120 139.791284,35.833669,120 139.791584,35.832810,120 139.791927,35.831952,120 139.792013,35.831652,120 139.792356,35.830708,120 139.792485,35.830150,120 139.792571,35.829635,120 139.792700,35.828605,120 139.792700,35.827532,120 139.792829,35.826459,120 139.792829,35.825858,120 139.792914,35.824742,120 139.792957,35.823412,120 139.793000,35.822983,120 139.793000,35.822811,120 139.793000,35.822339,120 139.793043,35.821824,120 139.793043,35.821609,120 139.793129,35.820365,120 139.793129,35.820279,120 139.793172,35.819635,120 139.793172,35.819292,120 139.793215,35.818777,120 139.793344,35.816588,120 139.793386,35.816116,120 139.793386,35.815816,120 139.793386,35.815644,120 139.793429,35.814786,120 139.793429,35.814400,120 139.793472,35.813928,120 139.793515,35.813413,120 139.793515,35.813198,120 139.793601,35.812855,120 139.793687,35.812340,120 139.793773,35.812082,120 139.793901,35.811739,120 139.794116,35.811267,120 139.794202,35.811181,120 139.794931,35.810194,120 139.796090,35.809293,120 139.798107,35.807962,120 139.800124,35.806761,120 139.800510,35.806460,120 139.800940,35.806031,120 139.801326,35.805387,120 139.801540,35.804572,120 139.801755,35.801439,120 139.801798,35.801225,120 139.801841,35.800495,120 139.801841,35.800366,120 139.801884,35.799079,120 139.801970,35.798564,120 139.801970,35.798264,120 139.802012,35.797491,120 139.802055,35.797319,120 139.802055,35.797234,120 139.802055,35.796762,120 139.802098,35.796676,120 139.802184,35.795946,120 139.802184,35.795732,120 139.802227,35.795388,120 139.802270,35.795088,120 139.802270,35.794744,120 139.802313,35.794272,120 139.802356,35.793757,120 139.802442,35.792813,120 139.802527,35.792084,120 139.802570,35.791698,120 139.802613,35.791225,120 139.802656,35.790625,120 139.802699,35.790410,120 139.802785,35.789380,120 139.802828,35.788908,120 139.802871,35.787921,120 139.802871,35.787363,120 139.802914,35.785947,120 139.802914,35.785732,120 139.802957,35.785089,120 139.802957,35.784788,120 139.802957,35.784316,120 139.802999,35.783844,120 139.802999,35.783672,120 139.802999,35.783157,120 139.802999,35.782728,120 139.803042,35.781698,120 139.803042,35.781441,120 139.803042,35.780969,120 139.803085,35.780325,120 139.803085,35.779853,120 139.803128,35.779595,120 139.803128,35.779424,120 139.803171,35.778823,120 139.803171,35.778608,120 139.803171,35.777192,120 139.803171,35.777020,120 139.803214,35.776334,120 139.803214,35.776248,120 139.803257,35.775604,120 139.803257,35.775476,120 139.803300,35.775218,120 139.803300,35.774660,120 139.803343,35.773630,120 139.803386,35.773158,120 139.803386,35.772557,120 139.803386,35.772386,120 139.803386,35.771828,120 139.803429,35.771613,120 139.803429,35.771141,120 139.803472,35.770326,120 139.803514,35.769424,120 139.803557,35.768738,120 139.803557,35.768352,120 139.803557,35.768223,120 139.803600,35.767965,120 139.803600,35.767665,120 139.803643,35.767150,120 139.803643,35.767107,120 139.803643,35.766678,120 139.803686,35.766463,120 139.803729,35.766249,120 139.803729,35.766163,120 139.803729,35.766034,120 139.803729,35.765948,120 139.803772,35.764532,120 139.803815,35.763931,120 139.803858,35.763159,120 139.803858,35.762472,120 139.803600,35.761614,120 139.803472,35.761228,120 139.803171,35.760283,120 139.802184,35.757194,120 139.802055,35.756764,120 139.801540,35.755134,120 139.801412,35.754790,120 139.801197,35.754275,120 139.800982,35.753589,120 139.800854,35.753288,120 139.800854,35.753245,120 139.800854,35.753160,120 139.800725,35.752773,120 139.800639,35.752645,120 139.800510,35.752215,120 139.800339,35.751786,120 139.800253,35.751486,120 139.800038,35.750885,120 139.799953,35.750585,120 139.799781,35.750070,120 139.799480,35.749125,120 139.799352,35.748825,120 139.799223,35.748396,120 139.799051,35.747881,120 139.798794,35.747151,120 139.798622,35.746593,120 139.798408,35.745907,120 139.798322,35.745649,120 139.797893,35.744319,120 139.797678,35.743461,120 139.797678,35.743289,120 139.797807,35.742645,120 139.797935,35.742259,120 139.798150,35.741658,120 139.798236,35.741100,120 139.798107,35.740542,120 139.797807,35.739770,120 139.797721,35.739555,120 139.797678,35.739298,120 139.797378,35.738611,120 139.797034,35.737581,120 139.796863,35.736980,120 139.796691,35.736680,120 139.795790,35.735693,120 139.795403,35.735350,120 139.795189,35.735307,120 139.794803,35.734921,120 139.794674,35.734792,120 139.794416,35.734534,120 139.794389,35.734507,120 139.794476,35.734449,120 139.794389,35.734507,120 139.794245,35.734363,120 139.793472,35.734620,120 139.793129,35.734749,120 139.793000,35.734749,120 139.792614,35.734878,120 139.792485,35.734921,120 139.790940,35.735435,120 139.790554,35.735564,120 139.790082,35.735693,120 139.789653,35.735779,120 139.789352,35.735779,120 139.789267,35.735779,120 139.788880,35.735779,120 139.788666,35.735779,120 139.788494,35.735736,120 139.788322,35.735693,120 139.788237,35.735650,120 139.788108,35.735650,120 139.787765,35.735564,120 139.787464,35.735478,120 139.786992,35.735350,120 139.786348,35.735135,120 139.785876,35.734963,120 139.784932,35.734663,120 139.784460,35.734749,120 139.783688,35.735006,120 139.783387,35.735092,120 139.783173,35.735135,120 139.782400,35.735393,120 139.781928,35.735521,120 139.781113,35.735779,120 139.780855,35.735822,120 139.780668,35.735884,120 139.780697,35.735943,120</coordinates></LineString></Placemark>
</Document></kml>
