<?xml version="1.0" encoding="UTF-8"?>
<kml xmlns="http://www.opengis.net/kml/2.2" xmlns:gx="http://www.google.com/kml/ext/2.2">
<Document><name>10/12 Mon · Naruko → Kaminoyama Onsen</name><description>Back south to Kaminoyama for a second night. Flyover runs 17 min at 300 m (984 ft) above ground, tilt 60°. Double-click the tour below to play it.</description>
<Style id="rt"><LineStyle><color>b32fd5ff</color><width>3</width></LineStyle></Style>
<gx:Tour><name>▶ 10/12 Mon · Naruko → Kaminoyama Onsen — 196 km (122 mi)</name><description>Back south to Kaminoyama for a second night.</description><gx:Playlist><gx:FlyTo><gx:duration>4</gx:duration><gx:flyToMode>bounce</gx:flyToMode><Camera><longitude>140.716320</longitude><latitude>38.741144</latitude><altitude>300</altitude><heading>237.8</heading><tilt>60</tilt><altitudeMode>relativeToGround</altitudeMode></Camera></gx:FlyTo><gx:FlyTo><gx:duration>5.54</gx:duration><gx:flyToMode>smooth</gx:flyToMode><Camera><longitude>140.711603</longitude><latitude>38.738823</latitude><altitude>300</altitude><heading>247.7</heading><tilt>60</tilt><altitudeMode>relativeToGround</altitudeMode></Camera></gx:FlyTo><gx:FlyTo><gx:duration>5.54</gx:duration><gx:flyToMode>smooth</gx:flyToMode><Camera><longitude>140.701561</longitude><latitude>38.735604</latitude><altitude>300</altitude><heading>286.8</heading><tilt>60</tilt><altitudeMode>relativeToGround</altitudeMode></Camera></gx:FlyTo><gx:FlyTo><gx:duration>5.54</gx:duration><gx:flyToMode>smooth</gx:flyToMode><Camera><longitude>140.692420</longitude><latitude>38.737750</latitude><altitude>300</altitude><heading>199.4</heading><tilt>60</tilt><altitudeMode>relativeToGround</altitudeMode></Camera></gx:FlyTo><gx:FlyTo><gx:duration>5.54</gx:duration><gx:flyToMode>smooth</gx:flyToMode><Camera><longitude>140.689158</longitude><latitude>38.730540</latitude><altitude>300</altitude><heading>247.1</heading><tilt>60</tilt><altitudeMode>relativeToGround</altitudeMode></Camera></gx:FlyTo><gx:FlyTo><gx:duration>5.54</gx:duration><gx:flyToMode>smooth</gx:flyToMode><Camera><longitude>140.679803</longitude><latitude>38.727450</latitude><altitude>300</altitude><heading>270.0</heading><tilt>60</tilt><altitudeMode>relativeToGround</altitudeMode></Camera></gx:FlyTo><gx:FlyTo><gx:duration>5.54</gx:duration><gx:flyToMode>smooth</gx:flyToMode><Camera><longitude>140.668774</longitude><latitude>38.727450</latitude><altitude>300</altitude><heading>256.3</heading><tilt>60</tilt><altitudeMode>relativeToGround</altitudeMode></Camera></gx:FlyTo><gx:FlyTo><gx:duration>5.54</gx:duration><gx:flyToMode>smooth</gx:flyToMode><Camera><longitude>140.658431</longitude><latitude>38.725476</latitude><altitude>300</altitude><heading>262.8</heading><tilt>60</tilt><altitudeMode>relativeToGround</altitudeMode></Camera></gx:FlyTo><gx:FlyTo><gx:duration>5.54</gx:duration><gx:flyToMode>smooth</gx:flyToMode><Camera><longitude>140.647488</longitude><latitude>38.724403</latitude><altitude>300</altitude><heading>291.2</heading><tilt>60</tilt><altitudeMode>relativeToGround</altitudeMode></Camera></gx:FlyTo><gx:FlyTo><gx:duration>5.54</gx:duration><gx:flyToMode>smooth</gx:flyToMode><Camera><longitude>140.636845</longitude><latitude>38.727622</latitude><altitude>300</altitude><heading>283.3</heading><tilt>60</tilt><altitudeMode>relativeToGround</altitudeMode></Camera></gx:FlyTo><gx:FlyTo><gx:duration>5.54</gx:duration><gx:flyToMode>smooth</gx:flyToMode><Camera><longitude>140.624228</longitude><latitude>38.729939</latitude><altitude>300</altitude><heading>325.9</heading><tilt>60</tilt><altitudeMode>relativeToGround</altitudeMode></Camera></gx:FlyTo><gx:FlyTo><gx:duration>5.54</gx:duration><gx:flyToMode>smooth</gx:flyToMode><Camera><longitude>140.618305</longitude><latitude>38.736763</latitude><altitude>300</altitude><heading>272.8</heading><tilt>60</tilt><altitudeMode>relativeToGround</altitudeMode></Camera></gx:FlyTo><gx:FlyTo><gx:duration>5.54</gx:duration><gx:flyToMode>smooth</gx:flyToMode><Camera><longitude>140.604572</longitude><latitude>38.737278</latitude><altitude>300</altitude><heading>279.3</heading><tilt>60</tilt><altitudeMode>relativeToGround</altitudeMode></Camera></gx:FlyTo><gx:FlyTo><gx:duration>5.54</gx:duration><gx:flyToMode>smooth</gx:flyToMode><Camera><longitude>140.592084</longitude><latitude>38.738866</latitude><altitude>300</altitude><heading>273.9</heading><tilt>60</tilt><altitudeMode>relativeToGround</altitudeMode></Camera></gx:FlyTo><gx:FlyTo><gx:duration>5.54</gx:duration><gx:flyToMode>smooth</gx:flyToMode><Camera><longitude>140.580840</longitude><latitude>38.739467</latitude><altitude>300</altitude><heading>227.2</heading><tilt>60</tilt><altitudeMode>relativeToGround</altitudeMode></Camera></gx:FlyTo><gx:FlyTo><gx:duration>5.54</gx:duration><gx:flyToMode>smooth</gx:flyToMode><Camera><longitude>140.571270</longitude><latitude>38.732557</latitude><altitude>300</altitude><heading>242.4</heading><tilt>60</tilt><altitudeMode>relativeToGround</altitudeMode></Camera></gx:FlyTo><gx:FlyTo><gx:duration>5.54</gx:duration><gx:flyToMode>smooth</gx:flyToMode><Camera><longitude>140.560970</longitude><latitude>38.728352</latitude><altitude>300</altitude><heading>227.7</heading><tilt>60</tilt><altitudeMode>relativeToGround</altitudeMode></Camera></gx:FlyTo><gx:FlyTo><gx:duration>5.54</gx:duration><gx:flyToMode>smooth</gx:flyToMode><Camera><longitude>140.553288</longitude><latitude>38.722901</latitude><altitude>300</altitude><heading>193.8</heading><tilt>60</tilt><altitudeMode>relativeToGround</altitudeMode></Camera></gx:FlyTo><gx:FlyTo><gx:duration>5.54</gx:duration><gx:flyToMode>smooth</gx:flyToMode><Camera><longitude>140.550456</longitude><latitude>38.713932</latitude><altitude>300</altitude><heading>219.2</heading><tilt>60</tilt><altitudeMode>relativeToGround</altitudeMode></Camera></gx:FlyTo><gx:FlyTo><gx:duration>5.54</gx:duration><gx:flyToMode>smooth</gx:flyToMode><Camera><longitude>140.543504</longitude><latitude>38.707280</latitude><altitude>300</altitude><heading>219.9</heading><tilt>60</tilt><altitudeMode>relativeToGround</altitudeMode></Camera></gx:FlyTo><gx:FlyTo><gx:duration>5.54</gx:duration><gx:flyToMode>smooth</gx:flyToMode><Camera><longitude>140.537581</longitude><latitude>38.701744</latitude><altitude>300</altitude><heading>210.3</heading><tilt>60</tilt><altitudeMode>relativeToGround</altitudeMode></Camera></gx:FlyTo><gx:FlyTo><gx:duration>5.54</gx:duration><gx:flyToMode>smooth</gx:flyToMode><Camera><longitude>140.531359</longitude><latitude>38.693419</latitude><altitude>300</altitude><heading>233.4</heading><tilt>60</tilt><altitudeMode>relativeToGround</altitudeMode></Camera></gx:FlyTo><gx:FlyTo><gx:duration>5.54</gx:duration><gx:flyToMode>smooth</gx:flyToMode><Camera><longitude>140.521231</longitude><latitude>38.687539</latitude><altitude>300</altitude><heading>197.1</heading><tilt>60</tilt><altitudeMode>relativeToGround</altitudeMode></Camera></gx:FlyTo><gx:FlyTo><gx:duration>5.54</gx:duration><gx:flyToMode>smooth</gx:flyToMode><Camera><longitude>140.517926</longitude><latitude>38.679128</latitude><altitude>300</altitude><heading>166.3</heading><tilt>60</tilt><altitudeMode>relativeToGround</altitudeMode></Camera></gx:FlyTo><gx:FlyTo><gx:duration>5.54</gx:duration><gx:flyToMode>smooth</gx:flyToMode><Camera><longitude>140.520287</longitude><latitude>38.671575</latitude><altitude>300</altitude><heading>230.2</heading><tilt>60</tilt><altitudeMode>relativeToGround</altitudeMode></Camera></gx:FlyTo><gx:FlyTo><gx:duration>5.54</gx:duration><gx:flyToMode>smooth</gx:flyToMode><Camera><longitude>140.511189</longitude><latitude>38.665652</latitude><altitude>300</altitude><heading>224.2</heading><tilt>60</tilt><altitudeMode>relativeToGround</altitudeMode></Camera></gx:FlyTo><gx:FlyTo><gx:duration>5.54</gx:duration><gx:flyToMode>smooth</gx:flyToMode><Camera><longitude>140.503078</longitude><latitude>38.659129</latitude><altitude>300</altitude><heading>239.7</heading><tilt>60</tilt><altitudeMode>relativeToGround</altitudeMode></Camera></gx:FlyTo><gx:FlyTo><gx:duration>5.54</gx:duration><gx:flyToMode>smooth</gx:flyToMode><Camera><longitude>140.493679</longitude><latitude>38.654838</latitude><altitude>300</altitude><heading>193.1</heading><tilt>60</tilt><altitudeMode>relativeToGround</altitudeMode></Camera></gx:FlyTo><gx:FlyTo><gx:duration>5.54</gx:duration><gx:flyToMode>smooth</gx:flyToMode><Camera><longitude>140.490718</longitude><latitude>38.644881</latitude><altitude>300</altitude><heading>190.9</heading><tilt>60</tilt><altitudeMode>relativeToGround</altitudeMode></Camera></gx:FlyTo><gx:FlyTo><gx:duration>5.54</gx:duration><gx:flyToMode>smooth</gx:flyToMode><Camera><longitude>140.488443</longitude><latitude>38.635612</latitude><altitude>300</altitude><heading>208.0</heading><tilt>60</tilt><altitudeMode>relativeToGround</altitudeMode></Camera></gx:FlyTo><gx:FlyTo><gx:duration>5.54</gx:duration><gx:flyToMode>smooth</gx:flyToMode><Camera><longitude>140.483165</longitude><latitude>38.627844</latitude><altitude>300</altitude><heading>211.6</heading><tilt>60</tilt><altitudeMode>relativeToGround</altitudeMode></Camera></gx:FlyTo><gx:FlyTo><gx:duration>5.54</gx:duration><gx:flyToMode>smooth</gx:flyToMode><Camera><longitude>140.477886</longitude><latitude>38.621149</latitude><altitude>300</altitude><heading>192.4</heading><tilt>60</tilt><altitudeMode>relativeToGround</altitudeMode></Camera></gx:FlyTo><gx:FlyTo><gx:duration>5.54</gx:duration><gx:flyToMode>smooth</gx:flyToMode><Camera><longitude>140.476427</longitude><latitude>38.615956</latitude><altitude>300</altitude><heading>171.6</heading><tilt>60</tilt><altitudeMode>relativeToGround</altitudeMode></Camera></gx:FlyTo><gx:FlyTo><gx:duration>5.54</gx:duration><gx:flyToMode>smooth</gx:flyToMode><Camera><longitude>140.478144</longitude><latitude>38.606815</latitude><altitude>300</altitude><heading>141.2</heading><tilt>60</tilt><altitudeMode>relativeToGround</altitudeMode></Camera></gx:FlyTo><gx:FlyTo><gx:duration>5.54</gx:duration><gx:flyToMode>smooth</gx:flyToMode><Camera><longitude>140.485439</longitude><latitude>38.599734</latitude><altitude>300</altitude><heading>162.5</heading><tilt>60</tilt><altitudeMode>relativeToGround</altitudeMode></Camera></gx:FlyTo><gx:FlyTo><gx:duration>5.54</gx:duration><gx:flyToMode>smooth</gx:flyToMode><Camera><longitude>140.488958</longitude><latitude>38.591022</latitude><altitude>300</altitude><heading>173.3</heading><tilt>60</tilt><altitudeMode>relativeToGround</altitudeMode></Camera></gx:FlyTo><gx:FlyTo><gx:duration>5.54</gx:duration><gx:flyToMode>smooth</gx:flyToMode><Camera><longitude>140.490375</longitude><latitude>38.581538</latitude><altitude>300</altitude><heading>146.1</heading><tilt>60</tilt><altitudeMode>relativeToGround</altitudeMode></Camera></gx:FlyTo><gx:FlyTo><gx:duration>5.54</gx:duration><gx:flyToMode>smooth</gx:flyToMode><Camera><longitude>140.495310</longitude><latitude>38.575788</latitude><altitude>300</altitude><heading>97.7</heading><tilt>60</tilt><altitudeMode>relativeToGround</altitudeMode></Camera></gx:FlyTo><gx:FlyTo><gx:duration>5.54</gx:duration><gx:flyToMode>smooth</gx:flyToMode><Camera><longitude>140.506725</longitude><latitude>38.574586</latitude><altitude>300</altitude><heading>86.5</heading><tilt>60</tilt><altitudeMode>relativeToGround</altitudeMode></Camera></gx:FlyTo><gx:FlyTo><gx:duration>5.54</gx:duration><gx:flyToMode>smooth</gx:flyToMode><Camera><longitude>140.519214</longitude><latitude>38.575187</latitude><altitude>300</altitude><heading>95.6</heading><tilt>60</tilt><altitudeMode>relativeToGround</altitudeMode></Camera></gx:FlyTo><gx:FlyTo><gx:duration>5.54</gx:duration><gx:flyToMode>smooth</gx:flyToMode><Camera><longitude>140.520329</longitude><latitude>38.575101</latitude><altitude>300</altitude><heading>264.7</heading><tilt>60</tilt><altitudeMode>relativeToGround</altitudeMode></Camera></gx:FlyTo><gx:FlyTo><gx:duration>5.54</gx:duration><gx:flyToMode>smooth</gx:flyToMode><Camera><longitude>140.509129</longitude><latitude>38.574286</latitude><altitude>300</altitude><heading>279.6</heading><tilt>60</tilt><altitudeMode>relativeToGround</altitudeMode></Camera></gx:FlyTo><gx:FlyTo><gx:duration>5.54</gx:duration><gx:flyToMode>smooth</gx:flyToMode><Camera><longitude>140.497799</longitude><latitude>38.575788</latitude><altitude>300</altitude><heading>272.1</heading><tilt>60</tilt><altitudeMode>relativeToGround</altitudeMode></Camera></gx:FlyTo><gx:FlyTo><gx:duration>5.54</gx:duration><gx:flyToMode>smooth</gx:flyToMode><Camera><longitude>140.486040</longitude><latitude>38.576131</latitude><altitude>300</altitude><heading>237.3</heading><tilt>60</tilt><altitudeMode>relativeToGround</altitudeMode></Camera></gx:FlyTo><gx:FlyTo><gx:duration>5.54</gx:duration><gx:flyToMode>smooth</gx:flyToMode><Camera><longitude>140.475011</longitude><latitude>38.570595</latitude><altitude>300</altitude><heading>213.9</heading><tilt>60</tilt><altitudeMode>relativeToGround</altitudeMode></Camera></gx:FlyTo><gx:FlyTo><gx:duration>5.54</gx:duration><gx:flyToMode>smooth</gx:flyToMode><Camera><longitude>140.469174</longitude><latitude>38.563814</latitude><altitude>300</altitude><heading>305.8</heading><tilt>60</tilt><altitudeMode>relativeToGround</altitudeMode></Camera></gx:FlyTo><gx:FlyTo><gx:duration>5.54</gx:duration><gx:flyToMode>smooth</gx:flyToMode><Camera><longitude>140.460033</longitude><latitude>38.568964</latitude><altitude>300</altitude><heading>233.7</heading><tilt>60</tilt><altitudeMode>relativeToGround</altitudeMode></Camera></gx:FlyTo><gx:FlyTo><gx:duration>5.54</gx:duration><gx:flyToMode>smooth</gx:flyToMode><Camera><longitude>140.450764</longitude><latitude>38.563643</latitude><altitude>300</altitude><heading>194.3</heading><tilt>60</tilt><altitudeMode>relativeToGround</altitudeMode></Camera></gx:FlyTo><gx:FlyTo><gx:duration>5.54</gx:duration><gx:flyToMode>smooth</gx:flyToMode><Camera><longitude>140.447974</longitude><latitude>38.555059</latitude><altitude>300</altitude><heading>203.4</heading><tilt>60</tilt><altitudeMode>relativeToGround</altitudeMode></Camera></gx:FlyTo><gx:FlyTo><gx:duration>5.54</gx:duration><gx:flyToMode>smooth</gx:flyToMode><Camera><longitude>140.443211</longitude><latitude>38.546433</latitude><altitude>300</altitude><heading>196.5</heading><tilt>60</tilt><altitudeMode>relativeToGround</altitudeMode></Camera></gx:FlyTo><gx:FlyTo><gx:duration>5.54</gx:duration><gx:flyToMode>smooth</gx:flyToMode><Camera><longitude>140.439820</longitude><latitude>38.537507</latitude><altitude>300</altitude><heading>204.1</heading><tilt>60</tilt><altitudeMode>relativeToGround</altitudeMode></Camera></gx:FlyTo><gx:FlyTo><gx:duration>5.54</gx:duration><gx:flyToMode>smooth</gx:flyToMode><Camera><longitude>140.435572</longitude><latitude>38.530083</latitude><altitude>300</altitude><heading>218.6</heading><tilt>60</tilt><altitudeMode>relativeToGround</altitudeMode></Camera></gx:FlyTo><gx:FlyTo><gx:duration>5.54</gx:duration><gx:flyToMode>smooth</gx:flyToMode><Camera><longitude>140.431323</longitude><latitude>38.525920</latitude><altitude>300</altitude><heading>172.6</heading><tilt>60</tilt><altitudeMode>relativeToGround</altitudeMode></Camera></gx:FlyTo><gx:FlyTo><gx:duration>5.54</gx:duration><gx:flyToMode>smooth</gx:flyToMode><Camera><longitude>140.432439</longitude><latitude>38.519182</latitude><altitude>300</altitude><heading>228.6</heading><tilt>60</tilt><altitudeMode>relativeToGround</altitudeMode></Camera></gx:FlyTo><gx:FlyTo><gx:duration>5.54</gx:duration><gx:flyToMode>smooth</gx:flyToMode><Camera><longitude>140.427461</longitude><latitude>38.515749</latitude><altitude>300</altitude><heading>218.0</heading><tilt>60</tilt><altitudeMode>relativeToGround</altitudeMode></Camera></gx:FlyTo><gx:FlyTo><gx:duration>5.54</gx:duration><gx:flyToMode>smooth</gx:flyToMode><Camera><longitude>140.425444</longitude><latitude>38.513732</latitude><altitude>300</altitude><heading>230.7</heading><tilt>60</tilt><altitudeMode>relativeToGround</altitudeMode></Camera></gx:FlyTo><gx:FlyTo><gx:duration>5.54</gx:duration><gx:flyToMode>smooth</gx:flyToMode><Camera><longitude>140.418406</longitude><latitude>38.509226</latitude><altitude>300</altitude><heading>256.2</heading><tilt>60</tilt><altitudeMode>relativeToGround</altitudeMode></Camera></gx:FlyTo><gx:FlyTo><gx:duration>5.54</gx:duration><gx:flyToMode>smooth</gx:flyToMode><Camera><longitude>140.409050</longitude><latitude>38.507423</latitude><altitude>300</altitude><heading>230.5</heading><tilt>60</tilt><altitudeMode>relativeToGround</altitudeMode></Camera></gx:FlyTo><gx:FlyTo><gx:duration>5.54</gx:duration><gx:flyToMode>smooth</gx:flyToMode><Camera><longitude>140.400810</longitude><latitude>38.502102</latitude><altitude>300</altitude><heading>184.9</heading><tilt>60</tilt><altitudeMode>relativeToGround</altitudeMode></Camera></gx:FlyTo><gx:FlyTo><gx:duration>5.54</gx:duration><gx:flyToMode>smooth</gx:flyToMode><Camera><longitude>140.399780</longitude><latitude>38.492789</latitude><altitude>300</altitude><heading>237.4</heading><tilt>60</tilt><altitudeMode>relativeToGround</altitudeMode></Camera></gx:FlyTo><gx:FlyTo><gx:duration>5.54</gx:duration><gx:flyToMode>smooth</gx:flyToMode><Camera><longitude>140.391197</longitude><latitude>38.488498</latitude><altitude>300</altitude><heading>218.6</heading><tilt>60</tilt><altitudeMode>relativeToGround</altitudeMode></Camera></gx:FlyTo><gx:FlyTo><gx:duration>5.54</gx:duration><gx:flyToMode>smooth</gx:flyToMode><Camera><longitude>140.385017</longitude><latitude>38.482447</latitude><altitude>300</altitude><heading>192.5</heading><tilt>60</tilt><altitudeMode>relativeToGround</altitudeMode></Camera></gx:FlyTo><gx:FlyTo><gx:duration>5.54</gx:duration><gx:flyToMode>smooth</gx:flyToMode><Camera><longitude>140.382700</longitude><latitude>38.474250</latitude><altitude>300</altitude><heading>181.0</heading><tilt>60</tilt><altitudeMode>relativeToGround</altitudeMode></Camera></gx:FlyTo><gx:FlyTo><gx:duration>5.54</gx:duration><gx:flyToMode>smooth</gx:flyToMode><Camera><longitude>140.382485</longitude><latitude>38.464723</latitude><altitude>300</altitude><heading>180.9</heading><tilt>60</tilt><altitudeMode>relativeToGround</altitudeMode></Camera></gx:FlyTo><gx:FlyTo><gx:duration>5.54</gx:duration><gx:flyToMode>smooth</gx:flyToMode><Camera><longitude>140.382271</longitude><latitude>38.454509</latitude><altitude>300</altitude><heading>186.2</heading><tilt>60</tilt><altitudeMode>relativeToGround</altitudeMode></Camera></gx:FlyTo><gx:FlyTo><gx:duration>5.54</gx:duration><gx:flyToMode>smooth</gx:flyToMode><Camera><longitude>140.381026</longitude><latitude>38.445497</latitude><altitude>300</altitude><heading>190.8</heading><tilt>60</tilt><altitudeMode>relativeToGround</altitudeMode></Camera></gx:FlyTo><gx:FlyTo><gx:duration>5.54</gx:duration><gx:flyToMode>smooth</gx:flyToMode><Camera><longitude>140.378838</longitude><latitude>38.436527</latitude><altitude>300</altitude><heading>190.5</heading><tilt>60</tilt><altitudeMode>relativeToGround</altitudeMode></Camera></gx:FlyTo><gx:FlyTo><gx:duration>5.54</gx:duration><gx:flyToMode>smooth</gx:flyToMode><Camera><longitude>140.376520</longitude><latitude>38.426700</latitude><altitude>300</altitude><heading>97.4</heading><tilt>60</tilt><altitudeMode>relativeToGround</altitudeMode></Camera></gx:FlyTo><gx:FlyTo><gx:duration>5.54</gx:duration><gx:flyToMode>smooth</gx:flyToMode><Camera><longitude>140.388279</longitude><latitude>38.425498</latitude><altitude>300</altitude><heading>96.1</heading><tilt>60</tilt><altitudeMode>relativeToGround</altitudeMode></Camera></gx:FlyTo><gx:FlyTo><gx:duration>5.54</gx:duration><gx:flyToMode>smooth</gx:flyToMode><Camera><longitude>140.400639</longitude><latitude>38.424468</latitude><altitude>300</altitude><heading>97.6</heading><tilt>60</tilt><altitudeMode>relativeToGround</altitudeMode></Camera></gx:FlyTo><gx:FlyTo><gx:duration>5.54</gx:duration><gx:flyToMode>smooth</gx:flyToMode><Camera><longitude>140.415788</longitude><latitude>38.422880</latitude><altitude>300</altitude><heading>114.3</heading><tilt>60</tilt><altitudeMode>relativeToGround</altitudeMode></Camera></gx:FlyTo><gx:FlyTo><gx:duration>5.54</gx:duration><gx:flyToMode>smooth</gx:flyToMode><Camera><longitude>140.427203</longitude><latitude>38.418846</latitude><altitude>300</altitude><heading>108.0</heading><tilt>60</tilt><altitudeMode>relativeToGround</altitudeMode></Camera></gx:FlyTo><gx:FlyTo><gx:duration>5.54</gx:duration><gx:flyToMode>smooth</gx:flyToMode><Camera><longitude>140.438662</longitude><latitude>38.415928</latitude><altitude>300</altitude><heading>82.2</heading><tilt>60</tilt><altitudeMode>relativeToGround</altitudeMode></Camera></gx:FlyTo><gx:FlyTo><gx:duration>5.54</gx:duration><gx:flyToMode>smooth</gx:flyToMode><Camera><longitude>140.449905</longitude><latitude>38.417130</latitude><altitude>300</altitude><heading>92.2</heading><tilt>60</tilt><altitudeMode>relativeToGround</altitudeMode></Camera></gx:FlyTo><gx:FlyTo><gx:duration>5.54</gx:duration><gx:flyToMode>smooth</gx:flyToMode><Camera><longitude>140.461235</longitude><latitude>38.416786</latitude><altitude>300</altitude><heading>89.8</heading><tilt>60</tilt><altitudeMode>relativeToGround</altitudeMode></Camera></gx:FlyTo><gx:FlyTo><gx:duration>5.54</gx:duration><gx:flyToMode>smooth</gx:flyToMode><Camera><longitude>140.474453</longitude><latitude>38.416829</latitude><altitude>300</altitude><heading>102.5</heading><tilt>60</tilt><altitudeMode>relativeToGround</altitudeMode></Camera></gx:FlyTo><gx:FlyTo><gx:duration>5.54</gx:duration><gx:flyToMode>smooth</gx:flyToMode><Camera><longitude>140.486083</longitude><latitude>38.414812</latitude><altitude>300</altitude><heading>112.9</heading><tilt>60</tilt><altitudeMode>relativeToGround</altitudeMode></Camera></gx:FlyTo><gx:FlyTo><gx:duration>5.54</gx:duration><gx:flyToMode>smooth</gx:flyToMode><Camera><longitude>140.496597</longitude><latitude>38.411336</latitude><altitude>300</altitude><heading>108.3</heading><tilt>60</tilt><altitudeMode>relativeToGround</altitudeMode></Camera></gx:FlyTo><gx:FlyTo><gx:duration>5.54</gx:duration><gx:flyToMode>smooth</gx:flyToMode><Camera><longitude>140.507369</longitude><latitude>38.408546</latitude><altitude>300</altitude><heading>120.8</heading><tilt>60</tilt><altitudeMode>relativeToGround</altitudeMode></Camera></gx:FlyTo><gx:FlyTo><gx:duration>5.54</gx:duration><gx:flyToMode>smooth</gx:flyToMode><Camera><longitude>140.518742</longitude><latitude>38.403225</latitude><altitude>300</altitude><heading>119.8</heading><tilt>60</tilt><altitudeMode>relativeToGround</altitudeMode></Camera></gx:FlyTo><gx:FlyTo><gx:duration>5.54</gx:duration><gx:flyToMode>smooth</gx:flyToMode><Camera><longitude>140.529556</longitude><latitude>38.398376</latitude><altitude>300</altitude><heading>105.2</heading><tilt>60</tilt><altitudeMode>relativeToGround</altitudeMode></Camera></gx:FlyTo><gx:FlyTo><gx:duration>5.54</gx:duration><gx:flyToMode>smooth</gx:flyToMode><Camera><longitude>140.540671</longitude><latitude>38.396015</latitude><altitude>300</altitude><heading>92.9</heading><tilt>60</tilt><altitudeMode>relativeToGround</altitudeMode></Camera></gx:FlyTo><gx:FlyTo><gx:duration>5.54</gx:duration><gx:flyToMode>smooth</gx:flyToMode><Camera><longitude>140.552645</longitude><latitude>38.395543</latitude><altitude>300</altitude><heading>103.8</heading><tilt>60</tilt><altitudeMode>relativeToGround</altitudeMode></Camera></gx:FlyTo><gx:FlyTo><gx:duration>5.54</gx:duration><gx:flyToMode>smooth</gx:flyToMode><Camera><longitude>140.563331</longitude><latitude>38.393483</latitude><altitude>300</altitude><heading>134.0</heading><tilt>60</tilt><altitudeMode>relativeToGround</altitudeMode></Camera></gx:FlyTo><gx:FlyTo><gx:duration>5.54</gx:duration><gx:flyToMode>smooth</gx:flyToMode><Camera><longitude>140.574145</longitude><latitude>38.385286</latitude><altitude>300</altitude><heading>176.1</heading><tilt>60</tilt><altitudeMode>relativeToGround</altitudeMode></Camera></gx:FlyTo><gx:FlyTo><gx:duration>5.54</gx:duration><gx:flyToMode>smooth</gx:flyToMode><Camera><longitude>140.574961</longitude><latitude>38.375802</latitude><altitude>300</altitude><heading>135.6</heading><tilt>60</tilt><altitudeMode>relativeToGround</altitudeMode></Camera></gx:FlyTo><gx:FlyTo><gx:duration>5.54</gx:duration><gx:flyToMode>smooth</gx:flyToMode><Camera><longitude>140.582900</longitude><latitude>38.369451</latitude><altitude>300</altitude><heading>155.2</heading><tilt>60</tilt><altitudeMode>relativeToGround</altitudeMode></Camera></gx:FlyTo><gx:FlyTo><gx:duration>5.54</gx:duration><gx:flyToMode>smooth</gx:flyToMode><Camera><longitude>140.587020</longitude><latitude>38.362455</latitude><altitude>300</altitude><heading>136.2</heading><tilt>60</tilt><altitudeMode>relativeToGround</altitudeMode></Camera></gx:FlyTo><gx:FlyTo><gx:duration>5.54</gx:duration><gx:flyToMode>smooth</gx:flyToMode><Camera><longitude>140.593843</longitude><latitude>38.356876</latitude><altitude>300</altitude><heading>152.2</heading><tilt>60</tilt><altitudeMode>relativeToGround</altitudeMode></Camera></gx:FlyTo><gx:FlyTo><gx:duration>5.54</gx:duration><gx:flyToMode>smooth</gx:flyToMode><Camera><longitude>140.599036</longitude><latitude>38.349152</latitude><altitude>300</altitude><heading>126.5</heading><tilt>60</tilt><altitudeMode>relativeToGround</altitudeMode></Camera></gx:FlyTo><gx:FlyTo><gx:duration>5.54</gx:duration><gx:flyToMode>smooth</gx:flyToMode><Camera><longitude>140.608649</longitude><latitude>38.343573</latitude><altitude>300</altitude><heading>159.6</heading><tilt>60</tilt><altitudeMode>relativeToGround</altitudeMode></Camera></gx:FlyTo><gx:FlyTo><gx:duration>5.54</gx:duration><gx:flyToMode>smooth</gx:flyToMode><Camera><longitude>140.612726</longitude><latitude>38.334990</latitude><altitude>300</altitude><heading>157.3</heading><tilt>60</tilt><altitudeMode>relativeToGround</altitudeMode></Camera></gx:FlyTo><gx:FlyTo><gx:duration>5.54</gx:duration><gx:flyToMode>smooth</gx:flyToMode><Camera><longitude>140.617061</longitude><latitude>38.326879</latitude><altitude>300</altitude><heading>150.7</heading><tilt>60</tilt><altitudeMode>relativeToGround</altitudeMode></Camera></gx:FlyTo><gx:FlyTo><gx:duration>5.54</gx:duration><gx:flyToMode>smooth</gx:flyToMode><Camera><longitude>140.622897</longitude><latitude>38.318725</latitude><altitude>300</altitude><heading>101.0</heading><tilt>60</tilt><altitudeMode>relativeToGround</altitudeMode></Camera></gx:FlyTo><gx:FlyTo><gx:duration>5.54</gx:duration><gx:flyToMode>smooth</gx:flyToMode><Camera><longitude>140.633841</longitude><latitude>38.317051</latitude><altitude>300</altitude><heading>105.5</heading><tilt>60</tilt><altitudeMode>relativeToGround</altitudeMode></Camera></gx:FlyTo><gx:FlyTo><gx:duration>5.54</gx:duration><gx:flyToMode>smooth</gx:flyToMode><Camera><longitude>140.644655</longitude><latitude>38.314691</latitude><altitude>300</altitude><heading>119.9</heading><tilt>60</tilt><altitudeMode>relativeToGround</altitudeMode></Camera></gx:FlyTo><gx:FlyTo><gx:duration>5.54</gx:duration><gx:flyToMode>smooth</gx:flyToMode><Camera><longitude>140.654912</longitude><latitude>38.310056</latitude><altitude>300</altitude><heading>127.7</heading><tilt>60</tilt><altitudeMode>relativeToGround</altitudeMode></Camera></gx:FlyTo><gx:FlyTo><gx:duration>5.54</gx:duration><gx:flyToMode>smooth</gx:flyToMode><Camera><longitude>140.665898</longitude><latitude>38.303404</latitude><altitude>300</altitude><heading>109.0</heading><tilt>60</tilt><altitudeMode>relativeToGround</altitudeMode></Camera></gx:FlyTo><gx:FlyTo><gx:duration>5.54</gx:duration><gx:flyToMode>smooth</gx:flyToMode><Camera><longitude>140.676541</longitude><latitude>38.300529</latitude><altitude>300</altitude><heading>131.9</heading><tilt>60</tilt><altitudeMode>relativeToGround</altitudeMode></Camera></gx:FlyTo><gx:FlyTo><gx:duration>5.54</gx:duration><gx:flyToMode>smooth</gx:flyToMode><Camera><longitude>140.685983</longitude><latitude>38.293877</latitude><altitude>300</altitude><heading>156.1</heading><tilt>60</tilt><altitudeMode>relativeToGround</altitudeMode></Camera></gx:FlyTo><gx:FlyTo><gx:duration>5.54</gx:duration><gx:flyToMode>smooth</gx:flyToMode><Camera><longitude>140.690446</longitude><latitude>38.285980</latitude><altitude>300</altitude><heading>239.5</heading><tilt>60</tilt><altitudeMode>relativeToGround</altitudeMode></Camera></gx:FlyTo><gx:FlyTo><gx:duration>5.54</gx:duration><gx:flyToMode>smooth</gx:flyToMode><Camera><longitude>140.680704</longitude><latitude>38.281474</latitude><altitude>300</altitude><heading>214.0</heading><tilt>60</tilt><altitudeMode>relativeToGround</altitudeMode></Camera></gx:FlyTo><gx:FlyTo><gx:duration>5.54</gx:duration><gx:flyToMode>smooth</gx:flyToMode><Camera><longitude>140.674396</longitude><latitude>38.274136</latitude><altitude>300</altitude><heading>185.4</heading><tilt>60</tilt><altitudeMode>relativeToGround</altitudeMode></Camera></gx:FlyTo><gx:FlyTo><gx:duration>5.54</gx:duration><gx:flyToMode>smooth</gx:flyToMode><Camera><longitude>140.673237</longitude><latitude>38.264437</latitude><altitude>300</altitude><heading>155.3</heading><tilt>60</tilt><altitudeMode>relativeToGround</altitudeMode></Camera></gx:FlyTo><gx:FlyTo><gx:duration>5.54</gx:duration><gx:flyToMode>smooth</gx:flyToMode><Camera><longitude>140.677443</longitude><latitude>38.257270</latitude><altitude>300</altitude><heading>140.5</heading><tilt>60</tilt><altitudeMode>relativeToGround</altitudeMode></Camera></gx:FlyTo><gx:FlyTo><gx:duration>5.54</gx:duration><gx:flyToMode>smooth</gx:flyToMode><Camera><longitude>140.684609</longitude><latitude>38.250446</latitude><altitude>300</altitude><heading>117.2</heading><tilt>60</tilt><altitudeMode>relativeToGround</altitudeMode></Camera></gx:FlyTo><gx:FlyTo><gx:duration>5.54</gx:duration><gx:flyToMode>smooth</gx:flyToMode><Camera><longitude>140.695338</longitude><latitude>38.246112</latitude><altitude>300</altitude><heading>131.8</heading><tilt>60</tilt><altitudeMode>relativeToGround</altitudeMode></Camera></gx:FlyTo><gx:FlyTo><gx:duration>5.54</gx:duration><gx:flyToMode>smooth</gx:flyToMode><Camera><longitude>140.703664</longitude><latitude>38.240275</latitude><altitude>300</altitude><heading>139.1</heading><tilt>60</tilt><altitudeMode>relativeToGround</altitudeMode></Camera></gx:FlyTo><gx:FlyTo><gx:duration>5.54</gx:duration><gx:flyToMode>smooth</gx:flyToMode><Camera><longitude>140.711131</longitude><latitude>38.233495</latitude><altitude>300</altitude><heading>119.2</heading><tilt>60</tilt><altitudeMode>relativeToGround</altitudeMode></Camera></gx:FlyTo><gx:FlyTo><gx:duration>5.54</gx:duration><gx:flyToMode>smooth</gx:flyToMode><Camera><longitude>140.722375</longitude><latitude>38.228559</latitude><altitude>300</altitude><heading>121.5</heading><tilt>60</tilt><altitudeMode>relativeToGround</altitudeMode></Camera></gx:FlyTo><gx:FlyTo><gx:duration>5.54</gx:duration><gx:flyToMode>smooth</gx:flyToMode><Camera><longitude>140.732546</longitude><latitude>38.223667</latitude><altitude>300</altitude><heading>115.5</heading><tilt>60</tilt><altitudeMode>relativeToGround</altitudeMode></Camera></gx:FlyTo><gx:FlyTo><gx:duration>5.54</gx:duration><gx:flyToMode>smooth</gx:flyToMode><Camera><longitude>140.742846</longitude><latitude>38.219805</latitude><altitude>300</altitude><heading>113.9</heading><tilt>60</tilt><altitudeMode>relativeToGround</altitudeMode></Camera></gx:FlyTo><gx:FlyTo><gx:duration>5.54</gx:duration><gx:flyToMode>smooth</gx:flyToMode><Camera><longitude>140.753574</longitude><latitude>38.216071</latitude><altitude>300</altitude><heading>222.5</heading><tilt>60</tilt><altitudeMode>relativeToGround</altitudeMode></Camera></gx:FlyTo><gx:FlyTo><gx:duration>5.54</gx:duration><gx:flyToMode>smooth</gx:flyToMode><Camera><longitude>140.748425</longitude><latitude>38.211651</latitude><altitude>300</altitude><heading>234.7</heading><tilt>60</tilt><altitudeMode>relativeToGround</altitudeMode></Camera></gx:FlyTo><gx:FlyTo><gx:duration>5.54</gx:duration><gx:flyToMode>smooth</gx:flyToMode><Camera><longitude>140.739155</longitude><latitude>38.206501</latitude><altitude>300</altitude><heading>237.8</heading><tilt>60</tilt><altitudeMode>relativeToGround</altitudeMode></Camera></gx:FlyTo><gx:FlyTo><gx:duration>5.54</gx:duration><gx:flyToMode>smooth</gx:flyToMode><Camera><longitude>140.731001</longitude><latitude>38.202467</latitude><altitude>300</altitude><heading>247.5</heading><tilt>60</tilt><altitudeMode>relativeToGround</altitudeMode></Camera></gx:FlyTo><gx:FlyTo><gx:duration>5.54</gx:duration><gx:flyToMode>smooth</gx:flyToMode><Camera><longitude>140.720744</longitude><latitude>38.199120</latitude><altitude>300</altitude><heading>295.2</heading><tilt>60</tilt><altitudeMode>relativeToGround</altitudeMode></Camera></gx:FlyTo><gx:FlyTo><gx:duration>5.54</gx:duration><gx:flyToMode>smooth</gx:flyToMode><Camera><longitude>140.709972</longitude><latitude>38.203111</latitude><altitude>300</altitude><heading>261.8</heading><tilt>60</tilt><altitudeMode>relativeToGround</altitudeMode></Camera></gx:FlyTo><gx:FlyTo><gx:duration>5.54</gx:duration><gx:flyToMode>smooth</gx:flyToMode><Camera><longitude>140.698557</longitude><latitude>38.201823</latitude><altitude>300</altitude><heading>231.7</heading><tilt>60</tilt><altitudeMode>relativeToGround</altitudeMode></Camera></gx:FlyTo><gx:FlyTo><gx:duration>5.54</gx:duration><gx:flyToMode>smooth</gx:flyToMode><Camera><longitude>140.689502</longitude><latitude>38.196201</latitude><altitude>300</altitude><heading>240.4</heading><tilt>60</tilt><altitudeMode>relativeToGround</altitudeMode></Camera></gx:FlyTo><gx:FlyTo><gx:duration>5.54</gx:duration><gx:flyToMode>smooth</gx:flyToMode><Camera><longitude>140.677700</longitude><latitude>38.190923</latitude><altitude>300</altitude><heading>232.6</heading><tilt>60</tilt><altitudeMode>relativeToGround</altitudeMode></Camera></gx:FlyTo><gx:FlyTo><gx:duration>5.54</gx:duration><gx:flyToMode>smooth</gx:flyToMode><Camera><longitude>140.667486</longitude><latitude>38.184786</latitude><altitude>300</altitude><heading>262.0</heading><tilt>60</tilt><altitudeMode>relativeToGround</altitudeMode></Camera></gx:FlyTo><gx:FlyTo><gx:duration>5.54</gx:duration><gx:flyToMode>smooth</gx:flyToMode><Camera><longitude>140.654697</longitude><latitude>38.183370</latitude><altitude>300</altitude><heading>278.8</heading><tilt>60</tilt><altitudeMode>relativeToGround</altitudeMode></Camera></gx:FlyTo><gx:FlyTo><gx:duration>5.54</gx:duration><gx:flyToMode>smooth</gx:flyToMode><Camera><longitude>140.644097</longitude><latitude>38.184657</latitude><altitude>300</altitude><heading>271.0</heading><tilt>60</tilt><altitudeMode>relativeToGround</altitudeMode></Camera></gx:FlyTo><gx:FlyTo><gx:duration>5.54</gx:duration><gx:flyToMode>smooth</gx:flyToMode><Camera><longitude>140.631952</longitude><latitude>38.184829</latitude><altitude>300</altitude><heading>257.2</heading><tilt>60</tilt><altitudeMode>relativeToGround</altitudeMode></Camera></gx:FlyTo><gx:FlyTo><gx:duration>5.54</gx:duration><gx:flyToMode>smooth</gx:flyToMode><Camera><longitude>140.622811</longitude><latitude>38.183198</latitude><altitude>300</altitude><heading>299.1</heading><tilt>60</tilt><altitudeMode>relativeToGround</altitudeMode></Camera></gx:FlyTo><gx:FlyTo><gx:duration>5.54</gx:duration><gx:flyToMode>smooth</gx:flyToMode><Camera><longitude>140.612726</longitude><latitude>38.187618</latitude><altitude>300</altitude><heading>300.9</heading><tilt>60</tilt><altitudeMode>relativeToGround</altitudeMode></Camera></gx:FlyTo><gx:FlyTo><gx:duration>5.54</gx:duration><gx:flyToMode>smooth</gx:flyToMode><Camera><longitude>140.602770</longitude><latitude>38.192296</latitude><altitude>300</altitude><heading>214.7</heading><tilt>60</tilt><altitudeMode>relativeToGround</altitudeMode></Camera></gx:FlyTo><gx:FlyTo><gx:duration>5.54</gx:duration><gx:flyToMode>smooth</gx:flyToMode><Camera><longitude>140.596461</longitude><latitude>38.185129</latitude><altitude>300</altitude><heading>213.3</heading><tilt>60</tilt><altitudeMode>relativeToGround</altitudeMode></Camera></gx:FlyTo><gx:FlyTo><gx:duration>5.54</gx:duration><gx:flyToMode>smooth</gx:flyToMode><Camera><longitude>140.589981</longitude><latitude>38.177361</latitude><altitude>300</altitude><heading>216.1</heading><tilt>60</tilt><altitudeMode>relativeToGround</altitudeMode></Camera></gx:FlyTo><gx:FlyTo><gx:duration>5.54</gx:duration><gx:flyToMode>smooth</gx:flyToMode><Camera><longitude>140.583844</longitude><latitude>38.170753</latitude><altitude>300</altitude><heading>215.0</heading><tilt>60</tilt><altitudeMode>relativeToGround</altitudeMode></Camera></gx:FlyTo><gx:FlyTo><gx:duration>5.54</gx:duration><gx:flyToMode>smooth</gx:flyToMode><Camera><longitude>140.577235</longitude><latitude>38.163328</latitude><altitude>300</altitude><heading>237.4</heading><tilt>60</tilt><altitudeMode>relativeToGround</altitudeMode></Camera></gx:FlyTo><gx:FlyTo><gx:duration>5.54</gx:duration><gx:flyToMode>smooth</gx:flyToMode><Camera><longitude>140.566549</longitude><latitude>38.157964</latitude><altitude>300</altitude><heading>255.2</heading><tilt>60</tilt><altitudeMode>relativeToGround</altitudeMode></Camera></gx:FlyTo><gx:FlyTo><gx:duration>5.54</gx:duration><gx:flyToMode>smooth</gx:flyToMode><Camera><longitude>140.554962</longitude><latitude>38.155560</latitude><altitude>300</altitude><heading>255.8</heading><tilt>60</tilt><altitudeMode>relativeToGround</altitudeMode></Camera></gx:FlyTo><gx:FlyTo><gx:duration>5.54</gx:duration><gx:flyToMode>smooth</gx:flyToMode><Camera><longitude>140.543504</longitude><latitude>38.153286</latitude><altitude>300</altitude><heading>240.0</heading><tilt>60</tilt><altitudeMode>relativeToGround</altitudeMode></Camera></gx:FlyTo><gx:FlyTo><gx:duration>5.54</gx:duration><gx:flyToMode>smooth</gx:flyToMode><Camera><longitude>140.536895</longitude><latitude>38.150282</latitude><altitude>300</altitude><heading>195.6</heading><tilt>60</tilt><altitudeMode>relativeToGround</altitudeMode></Camera></gx:FlyTo><gx:FlyTo><gx:duration>5.54</gx:duration><gx:flyToMode>smooth</gx:flyToMode><Camera><longitude>140.535092</longitude><latitude>38.145218</latitude><altitude>300</altitude><heading>122.3</heading><tilt>60</tilt><altitudeMode>relativeToGround</altitudeMode></Camera></gx:FlyTo><gx:FlyTo><gx:duration>5.54</gx:duration><gx:flyToMode>smooth</gx:flyToMode><Camera><longitude>140.541744</longitude><latitude>38.141913</latitude><altitude>300</altitude><heading>114.0</heading><tilt>60</tilt><altitudeMode>relativeToGround</altitudeMode></Camera></gx:FlyTo><gx:FlyTo><gx:duration>5.54</gx:duration><gx:flyToMode>smooth</gx:flyToMode><Camera><longitude>140.549941</longitude><latitude>38.139038</latitude><altitude>300</altitude><heading>112.1</heading><tilt>60</tilt><altitudeMode>relativeToGround</altitudeMode></Camera></gx:FlyTo><gx:FlyTo><gx:duration>5.54</gx:duration><gx:flyToMode>smooth</gx:flyToMode><Camera><longitude>140.555048</longitude><latitude>38.137407</latitude><altitude>300</altitude><heading>145.6</heading><tilt>60</tilt><altitudeMode>relativeToGround</altitudeMode></Camera></gx:FlyTo><gx:FlyTo><gx:duration>5.54</gx:duration><gx:flyToMode>smooth</gx:flyToMode><Camera><longitude>140.560512</longitude><latitude>38.131137</latitude><altitude>300</altitude><heading>278.8</heading><tilt>60</tilt><altitudeMode>relativeToGround</altitudeMode></Camera></gx:FlyTo><gx:FlyTo><gx:duration>5.54</gx:duration><gx:flyToMode>smooth</gx:flyToMode><Camera><longitude>140.553761</longitude><latitude>38.131957</latitude><altitude>300</altitude><heading>277.3</heading><tilt>60</tilt><altitudeMode>relativeToGround</altitudeMode></Camera></gx:FlyTo><gx:FlyTo><gx:duration>5.54</gx:duration><gx:flyToMode>smooth</gx:flyToMode><Camera><longitude>140.546079</longitude><latitude>38.132730</latitude><altitude>300</altitude><heading>290.4</heading><tilt>60</tilt><altitudeMode>relativeToGround</altitudeMode></Camera></gx:FlyTo><gx:FlyTo><gx:duration>5.54</gx:duration><gx:flyToMode>smooth</gx:flyToMode><Camera><longitude>140.537581</longitude><latitude>38.135219</latitude><altitude>300</altitude><heading>259.0</heading><tilt>60</tilt><altitudeMode>relativeToGround</altitudeMode></Camera></gx:FlyTo><gx:FlyTo><gx:duration>5.54</gx:duration><gx:flyToMode>smooth</gx:flyToMode><Camera><longitude>140.528312</longitude><latitude>38.133802</latitude><altitude>300</altitude><heading>292.7</heading><tilt>60</tilt><altitudeMode>relativeToGround</altitudeMode></Camera></gx:FlyTo><gx:FlyTo><gx:duration>5.54</gx:duration><gx:flyToMode>smooth</gx:flyToMode><Camera><longitude>140.521789</longitude><latitude>38.135948</latitude><altitude>300</altitude><heading>286.8</heading><tilt>60</tilt><altitudeMode>relativeToGround</altitudeMode></Camera></gx:FlyTo><gx:FlyTo><gx:duration>5.54</gx:duration><gx:flyToMode>smooth</gx:flyToMode><Camera><longitude>140.511875</longitude><latitude>38.138309</latitude><altitude>300</altitude><heading>276.8</heading><tilt>60</tilt><altitudeMode>relativeToGround</altitudeMode></Camera></gx:FlyTo><gx:FlyTo><gx:duration>5.54</gx:duration><gx:flyToMode>smooth</gx:flyToMode><Camera><longitude>140.505910</longitude><latitude>38.138866</latitude><altitude>300</altitude><heading>280.2</heading><tilt>60</tilt><altitudeMode>relativeToGround</altitudeMode></Camera></gx:FlyTo><gx:FlyTo><gx:duration>5.54</gx:duration><gx:flyToMode>smooth</gx:flyToMode><Camera><longitude>140.500760</longitude><latitude>38.139596</latitude><altitude>300</altitude><heading>264.8</heading><tilt>60</tilt><altitudeMode>relativeToGround</altitudeMode></Camera></gx:FlyTo><gx:FlyTo><gx:duration>5.54</gx:duration><gx:flyToMode>smooth</gx:flyToMode><Camera><longitude>140.496597</longitude><latitude>38.139296</latitude><altitude>300</altitude><heading>237.2</heading><tilt>60</tilt><altitudeMode>relativeToGround</altitudeMode></Camera></gx:FlyTo><gx:FlyTo><gx:duration>5.54</gx:duration><gx:flyToMode>smooth</gx:flyToMode><Camera><longitude>140.491018</longitude><latitude>38.136463</latitude><altitude>300</altitude><heading>243.8</heading><tilt>60</tilt><altitudeMode>relativeToGround</altitudeMode></Camera></gx:FlyTo><gx:FlyTo><gx:duration>5.54</gx:duration><gx:flyToMode>smooth</gx:flyToMode><Camera><longitude>140.486684</longitude><latitude>38.134789</latitude><altitude>300</altitude><heading>257.8</heading><tilt>60</tilt><altitudeMode>relativeToGround</altitudeMode></Camera></gx:FlyTo><gx:FlyTo><gx:duration>5.54</gx:duration><gx:flyToMode>smooth</gx:flyToMode><Camera><longitude>140.477114</longitude><latitude>38.133159</latitude><altitude>300</altitude><heading>288.3</heading><tilt>60</tilt><altitudeMode>relativeToGround</altitudeMode></Camera></gx:FlyTo><gx:FlyTo><gx:duration>5.54</gx:duration><gx:flyToMode>smooth</gx:flyToMode><Camera><longitude>140.468702</longitude><latitude>38.135347</latitude><altitude>300</altitude><heading>218.4</heading><tilt>60</tilt><altitudeMode>relativeToGround</altitudeMode></Camera></gx:FlyTo><gx:FlyTo><gx:duration>5.54</gx:duration><gx:flyToMode>smooth</gx:flyToMode><Camera><longitude>140.463896</longitude><latitude>38.130584</latitude><altitude>300</altitude><heading>238.1</heading><tilt>60</tilt><altitudeMode>relativeToGround</altitudeMode></Camera></gx:FlyTo><gx:FlyTo><gx:duration>5.54</gx:duration><gx:flyToMode>smooth</gx:flyToMode><Camera><longitude>140.457673</longitude><latitude>38.127537</latitude><altitude>300</altitude><heading>229.5</heading><tilt>60</tilt><altitudeMode>relativeToGround</altitudeMode></Camera></gx:FlyTo><gx:FlyTo><gx:duration>5.54</gx:duration><gx:flyToMode>smooth</gx:flyToMode><Camera><longitude>140.450335</longitude><latitude>38.122602</latitude><altitude>300</altitude><heading>298.2</heading><tilt>60</tilt><altitudeMode>relativeToGround</altitudeMode></Camera></gx:FlyTo><gx:FlyTo><gx:duration>5.54</gx:duration><gx:flyToMode>smooth</gx:flyToMode><Camera><longitude>140.441365</longitude><latitude>38.126378</latitude><altitude>300</altitude><heading>287.6</heading><tilt>60</tilt><altitudeMode>relativeToGround</altitudeMode></Camera></gx:FlyTo><gx:FlyTo><gx:duration>5.54</gx:duration><gx:flyToMode>smooth</gx:flyToMode><Camera><longitude>140.431366</longitude><latitude>38.128867</latitude><altitude>300</altitude><heading>245.3</heading><tilt>60</tilt><altitudeMode>relativeToGround</altitudeMode></Camera></gx:FlyTo><gx:FlyTo><gx:duration>5.54</gx:duration><gx:flyToMode>smooth</gx:flyToMode><Camera><longitude>140.426259</longitude><latitude>38.127022</latitude><altitude>300</altitude><heading>238.4</heading><tilt>60</tilt><altitudeMode>relativeToGround</altitudeMode></Camera></gx:FlyTo><gx:FlyTo><gx:duration>5.54</gx:duration><gx:flyToMode>smooth</gx:flyToMode><Camera><longitude>140.421109</longitude><latitude>38.124533</latitude><altitude>300</altitude><heading>188.0</heading><tilt>60</tilt><altitudeMode>relativeToGround</altitudeMode></Camera></gx:FlyTo><gx:FlyTo><gx:duration>5.54</gx:duration><gx:flyToMode>smooth</gx:flyToMode><Camera><longitude>140.420208</longitude><latitude>38.119469</latitude><altitude>300</altitude><heading>281.3</heading><tilt>60</tilt><altitudeMode>relativeToGround</altitudeMode></Camera></gx:FlyTo><gx:FlyTo><gx:duration>5.54</gx:duration><gx:flyToMode>smooth</gx:flyToMode><Camera><longitude>140.416646</longitude><latitude>38.120027</latitude><altitude>300</altitude><heading>297.5</heading><tilt>60</tilt><altitudeMode>relativeToGround</altitudeMode></Camera></gx:FlyTo><gx:FlyTo><gx:duration>5.54</gx:duration><gx:flyToMode>smooth</gx:flyToMode><Camera><longitude>140.413299</longitude><latitude>38.121400</latitude><altitude>300</altitude><heading>198.2</heading><tilt>60</tilt><altitudeMode>relativeToGround</altitudeMode></Camera></gx:FlyTo><gx:FlyTo><gx:duration>5.54</gx:duration><gx:flyToMode>smooth</gx:flyToMode><Camera><longitude>140.411539</longitude><latitude>38.117194</latitude><altitude>300</altitude><heading>340.4</heading><tilt>60</tilt><altitudeMode>relativeToGround</altitudeMode></Camera></gx:FlyTo><gx:FlyTo><gx:duration>5.54</gx:duration><gx:flyToMode>smooth</gx:flyToMode><Camera><longitude>140.408406</longitude><latitude>38.124104</latitude><altitude>300</altitude><heading>268.5</heading><tilt>60</tilt><altitudeMode>relativeToGround</altitudeMode></Camera></gx:FlyTo><gx:FlyTo><gx:duration>5.54</gx:duration><gx:flyToMode>smooth</gx:flyToMode><Camera><longitude>140.402055</longitude><latitude>38.123975</latitude><altitude>300</altitude><heading>258.9</heading><tilt>60</tilt><altitudeMode>relativeToGround</altitudeMode></Camera></gx:FlyTo><gx:FlyTo><gx:duration>5.54</gx:duration><gx:flyToMode>smooth</gx:flyToMode><Camera><longitude>140.392056</longitude><latitude>38.122430</latitude><altitude>300</altitude><heading>283.6</heading><tilt>60</tilt><altitudeMode>relativeToGround</altitudeMode></Camera></gx:FlyTo><gx:FlyTo><gx:duration>5.54</gx:duration><gx:flyToMode>smooth</gx:flyToMode><Camera><longitude>140.385532</longitude><latitude>38.123674</latitude><altitude>300</altitude><heading>242.9</heading><tilt>60</tilt><altitudeMode>relativeToGround</altitudeMode></Camera></gx:FlyTo><gx:FlyTo><gx:duration>5.54</gx:duration><gx:flyToMode>smooth</gx:flyToMode><Camera><longitude>140.382872</longitude><latitude>38.122602</latitude><altitude>300</altitude><heading>357.0</heading><tilt>60</tilt><altitudeMode>relativeToGround</altitudeMode></Camera></gx:FlyTo><gx:FlyTo><gx:duration>5.54</gx:duration><gx:flyToMode>smooth</gx:flyToMode><Camera><longitude>140.382400</longitude><latitude>38.129640</latitude><altitude>300</altitude><heading>278.3</heading><tilt>60</tilt><altitudeMode>relativeToGround</altitudeMode></Camera></gx:FlyTo><gx:FlyTo><gx:duration>5.54</gx:duration><gx:flyToMode>smooth</gx:flyToMode><Camera><longitude>140.377164</longitude><latitude>38.130240</latitude><altitude>300</altitude><heading>233.9</heading><tilt>60</tilt><altitudeMode>relativeToGround</altitudeMode></Camera></gx:FlyTo><gx:FlyTo><gx:duration>5.54</gx:duration><gx:flyToMode>smooth</gx:flyToMode><Camera><longitude>140.371628</longitude><latitude>38.127065</latitude><altitude>300</altitude><heading>309.2</heading><tilt>60</tilt><altitudeMode>relativeToGround</altitudeMode></Camera></gx:FlyTo><gx:FlyTo><gx:duration>5.54</gx:duration><gx:flyToMode>smooth</gx:flyToMode><Camera><longitude>140.367551</longitude><latitude>38.129683</latitude><altitude>300</altitude><heading>291.1</heading><tilt>60</tilt><altitudeMode>relativeToGround</altitudeMode></Camera></gx:FlyTo><gx:FlyTo><gx:duration>5.54</gx:duration><gx:flyToMode>smooth</gx:flyToMode><Camera><longitude>140.357208</longitude><latitude>38.132815</latitude><altitude>300</altitude><heading>292.4</heading><tilt>60</tilt><altitudeMode>relativeToGround</altitudeMode></Camera></gx:FlyTo><gx:FlyTo><gx:duration>5.54</gx:duration><gx:flyToMode>smooth</gx:flyToMode><Camera><longitude>140.345578</longitude><latitude>38.136592</latitude><altitude>300</altitude><heading>312.2</heading><tilt>60</tilt><altitudeMode>relativeToGround</altitudeMode></Camera></gx:FlyTo><gx:FlyTo><gx:duration>5.54</gx:duration><gx:flyToMode>smooth</gx:flyToMode><Camera><longitude>140.338840</longitude><latitude>38.141398</latitude><altitude>300</altitude><heading>323.6</heading><tilt>60</tilt><altitudeMode>relativeToGround</altitudeMode></Camera></gx:FlyTo><gx:FlyTo><gx:duration>5.54</gx:duration><gx:flyToMode>smooth</gx:flyToMode><Camera><longitude>140.331631</longitude><latitude>38.149080</latitude><altitude>300</altitude><heading>304.9</heading><tilt>60</tilt><altitudeMode>relativeToGround</altitudeMode></Camera></gx:FlyTo><gx:FlyTo><gx:duration>5.54</gx:duration><gx:flyToMode>smooth</gx:flyToMode><Camera><longitude>140.321074</longitude><latitude>38.154874</latitude><altitude>300</altitude><heading>309.7</heading><tilt>60</tilt><altitudeMode>relativeToGround</altitudeMode></Camera></gx:FlyTo><gx:FlyTo><gx:duration>5.54</gx:duration><gx:flyToMode>smooth</gx:flyToMode><Camera><longitude>140.311546</longitude><latitude>38.161097</latitude><altitude>300</altitude><heading>264.1</heading><tilt>60</tilt><altitudeMode>relativeToGround</altitudeMode></Camera></gx:FlyTo><gx:FlyTo><gx:duration>5.54</gx:duration><gx:flyToMode>smooth</gx:flyToMode><Camera><longitude>140.300517</longitude><latitude>38.160195</latitude><altitude>300</altitude><heading>217.6</heading><tilt>60</tilt><altitudeMode>relativeToGround</altitudeMode></Camera></gx:FlyTo><gx:FlyTo><gx:duration>5.54</gx:duration><gx:flyToMode>smooth</gx:flyToMode><Camera><longitude>140.292020</longitude><latitude>38.151526</latitude><altitude>300</altitude><heading>277.4</heading><tilt>60</tilt><altitudeMode>relativeToGround</altitudeMode></Camera></gx:FlyTo><gx:FlyTo><gx:duration>5.54</gx:duration><gx:flyToMode>smooth</gx:flyToMode><Camera><longitude>140.281935</longitude><latitude>38.152556</latitude><altitude>300</altitude><heading>269.7</heading><tilt>60</tilt><altitudeMode>relativeToGround</altitudeMode></Camera></gx:FlyTo><gx:FlyTo><gx:duration>5.54</gx:duration><gx:flyToMode>smooth</gx:flyToMode><Camera><longitude>140.272365</longitude><latitude>38.152514</latitude><altitude>300</altitude><heading>241.7</heading><tilt>60</tilt><altitudeMode>relativeToGround</altitudeMode></Camera></gx:FlyTo><gx:FlyTo><gx:duration>5.54</gx:duration><gx:flyToMode>smooth</gx:flyToMode><Camera><longitude>140.262885</longitude><latitude>38.148496</latitude><altitude>300</altitude><heading>241.7</heading><tilt>60</tilt><altitudeMode>relativeToGround</altitudeMode></Camera></gx:FlyTo></gx:Playlist></gx:Tour>
<Placemark><name>Route line — 10/12 Mon</name><visibility>0</visibility><styleUrl>#rt</styleUrl><LineString><altitudeMode>relativeToGround</altitudeMode><coordinates>140.716320,38.741144,120 140.716238,38.741144,120 140.716238,38.740883,120 140.715981,38.740668,120 140.715036,38.740411,120 140.714779,38.740454,120 140.714607,38.740754,120 140.714693,38.741269,120 140.714822,38.741570,120 140.715680,38.741956,120 140.716023,38.742127,120 140.716238,38.742428,120 140.715981,38.742256,120 140.714822,38.741913,120 140.714393,38.741612,120 140.714221,38.741570,120 140.713878,38.741097,120 140.713792,38.740540,120 140.713491,38.739853,120 140.713363,38.739681,120 140.713148,38.739552,120 140.711603,38.738823,120 140.709929,38.738179,120 140.709329,38.738565,120 140.709157,38.738437,120 140.708642,38.737965,120 140.708470,38.737836,120 140.708427,38.737793,120 140.707912,38.737578,120 140.707011,38.737450,120 140.706325,38.737321,120 140.705681,38.737063,120 140.704865,38.736634,120 140.702806,38.735647,120 140.702205,38.735561,120 140.702076,38.735561,120 140.701561,38.735604,120 140.701175,38.735733,120 140.701003,38.735862,120 140.700574,38.736205,120 140.700016,38.736634,120 140.699029,38.737407,120 140.698428,38.737793,120 140.698085,38.738179,120 140.697999,38.738694,120 140.697827,38.739038,120 140.697441,38.739338,120 140.696068,38.739638,120 140.695038,38.739595,120 140.694609,38.739467,120 140.694180,38.739209,120 140.693150,38.738394,120 140.692420,38.737750,120 140.692291,38.737664,120 140.691905,38.737364,120 140.691004,38.736806,120 140.689545,38.736334,120 140.688643,38.735776,120 140.688086,38.735304,120 140.687742,38.735046,120 140.687528,38.734789,120 140.687399,38.734574,120 140.687399,38.734231,120 140.688558,38.732085,120 140.688686,38.731828,120 140.689030,38.731184,120 140.689158,38.730540,120 140.689287,38.729596,120 140.689201,38.729124,120 140.688815,38.728781,120 140.687485,38.728180,120 140.686584,38.727751,120 140.686197,38.727622,120 140.685768,38.727579,120 140.683107,38.727579,120 140.681090,38.727450,120 140.680661,38.727407,120 140.679803,38.727450,120 140.679374,38.727579,120 140.677056,38.728480,120 140.675254,38.728781,120 140.674610,38.728781,120 140.673709,38.728738,120 140.672207,38.728609,120 140.671692,38.728523,120 140.671005,38.728395,120 140.670447,38.728223,120 140.669289,38.727622,120 140.668774,38.727450,120 140.666928,38.726850,120 140.666199,38.726764,120 140.665727,38.726892,120 140.665255,38.727107,120 140.664611,38.727365,120 140.664225,38.727450,120 140.663838,38.727450,120 140.663023,38.727365,120 140.662422,38.727150,120 140.662208,38.726978,120 140.661950,38.726549,120 140.661607,38.726034,120 140.661178,38.725777,120 140.660620,38.725648,120 140.659676,38.725519,120 140.659161,38.725476,120 140.658431,38.725476,120 140.657830,38.725519,120 140.657015,38.725605,120 140.653710,38.726249,120 140.653024,38.726292,120 140.652466,38.726163,120 140.651565,38.725777,120 140.651264,38.725519,120 140.650706,38.724747,120 140.650277,38.724532,120 140.649762,38.724489,120 140.648947,38.724661,120 140.648603,38.724661,120 140.647488,38.724403,120 140.647101,38.724403,120 140.646758,38.724446,120 140.645299,38.725090,120 140.644011,38.725433,120 140.643711,38.725605,120 140.642252,38.726592,120 140.641351,38.726764,120 140.640664,38.726935,120 140.640063,38.727407,120 140.639505,38.727708,120 140.638905,38.727794,120 140.638175,38.727665,120 140.637360,38.727579,120 140.636845,38.727622,120 140.636501,38.727794,120 140.635900,38.728352,120 140.635343,38.728695,120 140.632982,38.729639,120 140.632424,38.729768,120 140.631952,38.729768,120 140.630922,38.729639,120 140.629377,38.729639,120 140.628948,38.729510,120 140.628262,38.729210,120 140.627747,38.729124,120 140.624228,38.729939,120 140.621567,38.730369,120 140.621266,38.730454,120 140.621009,38.730712,120 140.620623,38.731356,120 140.620666,38.731613,120 140.620880,38.732600,120 140.620923,38.733115,120 140.620880,38.733544,120 140.620451,38.734875,120 140.620236,38.735647,120 140.620065,38.735905,120 140.619764,38.736162,120 140.618305,38.736763,120 140.615516,38.737707,120 140.614786,38.737879,120 140.613971,38.737922,120 140.612683,38.737793,120 140.611782,38.737621,120 140.609808,38.737321,120 140.609550,38.737278,120 140.608993,38.737235,120 140.608263,38.737149,120 140.607791,38.737149,120 140.604572,38.737278,120 140.603714,38.737278,120 140.599895,38.737407,120 140.598435,38.737535,120 140.595303,38.738351,120 140.593758,38.738651,120 140.592084,38.738866,120 140.589252,38.739896,120 140.586805,38.740454,120 140.585861,38.740582,120 140.585175,38.740582,120 140.584617,38.740540,120 140.582042,38.739853,120 140.580840,38.739467,120 140.580196,38.739209,120 140.579424,38.738780,120 140.577793,38.737407,120 140.576935,38.736720,120 140.576077,38.735991,120 140.574961,38.735089,120 140.572987,38.733931,120 140.572386,38.733459,120 140.571270,38.732557,120 140.569296,38.731699,120 140.567451,38.730412,120 140.567064,38.730240,120 140.565476,38.730068,120 140.564747,38.729768,120 140.563073,38.728695,120 140.562429,38.728437,120 140.560970,38.728352,120 140.559468,38.728051,120 140.558352,38.728094,120 140.558352,38.727922,120 140.558267,38.727365,120 140.558224,38.727107,120 140.558052,38.726463,120 140.557795,38.725777,120 140.557408,38.725433,120 140.556550,38.725090,120 140.555606,38.724661,120 140.554061,38.723760,120 140.553546,38.723330,120 140.553331,38.723030,120 140.553288,38.722901,120 140.553246,38.722730,120 140.553203,38.722558,120 140.552945,38.721657,120 140.552602,38.720455,120 140.552258,38.719554,120 140.552001,38.718996,120 140.551829,38.718653,120 140.551572,38.718095,120 140.550842,38.717151,120 140.550413,38.716679,120 140.550241,38.716378,120 140.550113,38.715734,120 140.550113,38.715219,120 140.550156,38.714619,120 140.550456,38.713932,120 140.550799,38.713546,120 140.550885,38.713074,120 140.550885,38.712645,120 140.550799,38.712344,120 140.550628,38.711915,120 140.550284,38.711057,120 140.550241,38.710799,120 140.549898,38.710327,120 140.548139,38.708911,120 140.547409,38.708611,120 140.546293,38.708525,120 140.545349,38.708310,120 140.544791,38.708096,120 140.543504,38.707280,120 140.541873,38.706894,120 140.541015,38.706551,120 140.540071,38.706207,120 140.539126,38.705735,120 140.536852,38.705435,120 140.536509,38.705306,120 140.536294,38.705049,120 140.536165,38.704748,120 140.536208,38.704362,120 140.537581,38.701744,120 140.537839,38.700500,120 140.537796,38.700199,120 140.537539,38.699856,120 140.534921,38.698053,120 140.534019,38.696680,120 140.533719,38.696380,120 140.532775,38.695693,120 140.531359,38.693419,120 140.531058,38.693204,120 140.530329,38.692861,120 140.529943,38.692646,120 140.526595,38.691144,120 140.524707,38.690071,120 140.521231,38.687539,120 140.520973,38.687239,120 140.520802,38.686938,120 140.520759,38.686166,120 140.520544,38.685737,120 140.519342,38.684106,120 140.518141,38.682904,120 140.518055,38.682475,120 140.518270,38.681746,120 140.518355,38.681145,120 140.517969,38.679600,120 140.517926,38.679128,120 140.518870,38.677111,120 140.518870,38.676682,120 140.518699,38.675737,120 140.518742,38.675523,120 140.518827,38.675308,120 140.519085,38.675094,120 140.520458,38.674364,120 140.521445,38.673248,120 140.521531,38.672819,120 140.521402,38.672347,120 140.521145,38.672047,120 140.520287,38.671575,120 140.518827,38.670459,120 140.518312,38.669987,120 140.517883,38.669600,120 140.517068,38.668914,120 140.516210,38.668313,120 140.513463,38.666983,120 140.512862,38.666639,120 140.511661,38.665867,120 140.511189,38.665652,120 140.510759,38.665566,120 140.509429,38.665266,120 140.508699,38.664923,120 140.507412,38.663721,120 140.506639,38.663034,120 140.506124,38.662434,120 140.505309,38.661146,120 140.504279,38.659773,120 140.503078,38.659129,120 140.502219,38.658185,120 140.501146,38.657413,120 140.499258,38.657069,120 140.497885,38.657069,120 140.497241,38.656940,120 140.496597,38.656726,120 140.494366,38.655739,120 140.494151,38.655610,120 140.493894,38.655396,120 140.493765,38.655138,120 140.493679,38.654838,120 140.493765,38.654366,120 140.493808,38.654065,120 140.493851,38.653765,120 140.493722,38.653464,120 140.492306,38.651705,120 140.492134,38.651319,120 140.492005,38.650846,120 140.492091,38.649945,120 140.491920,38.649387,120 140.491233,38.647842,120 140.491061,38.647156,120 140.490718,38.644881,120 140.490589,38.644452,120 140.490417,38.644066,120 140.488615,38.642092,120 140.488272,38.641448,120 140.488186,38.640976,120 140.488186,38.640504,120 140.488358,38.638659,120 140.488400,38.637586,120 140.488443,38.636985,120 140.488443,38.635612,120 140.488658,38.634582,120 140.488744,38.633938,120 140.488658,38.633809,120 140.485954,38.631277,120 140.484924,38.630118,120 140.483165,38.627844,120 140.482264,38.626642,120 140.482006,38.626342,120 140.481834,38.626084,120 140.481534,38.625698,120 140.480676,38.624797,120 140.480418,38.624625,120 140.478702,38.623466,120 140.478015,38.623037,120 140.477672,38.622909,120 140.476813,38.622694,120 140.477071,38.622351,120 140.477886,38.621149,120 140.478573,38.620377,120 140.479045,38.619862,120 140.479302,38.619132,120 140.479774,38.617973,120 140.480461,38.616686,120 140.480418,38.616514,120 140.480332,38.616171,120 140.479946,38.615828,120 140.479732,38.615699,120 140.479088,38.615355,120 140.478959,38.615270,120 140.478573,38.615098,120 140.478272,38.615055,120 140.477929,38.615141,120 140.477071,38.615613,120 140.476427,38.615956,120 140.476041,38.615956,120 140.475869,38.615913,120 140.475655,38.615785,120 140.475526,38.615570,120 140.475483,38.615398,120 140.475483,38.615270,120 140.475440,38.614926,120 140.475397,38.614583,120 140.475397,38.614454,120 140.475354,38.613596,120 140.475311,38.612523,120 140.475225,38.610721,120 140.475225,38.610635,120 140.475698,38.609476,120 140.475912,38.608918,120 140.475869,38.608661,120 140.475740,38.608446,120 140.476384,38.608017,120 140.478144,38.606815,120 140.479603,38.606000,120 140.480204,38.605657,120 140.481191,38.605013,120 140.481663,38.604627,120 140.482049,38.604240,120 140.483465,38.602910,120 140.483809,38.602695,120 140.485311,38.601794,120 140.485225,38.600893,120 140.485225,38.600464,120 140.485439,38.599734,120 140.485525,38.599477,120 140.485826,38.598619,120 140.486684,38.596730,120 140.486727,38.596601,120 140.487242,38.595357,120 140.487456,38.594670,120 140.487671,38.594155,120 140.487928,38.593512,120 140.488443,38.592310,120 140.488958,38.591022,120 140.489044,38.590808,120 140.489044,38.590722,120 140.489430,38.589821,120 140.489902,38.588533,120 140.490160,38.587847,120 140.490289,38.587503,120 140.490417,38.587074,120 140.490460,38.586903,120 140.490589,38.586473,120 140.490632,38.586259,120 140.490761,38.585401,120 140.490804,38.584843,120 140.490718,38.583426,120 140.490375,38.581538,120 140.490289,38.581238,120 140.489988,38.580766,120 140.489731,38.580251,120 140.489688,38.579907,120 140.489731,38.579178,120 140.489473,38.578491,120 140.489473,38.577847,120 140.489559,38.577633,120 140.489731,38.577418,120 140.489988,38.577290,120 140.490074,38.577247,120 140.490546,38.577032,120 140.490932,38.576903,120 140.491276,38.576775,120 140.491619,38.576646,120 140.493679,38.575916,120 140.494151,38.575830,120 140.494237,38.575788,120 140.495310,38.575788,120 140.495481,38.575788,120 140.495653,38.575788,120 140.496597,38.575788,120 140.497799,38.575788,120 140.498271,38.575745,120 140.498614,38.575702,120 140.499172,38.575616,120 140.499430,38.575616,120 140.501103,38.575401,120 140.501962,38.575230,120 140.503678,38.574672,120 140.505052,38.574414,120 140.506167,38.574543,120 140.506725,38.574586,120 140.508614,38.574328,120 140.509129,38.574286,120 140.509601,38.574286,120 140.510073,38.574414,120 140.511060,38.574758,120 140.511961,38.575144,120 140.512776,38.575444,120 140.513034,38.575487,120 140.513635,38.575487,120 140.515437,38.575358,120 140.515738,38.575315,120 140.516038,38.575315,120 140.517111,38.575230,120 140.519214,38.575187,120 140.520329,38.575101,120 140.521317,38.574629,120 140.521746,38.574500,120 140.522819,38.574243,120 140.524106,38.574028,120 140.524621,38.573771,120 140.524921,38.573470,120 140.525177,38.573312,120 140.525179,38.573313,120 140.525177,38.573312,120 140.524921,38.573470,120 140.524621,38.573771,120 140.524106,38.574028,120 140.522819,38.574243,120 140.521746,38.574500,120 140.521317,38.574629,120 140.520329,38.575101,120 140.519214,38.575187,120 140.517111,38.575230,120 140.516038,38.575315,120 140.515738,38.575315,120 140.515437,38.575358,120 140.513635,38.575487,120 140.513034,38.575487,120 140.512776,38.575444,120 140.511961,38.575144,120 140.511060,38.574758,120 140.510073,38.574414,120 140.509601,38.574286,120 140.509129,38.574286,120 140.508614,38.574328,120 140.506725,38.574586,120 140.506167,38.574543,120 140.505052,38.574414,120 140.503678,38.574672,120 140.501962,38.575230,120 140.501103,38.575401,120 140.499430,38.575616,120 140.499172,38.575616,120 140.498614,38.575702,120 140.498271,38.575745,120 140.497799,38.575788,120 140.496597,38.575788,120 140.495653,38.575788,120 140.495481,38.575788,120 140.495310,38.575788,120 140.494237,38.575788,120 140.494151,38.575830,120 140.493679,38.575916,120 140.491619,38.576646,120 140.491276,38.576775,120 140.490932,38.576903,120 140.490546,38.577032,120 140.490074,38.577247,120 140.489988,38.577290,120 140.489731,38.577418,120 140.489559,38.577633,120 140.489473,38.577847,120 140.488787,38.577547,120 140.488572,38.577461,120 140.486040,38.576131,120 140.485225,38.575745,120 140.484066,38.575144,120 140.483551,38.574886,120 140.483422,38.574800,120 140.482435,38.574286,120 140.481920,38.574028,120 140.478444,38.572226,120 140.476727,38.571453,120 140.475011,38.570595,120 140.473766,38.569951,120 140.472651,38.569307,120 140.472136,38.569007,120 140.470591,38.568063,120 140.468831,38.566689,120 140.468273,38.566260,120 140.467801,38.565788,120 140.467715,38.565617,120 140.467758,38.565402,120 140.469174,38.563814,120 140.469260,38.563557,120 140.469217,38.563385,120 140.468917,38.563170,120 140.468659,38.563128,120 140.468445,38.563170,120 140.467286,38.563428,120 140.465398,38.564200,120 140.464582,38.564715,120 140.463381,38.565488,120 140.462651,38.566089,120 140.461321,38.567419,120 140.460033,38.568964,120 140.458918,38.568406,120 140.458746,38.568363,120 140.457544,38.567762,120 140.456386,38.567634,120 140.456042,38.567505,120 140.455828,38.567333,120 140.455527,38.566904,120 140.455313,38.566775,120 140.454412,38.566260,120 140.453553,38.565788,120 140.453424,38.565702,120 140.451837,38.564715,120 140.451622,38.564544,120 140.451021,38.563986,120 140.450764,38.563643,120 140.450592,38.563342,120 140.450721,38.562140,120 140.450764,38.559780,120 140.450463,38.558621,120 140.449991,38.557377,120 140.449347,38.556433,120 140.448661,38.555746,120 140.447974,38.555059,120 140.447760,38.554888,120 140.446472,38.553686,120 140.446172,38.553386,120 140.445743,38.552999,120 140.444584,38.552141,120 140.444541,38.552098,120 140.444241,38.551497,120 140.443983,38.549223,120 140.443339,38.547978,120 140.443211,38.546433,120 140.442610,38.545232,120 140.442352,38.544202,120 140.442138,38.543472,120 140.441751,38.543000,120 140.441108,38.541927,120 140.440764,38.541112,120 140.440378,38.540339,120 140.440335,38.539867,120 140.439949,38.539481,120 140.439863,38.539310,120 140.439820,38.537507,120 140.440035,38.535447,120 140.440164,38.533988,120 140.440121,38.533173,120 140.440078,38.532958,120 140.439734,38.532572,120 140.438619,38.531756,120 140.438490,38.531628,120 140.437589,38.531070,120 140.436645,38.530598,120 140.436430,38.530426,120 140.435572,38.530083,120 140.435314,38.529825,120 140.435185,38.529782,120 140.435014,38.529782,120 140.434799,38.529825,120 140.434198,38.530040,120 140.434027,38.530040,120 140.434027,38.529868,120 140.434198,38.529310,120 140.434499,38.528967,120 140.434027,38.528581,120 140.433984,38.528495,120 140.434155,38.528323,120 140.434113,38.528194,120 140.433598,38.527851,120 140.433297,38.527765,120 140.432611,38.527164,120 140.432482,38.527164,120 140.432482,38.527250,120 140.432954,38.527722,120 140.432997,38.527808,120 140.432868,38.527808,120 140.432696,38.527551,120 140.432010,38.527164,120 140.431666,38.526306,120 140.431709,38.526177,120 140.432224,38.526177,120 140.432224,38.526092,120 140.431323,38.525920,120 140.431323,38.525662,120 140.431151,38.525491,120 140.431280,38.525405,120 140.431538,38.525362,120 140.431623,38.525147,120 140.430894,38.524761,120 140.430937,38.524418,120 140.431237,38.524418,120 140.431323,38.524332,120 140.431194,38.524075,120 140.431194,38.523989,120 140.431409,38.523817,120 140.431795,38.523774,120 140.431452,38.523259,120 140.431023,38.522959,120 140.430937,38.522830,120 140.430948,38.522812,120 140.430918,38.522800,120 140.430948,38.522812,120 140.431237,38.522358,120 140.431280,38.522143,120 140.431237,38.521843,120 140.431409,38.521328,120 140.431838,38.521156,120 140.432224,38.520727,120 140.432653,38.520641,120 140.432868,38.520298,120 140.433040,38.519955,120 140.433125,38.519397,120 140.432868,38.519225,120 140.432439,38.519182,120 140.432611,38.518281,120 140.432611,38.518152,120 140.432439,38.518109,120 140.431795,38.518324,120 140.430937,38.518839,120 140.430808,38.518839,120 140.430593,38.518796,120 140.430422,38.518667,120 140.430079,38.518109,120 140.428920,38.517208,120 140.428791,38.516994,120 140.428963,38.516693,120 140.429907,38.516650,120 140.430036,38.516650,120 140.430036,38.516521,120 140.429177,38.516006,120 140.428576,38.515921,120 140.427761,38.516135,120 140.427632,38.516135,120 140.427461,38.515964,120 140.427461,38.515749,120 140.427761,38.515234,120 140.427976,38.515191,120 140.428705,38.515449,120 140.429006,38.515449,120 140.429177,38.515363,120 140.429306,38.515191,120 140.429306,38.514633,120 140.429564,38.514290,120 140.429564,38.514161,120 140.429392,38.514161,120 140.429177,38.514504,120 140.429006,38.514934,120 140.428877,38.515019,120 140.428662,38.514977,120 140.428534,38.514891,120 140.428233,38.514676,120 140.428061,38.514419,120 140.427547,38.514161,120 140.427375,38.514247,120 140.427246,38.514504,120 140.426903,38.514848,120 140.426688,38.514891,120 140.426602,38.514762,120 140.426431,38.514032,120 140.426302,38.513904,120 140.426130,38.513947,120 140.425572,38.514504,120 140.425444,38.514504,120 140.425358,38.514462,120 140.425315,38.514376,120 140.425444,38.513732,120 140.425100,38.513517,120 140.424070,38.513432,120 140.423512,38.513217,120 140.422611,38.512959,120 140.422397,38.513045,120 140.422354,38.513346,120 140.422139,38.513517,120 140.421882,38.513560,120 140.421624,38.513474,120 140.421538,38.513389,120 140.421581,38.513174,120 140.421968,38.512917,120 140.422053,38.512831,120 140.422010,38.512702,120 140.421367,38.512487,120 140.420766,38.511972,120 140.419779,38.511457,120 140.419478,38.511200,120 140.419436,38.511157,120 140.419436,38.511028,120 140.419393,38.510170,120 140.419264,38.509827,120 140.419006,38.509612,120 140.418406,38.509226,120 140.418148,38.508925,120 140.418105,38.508582,120 140.418277,38.507681,120 140.418191,38.507209,120 140.416946,38.507123,120 140.415058,38.506866,120 140.415015,38.506866,120 140.413899,38.506737,120 140.413127,38.506780,120 140.412526,38.506866,120 140.412440,38.506866,120 140.411797,38.506994,120 140.411153,38.507080,120 140.409608,38.507380,120 140.409050,38.507423,120 140.407891,38.507423,120 140.407419,38.507338,120 140.406561,38.507080,120 140.406003,38.506823,120 140.405231,38.506308,120 140.404501,38.505793,120 140.403686,38.505406,120 140.403299,38.505321,120 140.402999,38.505235,120 140.402226,38.505020,120 140.402141,38.504934,120 140.401711,38.504634,120 140.401411,38.504205,120 140.401325,38.503947,120 140.400982,38.502917,120 140.400810,38.502102,120 140.400810,38.501759,120 140.400810,38.500471,120 140.400810,38.500385,120 140.401025,38.499613,120 140.401196,38.499141,120 140.401325,38.498111,120 140.401282,38.497639,120 140.401025,38.496909,120 140.400381,38.495364,120 140.400209,38.494978,120 140.399909,38.493948,120 140.399780,38.492789,120 140.399694,38.492231,120 140.399566,38.491931,120 140.399351,38.491545,120 140.398879,38.491287,120 140.395918,38.490729,120 140.395832,38.490729,120 140.395575,38.490686,120 140.394931,38.490515,120 140.393686,38.490129,120 140.393000,38.489914,120 140.391755,38.490000,120 140.391197,38.488498,120 140.390768,38.487425,120 140.390725,38.487124,120 140.390768,38.486438,120 140.390854,38.485537,120 140.390854,38.485193,120 140.390553,38.483863,120 140.390253,38.483133,120 140.389953,38.482404,120 140.389051,38.482533,120 140.388193,38.482618,120 140.387249,38.482704,120 140.386605,38.482661,120 140.385017,38.482447,120 140.384073,38.482361,120 140.383816,38.482318,120 140.382915,38.482189,120 140.382829,38.481460,120 140.382829,38.480816,120 140.382786,38.480515,120 140.382786,38.479700,120 140.382786,38.478670,120 140.382786,38.478069,120 140.382786,38.477168,120 140.382786,38.476524,120 140.382743,38.475966,120 140.382700,38.474250,120 140.382657,38.472662,120 140.382657,38.472061,120 140.382571,38.468499,120 140.382485,38.464723,120 140.382400,38.461847,120 140.382357,38.458285,120 140.382314,38.456440,120 140.382271,38.454509,120 140.382185,38.452621,120 140.381970,38.450260,120 140.381455,38.447428,120 140.381198,38.446226,120 140.381026,38.445497,120 140.380082,38.441720,120 140.379953,38.441205,120 140.379610,38.439703,120 140.379610,38.439660,120 140.379138,38.437772,120 140.379052,38.437343,120 140.378838,38.436527,120 140.378580,38.435583,120 140.378494,38.435068,120 140.378151,38.433609,120 140.377936,38.432751,120 140.377936,38.432665,120 140.377593,38.431334,120 140.377507,38.430905,120 140.377121,38.429446,120 140.376949,38.428502,120 140.376520,38.426700,120 140.377207,38.426614,120 140.377507,38.426571,120 140.379653,38.426356,120 140.380983,38.426185,120 140.382056,38.426056,120 140.382571,38.426013,120 140.384588,38.425841,120 140.385361,38.425756,120 140.387292,38.425584,120 140.388279,38.425498,120 140.388494,38.425498,120 140.390210,38.425369,120 140.392098,38.425198,120 140.393085,38.425112,120 140.393343,38.425112,120 140.396605,38.424811,120 140.399051,38.424597,120 140.400639,38.424468,120 140.402398,38.424339,120 140.404372,38.424339,120 140.405574,38.424339,120 140.407462,38.424468,120 140.410938,38.424554,120 140.411754,38.424339,120 140.415788,38.422880,120 140.417933,38.422151,120 140.418019,38.422108,120 140.419478,38.421593,120 140.420423,38.421249,120 140.420766,38.421121,120 140.421538,38.420863,120 140.425014,38.419619,120 140.425272,38.419533,120 140.427203,38.418846,120 140.429263,38.418117,120 140.430379,38.417730,120 140.431967,38.417172,120 140.432568,38.416915,120 140.434885,38.416100,120 140.435872,38.415799,120 140.436344,38.415713,120 140.436902,38.415670,120 140.437503,38.415756,120 140.438662,38.415928,120 140.440464,38.416400,120 140.443854,38.417258,120 140.444670,38.417430,120 140.445700,38.417387,120 140.446386,38.417258,120 140.447760,38.417001,120 140.448360,38.417001,120 140.449176,38.417087,120 140.449691,38.417130,120 140.449905,38.417130,120 140.451965,38.417001,120 140.453982,38.416829,120 140.454626,38.416829,120 140.456901,38.417087,120 140.458016,38.417044,120 140.458446,38.417001,120 140.458746,38.416958,120 140.459218,38.416529,120 140.459261,38.416357,120 140.460677,38.416700,120 140.461235,38.416786,120 140.462866,38.416872,120 140.464025,38.416829,120 140.464840,38.416743,120 140.465140,38.416700,120 140.466814,38.416572,120 140.467372,38.416529,120 140.468102,38.416486,120 140.471964,38.416657,120 140.474453,38.416829,120 140.475354,38.416829,120 140.475783,38.416786,120 140.476685,38.416615,120 140.478745,38.416271,120 140.479474,38.416142,120 140.480590,38.415971,120 140.482264,38.415670,120 140.485525,38.415027,120 140.486083,38.414812,120 140.486770,38.414426,120 140.488100,38.413696,120 140.489774,38.413138,120 140.489902,38.413138,120 140.490203,38.413053,120 140.490804,38.413010,120 140.491705,38.413010,120 140.492563,38.412924,120 140.493293,38.412709,120 140.494366,38.412280,120 140.495524,38.411722,120 140.496597,38.411336,120 140.498013,38.410993,120 140.498829,38.410606,120 140.499558,38.410306,120 140.499902,38.410263,120 140.501232,38.410306,120 140.501876,38.410177,120 140.503078,38.409576,120 140.503507,38.409448,120 140.504708,38.409319,120 140.505266,38.409190,120 140.507369,38.408546,120 140.508571,38.408117,120 140.508727,38.408020,120 140.508840,38.408132,120 140.508727,38.408020,120 140.509472,38.407559,120 140.510287,38.407345,120 140.510631,38.407216,120 140.511060,38.407001,120 140.511489,38.406529,120 140.511789,38.406143,120 140.512347,38.405714,120 140.513077,38.405414,120 140.513334,38.405371,120 140.515137,38.404984,120 140.515780,38.404813,120 140.516210,38.404684,120 140.518742,38.403225,120 140.519214,38.403053,120 140.521402,38.402452,120 140.521789,38.402324,120 140.522261,38.401980,120 140.523548,38.400779,120 140.524149,38.400393,120 140.529556,38.398376,120 140.530157,38.398290,120 140.533333,38.398504,120 140.534234,38.398418,120 140.537109,38.397689,120 140.538311,38.397303,120 140.539384,38.396873,120 140.540071,38.396401,120 140.540671,38.396015,120 140.541015,38.395886,120 140.541701,38.395801,120 140.542088,38.395801,120 140.543504,38.396273,120 140.544534,38.396316,120 140.545607,38.396230,120 140.547795,38.395629,120 140.548525,38.395586,120 140.549641,38.395886,120 140.550070,38.395972,120 140.550499,38.395886,120 140.551057,38.395672,120 140.551529,38.395543,120 140.552645,38.395543,120 140.553460,38.395586,120 140.555091,38.396015,120 140.556207,38.395972,120 140.556936,38.395886,120 140.557065,38.395844,120 140.557623,38.395715,120 140.560327,38.395071,120 140.561228,38.394728,120 140.563331,38.393483,120 140.564146,38.392754,120 140.564404,38.392625,120 140.564661,38.392539,120 140.565519,38.392496,120 140.566592,38.392367,120 140.567365,38.392067,120 140.567966,38.391724,120 140.568652,38.391080,120 140.571613,38.387904,120 140.574145,38.385286,120 140.574489,38.384643,120 140.575047,38.382754,120 140.575047,38.382239,120 140.575004,38.381510,120 140.575218,38.380651,120 140.575218,38.380136,120 140.575047,38.379021,120 140.575132,38.378205,120 140.574961,38.377261,120 140.575004,38.376532,120 140.574961,38.375802,120 140.575004,38.375502,120 140.575218,38.375115,120 140.575604,38.374600,120 140.575948,38.374214,120 140.576463,38.373828,120 140.576935,38.373613,120 140.577450,38.373528,120 140.577793,38.373399,120 140.578651,38.372927,120 140.579381,38.372283,120 140.580711,38.371682,120 140.581570,38.371210,120 140.581956,38.370910,120 140.582385,38.369880,120 140.582900,38.369451,120 140.584230,38.368464,120 140.584745,38.368120,120 140.585389,38.367820,120 140.585904,38.367691,120 140.586762,38.367519,120 140.586977,38.367434,120 140.587320,38.367219,120 140.587664,38.366489,120 140.587749,38.365459,120 140.588093,38.364816,120 140.588179,38.364472,120 140.588136,38.364129,120 140.587749,38.363228,120 140.587621,38.362970,120 140.587020,38.362455,120 140.586677,38.362026,120 140.586290,38.361211,120 140.586290,38.360868,120 140.586462,38.360610,120 140.586848,38.360267,120 140.587621,38.359966,120 140.588608,38.359151,120 140.589294,38.358979,120 140.589767,38.358808,120 140.590067,38.358550,120 140.590496,38.357863,120 140.591784,38.357005,120 140.592341,38.356833,120 140.593328,38.356919,120 140.593843,38.356876,120 140.594358,38.356662,120 140.595303,38.356061,120 140.595689,38.355675,120 140.595989,38.355074,120 140.596676,38.354344,120 140.596762,38.354044,120 140.596805,38.353744,120 140.596762,38.353443,120 140.596676,38.352284,120 140.596719,38.351769,120 140.596890,38.351383,120 140.597277,38.350739,120 140.597320,38.350139,120 140.597448,38.349838,120 140.597835,38.349495,120 140.599036,38.349152,120 140.599723,38.348722,120 140.600324,38.348293,120 140.600624,38.348122,120 140.602169,38.347950,120 140.602899,38.347735,120 140.604701,38.346705,120 140.605431,38.346362,120 140.606546,38.345890,120 140.606976,38.345675,120 140.607491,38.345375,120 140.608006,38.344860,120 140.608263,38.344474,120 140.608649,38.343573,120 140.608735,38.343315,120 140.608864,38.342714,120 140.608778,38.341169,120 140.608864,38.340697,120 140.609121,38.340096,120 140.609422,38.339753,120 140.609808,38.339367,120 140.610495,38.338852,120 140.610795,38.338637,120 140.611525,38.338079,120 140.612040,38.337607,120 140.612597,38.336706,120 140.612683,38.336277,120 140.612726,38.336191,120 140.612726,38.334990,120 140.612855,38.334346,120 140.612898,38.334174,120 140.613112,38.333745,120 140.613413,38.333273,120 140.614872,38.332114,120 140.615001,38.331900,120 140.615301,38.330870,120 140.615516,38.330355,120 140.615988,38.329625,120 140.616245,38.329024,120 140.616417,38.328080,120 140.616460,38.327737,120 140.616632,38.327394,120 140.617061,38.326879,120 140.617275,38.326664,120 140.618348,38.325505,120 140.618777,38.324990,120 140.619164,38.324518,120 140.619335,38.324218,120 140.619721,38.323488,120 140.620065,38.322544,120 140.620623,38.321042,120 140.620837,38.320656,120 140.621567,38.319883,120 140.622339,38.319111,120 140.622897,38.318725,120 140.623498,38.318553,120 140.623884,38.318553,120 140.625000,38.318639,120 140.625515,38.318553,120 140.625987,38.318338,120 140.627446,38.317351,120 140.628347,38.317008,120 140.629077,38.316836,120 140.629849,38.316708,120 140.632210,38.316836,120 140.633197,38.316965,120 140.633454,38.316965,120 140.633841,38.317051,120 140.635042,38.317180,120 140.635900,38.317308,120 140.636973,38.317394,120 140.637574,38.317223,120 140.638046,38.316965,120 140.638947,38.316450,120 140.639076,38.316364,120 140.639763,38.315978,120 140.640578,38.315678,120 140.641136,38.315549,120 140.641394,38.315506,120 140.642595,38.315291,120 140.644655,38.314691,120 140.644741,38.314648,120 140.645428,38.314433,120 140.646501,38.314133,120 140.647445,38.313875,120 140.648046,38.313704,120 140.649204,38.313360,120 140.649848,38.313060,120 140.650277,38.312802,120 140.650620,38.312416,120 140.650749,38.312287,120 140.651565,38.311300,120 140.652337,38.310742,120 140.652723,38.310528,120 140.653110,38.310399,120 140.653281,38.310356,120 140.654912,38.310056,120 140.654955,38.310013,120 140.656371,38.309755,120 140.657101,38.309627,120 140.657830,38.309455,120 140.658174,38.309240,120 140.658474,38.308983,120 140.659075,38.307996,120 140.659418,38.307652,120 140.661306,38.306665,120 140.661564,38.306537,120 140.662551,38.305850,120 140.663710,38.304949,120 140.665898,38.303404,120 140.666327,38.303189,120 140.666800,38.303018,120 140.667529,38.302932,120 140.667915,38.302889,120 140.668473,38.302889,120 140.668774,38.302932,120 140.669932,38.302932,120 140.670791,38.302803,120 140.672421,38.302374,120 140.673237,38.302159,120 140.674438,38.301473,120 140.674653,38.301301,120 140.675340,38.300915,120 140.676541,38.300529,120 140.677314,38.300314,120 140.678215,38.300014,120 140.679674,38.298941,120 140.680747,38.298340,120 140.680876,38.298254,120 140.681250,38.298027,120 140.681302,38.298080,120 140.681250,38.298027,120 140.682292,38.297396,120 140.683107,38.296580,120 140.683451,38.296280,120 140.684652,38.295164,120 140.685983,38.293877,120 140.686369,38.293362,120 140.686541,38.292804,120 140.686455,38.291988,120 140.686326,38.290830,120 140.686369,38.290100,120 140.686584,38.289585,120 140.686755,38.289328,120 140.687871,38.288298,120 140.688257,38.287954,120 140.690188,38.286238,120 140.690446,38.285980,120 140.689330,38.285594,120 140.688772,38.285551,120 140.688386,38.285594,120 140.687571,38.285766,120 140.687056,38.285723,120 140.685081,38.284779,120 140.683923,38.283834,120 140.683622,38.283491,120 140.683279,38.282676,120 140.683193,38.282461,120 140.682807,38.282161,120 140.681648,38.281646,120 140.680704,38.281474,120 140.679502,38.280487,120 140.678558,38.280101,120 140.677271,38.279414,120 140.676413,38.278985,120 140.675254,38.277869,120 140.674782,38.277097,120 140.674181,38.276625,120 140.674052,38.276196,120 140.674310,38.275251,120 140.674396,38.274136,120 140.674396,38.273363,120 140.674567,38.272805,120 140.675254,38.272033,120 140.675383,38.271775,120 140.675340,38.271561,120 140.674567,38.270445,120 140.674438,38.269930,120 140.674481,38.269072,120 140.674353,38.268685,120 140.674227,38.268505,120 140.674245,38.268497,120 140.674227,38.268505,120 140.673666,38.267698,120 140.673494,38.267226,120 140.673623,38.266068,120 140.673237,38.264437,120 140.673323,38.262892,120 140.673409,38.262033,120 140.673280,38.261604,120 140.673022,38.261089,120 140.672936,38.261003,120 140.672421,38.259931,120 140.673623,38.259544,120 140.673752,38.259501,120 140.674138,38.259416,120 140.674653,38.259201,120 140.674996,38.258944,120 140.677443,38.257270,120 140.677614,38.256884,120 140.680404,38.255167,120 140.681348,38.254609,120 140.681477,38.254395,120 140.681391,38.254223,120 140.681219,38.254094,120 140.680790,38.253965,120 140.680575,38.253794,120 140.680490,38.253665,120 140.680790,38.252978,120 140.681047,38.252721,120 140.681648,38.252549,120 140.682335,38.251948,120 140.684609,38.250446,120 140.685382,38.249760,120 140.685639,38.249588,120 140.687227,38.248773,120 140.687871,38.248429,120 140.689030,38.247786,120 140.689802,38.247485,120 140.690145,38.247399,120 140.691433,38.247013,120 140.692806,38.246627,120 140.693150,38.246541,120 140.693450,38.246455,120 140.695338,38.246112,120 140.695510,38.246069,120 140.696282,38.245382,120 140.697141,38.244781,120 140.698428,38.243666,120 140.698514,38.243623,120 140.699072,38.243237,120 140.699973,38.242893,120 140.701389,38.242593,120 140.702462,38.242078,120 140.702806,38.241820,120 140.703664,38.240275,120 140.704179,38.239503,120 140.704651,38.239074,120 140.705295,38.238645,120 140.706625,38.238130,120 140.707269,38.237915,120 140.708299,38.237486,120 140.708771,38.237100,120 140.708942,38.236713,120 140.708985,38.235898,120 140.709071,38.235769,120 140.709243,38.235598,120 140.709844,38.235168,120 140.711131,38.233495,120 140.711217,38.233409,120 140.711346,38.233237,120 140.711861,38.232594,120 140.712118,38.232379,120 140.712504,38.232207,120 140.714006,38.232121,120 140.714736,38.231907,120 140.715423,38.231521,120 140.716324,38.230748,120 140.718513,38.229804,120 140.720143,38.229289,120 140.722375,38.228559,120 140.723362,38.228130,120 140.724950,38.227358,120 140.726066,38.226886,120 140.726581,38.226628,120 140.727482,38.225813,120 140.727611,38.225727,120 140.728812,38.224740,120 140.729713,38.224397,120 140.730357,38.224225,120 140.732546,38.223667,120 140.733705,38.223367,120 140.734777,38.223066,120 140.734992,38.222980,120 140.736194,38.222466,120 140.736451,38.222423,120 140.736837,38.222294,120 140.738554,38.221736,120 140.739198,38.221478,120 140.740142,38.221049,120 140.741987,38.220105,120 140.742674,38.219891,120 140.742846,38.219805,120 140.743618,38.219633,120 140.744991,38.219290,120 140.746236,38.218989,120 140.746579,38.218861,120 140.746965,38.218689,120 140.749755,38.216887,120 140.750399,38.216715,120 140.752201,38.216414,120 140.753574,38.216071,120 140.754261,38.215942,120 140.755291,38.215728,120 140.754862,38.214784,120 140.755720,38.214355,120 140.755849,38.214183,120 140.755892,38.214011,120 140.755720,38.213539,120 140.755548,38.213196,120 140.755506,38.213024,120 140.754261,38.213325,120 140.753875,38.213325,120 140.753059,38.213282,120 140.751729,38.212981,120 140.751300,38.212895,120 140.750442,38.212681,120 140.748425,38.211651,120 140.748081,38.211479,120 140.747824,38.211350,120 140.747480,38.211179,120 140.746751,38.210750,120 140.746579,38.210621,120 140.746450,38.210492,120 140.745807,38.209505,120 140.744991,38.208647,120 140.744090,38.208132,120 140.743747,38.207574,120 140.743575,38.207402,120 140.743017,38.207145,120 140.742502,38.206630,120 140.742159,38.206458,120 140.741301,38.206201,120 140.740871,38.206115,120 140.740442,38.206158,120 140.739155,38.206501,120 140.738640,38.206587,120 140.736451,38.206458,120 140.734863,38.206587,120 140.734348,38.206587,120 140.734177,38.206415,120 140.733747,38.205171,120 140.733619,38.205042,120 140.731945,38.204570,120 140.731688,38.204398,120 140.731516,38.204141,120 140.731130,38.202853,120 140.731001,38.202467,120 140.730958,38.202295,120 140.730700,38.201866,120 140.730486,38.201652,120 140.729713,38.201137,120 140.729456,38.201051,120 140.728211,38.200536,120 140.727868,38.200321,120 140.727439,38.199892,120 140.727224,38.199291,120 140.726967,38.198047,120 140.726624,38.197746,120 140.726151,38.197575,120 140.725422,38.197446,120 140.723963,38.197575,120 140.723577,38.197618,120 140.723233,38.197703,120 140.720744,38.199120,120 140.718555,38.200064,120 140.717697,38.200321,120 140.717096,38.200493,120 140.715938,38.200793,120 140.715208,38.200922,120 140.713878,38.200836,120 140.713449,38.200965,120 140.713148,38.201137,120 140.711560,38.202553,120 140.709972,38.203111,120 140.708899,38.203411,120 140.708470,38.203411,120 140.707054,38.203068,120 140.705638,38.202982,120 140.704136,38.202424,120 140.701690,38.202209,120 140.698557,38.201823,120 140.697742,38.201394,120 140.696797,38.200750,120 140.696068,38.199849,120 140.695896,38.199463,120 140.695896,38.198647,120 140.695682,38.198433,120 140.691090,38.197145,120 140.690489,38.196931,120 140.689502,38.196201,120 140.689030,38.195987,120 140.688472,38.195901,120 140.686970,38.195729,120 140.685811,38.195386,120 140.684910,38.194957,120 140.683880,38.194270,120 140.681176,38.192382,120 140.680618,38.192081,120 140.677700,38.190923,120 140.675726,38.189464,120 140.674310,38.188434,120 140.671563,38.186889,120 140.670576,38.186374,120 140.669417,38.185687,120 140.667486,38.184786,120 140.666156,38.184314,120 140.665984,38.184271,120 140.664783,38.183928,120 140.664439,38.183842,120 140.662937,38.183627,120 140.662379,38.183541,120 140.662036,38.183541,120 140.661263,38.183498,120 140.659719,38.183455,120 140.658259,38.183455,120 140.657701,38.183413,120 140.657530,38.183413,120 140.654697,38.183370,120 140.654397,38.183370,120 140.653667,38.183584,120 140.652981,38.183970,120 140.651178,38.185129,120 140.650320,38.185472,120 140.649505,38.185472,120 140.648904,38.185387,120 140.648046,38.185215,120 140.646758,38.184915,120 140.646501,38.184872,120 140.645642,38.184743,120 140.644097,38.184657,120 140.642509,38.184700,120 140.641651,38.184700,120 140.640020,38.184743,120 140.637445,38.184786,120 140.637016,38.184786,120 140.636501,38.184786,120 140.631952,38.184829,120 140.631223,38.184786,120 140.630536,38.184571,120 140.629849,38.184056,120 140.629292,38.183284,120 140.629163,38.183155,120 140.628991,38.182855,120 140.628476,38.182383,120 140.627146,38.181396,120 140.626631,38.181610,120 140.625772,38.181953,120 140.625129,38.182211,120 140.623584,38.182855,120 140.623455,38.182898,120 140.622811,38.183198,120 140.621996,38.183498,120 140.621824,38.183584,120 140.621610,38.183670,120 140.621395,38.183756,120 140.620880,38.183970,120 140.620751,38.184013,120 140.618691,38.184872,120 140.618348,38.185000,120 140.617661,38.185258,120 140.617533,38.185301,120 140.617104,38.185515,120 140.616760,38.185687,120 140.616460,38.185816,120 140.615816,38.186159,120 140.614657,38.186674,120 140.614529,38.186717,120 140.614357,38.186803,120 140.613928,38.187017,120 140.613713,38.187146,120 140.613499,38.187232,120 140.612726,38.187618,120 140.611181,38.188305,120 140.610194,38.188777,120 140.609207,38.189249,120 140.608821,38.189421,120 140.608735,38.189464,120 140.607576,38.190022,120 140.606461,38.190536,120 140.605044,38.191223,120 140.604057,38.191695,120 140.603113,38.192124,120 140.602770,38.192296,120 140.602212,38.192511,120 140.601740,38.191781,120 140.600839,38.190622,120 140.600667,38.190494,120 140.599465,38.189421,120 140.599251,38.189249,120 140.599208,38.189206,120 140.598736,38.188648,120 140.598178,38.187876,120 140.597878,38.187404,120 140.596933,38.185987,120 140.596461,38.185129,120 140.596418,38.184872,120 140.596032,38.183413,120 140.595903,38.183155,120 140.594273,38.179936,120 140.594015,38.179593,120 140.593071,38.178735,120 140.592599,38.178434,120 140.589981,38.177361,120 140.587535,38.177018,120 140.587149,38.176889,120 140.586934,38.176718,120 140.586762,38.176503,120 140.586205,38.174915,120 140.586162,38.174787,120 140.585389,38.172555,120 140.585217,38.172212,120 140.584745,38.171568,120 140.584359,38.171139,120 140.583844,38.170753,120 140.583501,38.170538,120 140.582557,38.169808,120 140.582385,38.169637,120 140.581570,38.168306,120 140.581398,38.168006,120 140.580969,38.167448,120 140.580111,38.166504,120 140.579702,38.166041,120 140.579740,38.166020,120 140.579702,38.166041,120 140.578179,38.164315,120 140.577235,38.163328,120 140.575991,38.161955,120 140.575733,38.161783,120 140.575390,38.161483,120 140.574059,38.160839,120 140.569897,38.159037,120 140.569167,38.158865,120 140.568523,38.158779,120 140.566549,38.157964,120 140.560155,38.156290,120 140.556936,38.155775,120 140.556378,38.155732,120 140.554962,38.155560,120 140.553932,38.155432,120 140.551958,38.155260,120 140.551229,38.155174,120 140.550413,38.155088,120 140.546679,38.154702,120 140.545778,38.154531,120 140.544448,38.153844,120 140.543504,38.153286,120 140.542989,38.152986,120 140.542603,38.152771,120 140.542173,38.152556,120 140.540800,38.152728,120 140.539513,38.152514,120 140.539427,38.152342,120 140.539470,38.152127,120 140.540586,38.151956,120 140.540800,38.151741,120 140.540843,38.151441,120 140.540543,38.150926,120 140.540628,38.150454,120 140.540586,38.150368,120 140.540242,38.150239,120 140.539942,38.150282,120 140.539598,38.150325,120 140.538998,38.150711,120 140.538783,38.150711,120 140.536895,38.150282,120 140.536680,38.150153,120 140.536551,38.149981,120 140.536551,38.149209,120 140.536337,38.148952,120 140.535779,38.148737,120 140.534792,38.149037,120 140.534620,38.148952,120 140.534577,38.148694,120 140.534964,38.148479,120 140.535092,38.148265,120 140.534921,38.148093,120 140.534663,38.147964,120 140.533934,38.148050,120 140.533719,38.148007,120 140.533161,38.147578,120 140.533247,38.147364,120 140.534320,38.147106,120 140.534921,38.146892,120 140.535221,38.146763,120 140.535522,38.146677,120 140.535607,38.146591,120 140.535693,38.146420,120 140.535736,38.145905,120 140.535564,38.145561,120 140.535092,38.145218,120 140.535049,38.144875,120 140.535178,38.144274,120 140.535522,38.144102,120 140.535607,38.143888,120 140.535607,38.143630,120 140.535350,38.142986,120 140.535393,38.142729,120 140.535607,38.142686,120 140.536208,38.142986,120 140.536723,38.143115,120 140.536938,38.142557,120 140.537281,38.142428,120 140.537496,38.142085,120 140.537624,38.142042,120 140.537753,38.142085,120 140.538054,38.142343,120 140.538182,38.142385,120 140.539255,38.142085,120 140.539942,38.142171,120 140.540071,38.142171,120 140.540156,38.142085,120 140.539942,38.141441,120 140.540113,38.141227,120 140.540328,38.141227,120 140.540543,38.141313,120 140.541744,38.141913,120 140.542088,38.141999,120 140.542645,38.142042,120 140.543032,38.142214,120 140.544105,38.142214,120 140.544276,38.142171,120 140.544491,38.141956,120 140.544748,38.141656,120 140.544963,38.141270,120 140.545564,38.140798,120 140.546036,38.140583,120 140.547495,38.140583,120 140.548139,38.141012,120 140.548911,38.141055,120 140.549126,38.141012,120 140.549254,38.140883,120 140.549126,38.140454,120 140.549469,38.139338,120 140.549598,38.139210,120 140.549941,38.139038,120 140.551229,38.139253,120 140.551400,38.139253,120 140.551701,38.139167,120 140.552130,38.138824,120 140.552001,38.138695,120 140.550671,38.138781,120 140.550113,38.138738,120 140.549297,38.138437,120 140.549254,38.138309,120 140.549426,38.138223,120 140.550671,38.138523,120 140.551014,38.138523,120 140.551786,38.138180,120 140.555048,38.137407,120 140.555391,38.137236,120 140.555820,38.136849,120 140.556378,38.136635,120 140.556593,38.136377,120 140.556765,38.135905,120 140.556850,38.134789,120 140.557065,38.133974,120 140.557365,38.133545,120 140.557966,38.132944,120 140.560198,38.130541,120 140.560412,38.130627,120 140.560670,38.130970,120 140.560512,38.131137,120 140.560238,38.130978,120 140.560512,38.131137,120 140.560670,38.130970,120 140.560412,38.130627,120 140.560198,38.130541,120 140.559897,38.130455,120 140.559211,38.130240,120 140.558438,38.129983,120 140.558224,38.129897,120 140.557880,38.129983,120 140.556979,38.130455,120 140.556722,38.130541,120 140.556207,38.130670,120 140.555348,38.130755,120 140.554619,38.130841,120 140.554404,38.130970,120 140.554705,38.132343,120 140.554619,38.132601,120 140.554361,38.132644,120 140.554147,38.132601,120 140.553761,38.131957,120 140.553160,38.130755,120 140.552988,38.130584,120 140.552773,38.130498,120 140.552387,38.130498,120 140.551100,38.131099,120 140.550113,38.131270,120 140.549812,38.131227,120 140.548697,38.130713,120 140.548611,38.130713,120 140.548439,38.130755,120 140.548396,38.130841,120 140.548525,38.131227,120 140.548911,38.131957,120 140.548911,38.132215,120 140.548868,38.132386,120 140.548654,38.132515,120 140.548182,38.132601,120 140.546079,38.132730,120 140.545220,38.132644,120 140.544448,38.132644,120 140.544319,38.132687,120 140.544233,38.132815,120 140.544233,38.132987,120 140.544362,38.133245,120 140.544233,38.133416,120 140.544105,38.133502,120 140.543075,38.133588,120 140.541015,38.133845,120 140.540843,38.133931,120 140.540843,38.134189,120 140.541058,38.134317,120 140.541358,38.134403,120 140.541530,38.134575,120 140.541444,38.134789,120 140.540414,38.135047,120 140.537839,38.135133,120 140.537581,38.135219,120 140.536294,38.135948,120 140.536036,38.135991,120 140.535049,38.135819,120 140.532002,38.135777,120 140.531359,38.135734,120 140.529299,38.135219,120 140.529213,38.135090,120 140.529213,38.134747,120 140.529084,38.134661,120 140.528870,38.134618,120 140.528526,38.134918,120 140.528312,38.134918,120 140.528140,38.134747,120 140.528140,38.134618,120 140.528312,38.133802,120 140.528312,38.133717,120 140.528097,38.133588,120 140.527797,38.133674,120 140.527754,38.133802,120 140.527925,38.134403,120 140.527883,38.134532,120 140.527711,38.134575,120 140.527411,38.134489,120 140.527368,38.133759,120 140.527239,38.133674,120 140.526981,38.133631,120 140.526767,38.133717,120 140.526767,38.133888,120 140.526938,38.134103,120 140.526981,38.134232,120 140.526896,38.134360,120 140.526724,38.134403,120 140.526466,38.134360,120 140.526381,38.134017,120 140.526295,38.133888,120 140.526123,38.133845,120 140.525908,38.133931,120 140.525823,38.134017,120 140.525908,38.134232,120 140.525823,38.134446,120 140.525059,38.134583,120 140.525003,38.134388,120 140.525059,38.134583,120 140.524621,38.134661,120 140.523162,38.135133,120 140.521789,38.135948,120 140.518913,38.136506,120 140.518398,38.136463,120 140.517068,38.135991,120 140.516467,38.136034,120 140.514965,38.136678,120 140.514150,38.137450,120 140.513935,38.137536,120 140.512304,38.137579,120 140.512133,38.137794,120 140.512133,38.138180,120 140.512004,38.138309,120 140.511875,38.138309,120 140.511789,38.138223,120 140.511746,38.137665,120 140.511618,38.137622,120 140.511489,38.137665,120 140.511403,38.137794,120 140.511489,38.138480,120 140.511317,38.139381,120 140.511146,38.139596,120 140.510888,38.139596,120 140.509729,38.139124,120 140.508528,38.138351,120 140.508270,38.138223,120 140.508056,38.138266,120 140.507712,38.138394,120 140.506639,38.139768,120 140.506382,38.139939,120 140.506167,38.139939,120 140.505996,38.139811,120 140.505910,38.138866,120 140.505738,38.138695,120 140.505481,38.138566,120 140.505052,38.138566,120 140.503764,38.139296,120 140.503507,38.139381,120 140.503163,38.139338,120 140.502992,38.139210,120 140.502906,38.139081,120 140.502949,38.138523,120 140.502777,38.138351,120 140.502648,38.138351,120 140.502520,38.138437,120 140.502348,38.138952,120 140.502219,38.139038,120 140.502005,38.139038,120 140.501232,38.138738,120 140.501060,38.138738,120 140.500932,38.138909,120 140.500975,38.138995,120 140.501747,38.139768,120 140.501704,38.139896,120 140.501533,38.139982,120 140.501361,38.139853,120 140.500460,38.138995,120 140.500331,38.138952,120 140.500202,38.139038,120 140.500202,38.139124,120 140.500760,38.139596,120 140.500846,38.139682,120 140.500760,38.139811,120 140.500546,38.139811,120 140.499945,38.139210,120 140.499258,38.138695,120 140.499172,38.138695,120 140.499043,38.138781,120 140.499129,38.138952,120 140.499601,38.139338,120 140.499558,38.139510,120 140.499430,38.139553,120 140.498614,38.139167,120 140.497155,38.138652,120 140.496984,38.138695,120 140.496941,38.138866,120 140.497971,38.139296,120 140.498056,38.139424,120 140.497971,38.139510,120 140.497670,38.139467,120 140.496597,38.139038,120 140.496125,38.138866,120 140.495996,38.138909,120 140.495954,38.139038,120 140.496125,38.139167,120 140.496597,38.139296,120 140.496898,38.139381,120 140.497026,38.139510,120 140.496898,38.139639,120 140.496597,38.139639,120 140.495310,38.139381,120 140.495009,38.139296,120 140.494795,38.138952,120 140.494709,38.138437,120 140.494494,38.138180,120 140.494237,38.138180,120 140.493507,38.138351,120 140.493250,38.138309,120 140.493121,38.138180,120 140.492992,38.138094,120 140.492992,38.137922,120 140.493379,38.136549,120 140.493293,38.136334,120 140.493078,38.136292,120 140.492606,38.136463,120 140.492091,38.136806,120 140.491834,38.136806,120 140.491748,38.136592,120 140.492005,38.136249,120 140.491962,38.136077,120 140.491877,38.136034,120 140.491705,38.136034,120 140.491018,38.136463,120 140.490804,38.136420,120 140.490847,38.136206,120 140.491276,38.135819,120 140.491233,38.135734,120 140.490975,38.135648,120 140.490632,38.135905,120 140.490417,38.135948,120 140.490332,38.135905,120 140.490332,38.135819,120 140.490546,38.135433,120 140.490375,38.135219,120 140.490203,38.135176,120 140.489473,38.135347,120 140.489345,38.135304,120 140.489216,38.135090,120 140.489130,38.134274,120 140.488958,38.134103,120 140.488787,38.134103,120 140.488615,38.134189,120 140.488315,38.134961,120 140.488229,38.135047,120 140.488057,38.135133,120 140.487885,38.135047,120 140.487800,38.134961,120 140.487800,38.134360,120 140.487628,38.134103,120 140.487370,38.134060,120 140.487199,38.134232,120 140.487242,38.134918,120 140.487156,38.135004,120 140.487027,38.135090,120 140.486770,38.135004,120 140.486684,38.134789,120 140.486598,38.134360,120 140.486298,38.134146,120 140.486126,38.134146,120 140.485911,38.134274,120 140.485697,38.134918,120 140.485568,38.135047,120 140.484667,38.135605,120 140.484281,38.135691,120 140.483851,38.135605,120 140.482178,38.135004,120 140.477757,38.133245,120 140.477114,38.133159,120 140.476642,38.133245,120 140.476041,38.133459,120 140.475483,38.134060,120 140.475097,38.134918,120 140.474625,38.136721,120 140.474410,38.137021,120 140.473680,38.137279,120 140.472178,38.137622,120 140.471706,38.137665,120 140.471535,38.137622,120 140.471449,38.137450,120 140.471578,38.136892,120 140.471578,38.136549,120 140.471492,38.136249,120 140.471320,38.136034,120 140.468702,38.135347,120 140.468359,38.135047,120 140.468187,38.134789,120 140.468102,38.134446,120 140.468445,38.132730,120 140.468402,38.132515,120 140.468316,38.132429,120 140.468016,38.132429,120 140.467501,38.132858,120 140.467200,38.132901,120 140.467114,38.132858,120 140.467072,38.132687,120 140.467200,38.132086,120 140.467157,38.131957,120 140.467072,38.131828,120 140.466857,38.131828,120 140.466685,38.131914,120 140.466213,38.132300,120 140.466042,38.132343,120 140.465913,38.132300,120 140.465827,38.132215,120 140.465870,38.131742,120 140.465827,38.131571,120 140.465569,38.131485,120 140.465140,38.131700,120 140.464883,38.131700,120 140.464754,38.131657,120 140.464110,38.131056,120 140.463896,38.130584,120 140.463724,38.129253,120 140.463510,38.129039,120 140.463252,38.129125,120 140.463166,38.129210,120 140.463123,38.129811,120 140.462952,38.129983,120 140.462694,38.129854,120 140.462565,38.129339,120 140.462480,38.129210,120 140.462351,38.129125,120 140.462050,38.129210,120 140.461879,38.129768,120 140.461707,38.129854,120 140.461450,38.129854,120 140.460720,38.129382,120 140.460033,38.129168,120 140.460033,38.128910,120 140.460463,38.128567,120 140.460205,38.128266,120 140.458918,38.127751,120 140.457673,38.127537,120 140.457244,38.127365,120 140.456944,38.127108,120 140.456643,38.126464,120 140.456300,38.126464,120 140.454669,38.127022,120 140.454240,38.127151,120 140.454111,38.127108,120 140.454025,38.127022,120 140.454283,38.126593,120 140.454369,38.125606,120 140.454454,38.124790,120 140.454326,38.124447,120 140.453296,38.124061,120 140.452352,38.123546,120 140.452008,38.123245,120 140.450335,38.122602,120 140.449176,38.122687,120 140.448446,38.122258,120 140.448232,38.122215,120 140.447931,38.122258,120 140.447288,38.122602,120 140.446343,38.122559,120 140.444670,38.122644,120 140.444326,38.122687,120 140.443940,38.122902,120 140.443640,38.123159,120 140.443425,38.123546,120 140.443211,38.124876,120 140.442996,38.125262,120 140.441365,38.126378,120 140.439262,38.127666,120 140.438919,38.127751,120 140.438104,38.127751,120 140.437245,38.127537,120 140.436215,38.127151,120 140.436001,38.127151,120 140.435615,38.127193,120 140.435314,38.127322,120 140.434842,38.127751,120 140.434456,38.128223,120 140.432353,38.128996,120 140.431881,38.128996,120 140.431366,38.128867,120 140.429306,38.128138,120 140.428705,38.127837,120 140.428491,38.127708,120 140.428362,38.127494,120 140.428319,38.127151,120 140.428362,38.126807,120 140.428619,38.126292,120 140.428662,38.126249,120 140.429049,38.125434,120 140.429177,38.125048,120 140.429177,38.124876,120 140.428963,38.124661,120 140.428576,38.124576,120 140.428233,38.124576,120 140.427933,38.124747,120 140.426989,38.125863,120 140.426517,38.126421,120 140.426259,38.127022,120 140.426130,38.127151,120 140.425787,38.127108,120 140.425916,38.126550,120 140.425830,38.126078,120 140.425186,38.124061,120 140.425143,38.123717,120 140.425272,38.122988,120 140.425143,38.122773,120 140.424972,38.122687,120 140.424628,38.122644,120 140.424285,38.122773,120 140.423512,38.123374,120 140.422440,38.124447,120 140.422096,38.124704,120 140.421581,38.124747,120 140.421281,38.124661,120 140.421109,38.124533,120 140.420938,38.124232,120 140.420895,38.123803,120 140.421023,38.123374,120 140.422268,38.121657,120 140.422482,38.121314,120 140.422568,38.120971,120 140.422611,38.120370,120 140.422869,38.119383,120 140.422654,38.119254,120 140.422482,38.119297,120 140.422096,38.119984,120 140.421882,38.120155,120 140.421109,38.120456,120 140.420723,38.120456,120 140.420337,38.120284,120 140.420122,38.120027,120 140.420079,38.119640,120 140.420208,38.119469,120 140.421238,38.118353,120 140.421882,38.117838,120 140.423083,38.117151,120 140.423126,38.117065,120 140.423083,38.116894,120 140.422826,38.116851,120 140.422010,38.117280,120 140.421195,38.117452,120 140.419350,38.118696,120 140.417676,38.119383,120 140.416646,38.120027,120 140.415959,38.120756,120 140.415788,38.120842,120 140.415616,38.120799,120 140.415530,38.120627,120 140.416088,38.119855,120 140.416260,38.119383,120 140.416260,38.118954,120 140.416131,38.118267,120 140.415959,38.117666,120 140.415702,38.117280,120 140.415487,38.117237,120 140.415359,38.117280,120 140.415316,38.117409,120 140.415359,38.118138,120 140.414715,38.119168,120 140.413899,38.120027,120 140.413299,38.121400,120 140.412869,38.123417,120 140.412784,38.123589,120 140.412526,38.123674,120 140.412397,38.123631,120 140.412269,38.123546,120 140.412097,38.122816,120 140.411625,38.121915,120 140.412011,38.120070,120 140.411968,38.119898,120 140.411496,38.118997,120 140.411625,38.117623,120 140.411539,38.117194,120 140.411367,38.116894,120 140.411110,38.116636,120 140.410767,38.116508,120 140.410552,38.116508,120 140.410466,38.116679,120 140.410767,38.116937,120 140.410810,38.117108,120 140.410380,38.117881,120 140.410123,38.118525,120 140.410037,38.119040,120 140.409951,38.120198,120 140.409265,38.120756,120 140.408106,38.122773,120 140.408106,38.122988,120 140.408406,38.124104,120 140.408406,38.124189,120 140.408235,38.124275,120 140.408020,38.124189,120 140.407891,38.123202,120 140.407805,38.123031,120 140.407162,38.122687,120 140.405445,38.121958,120 140.404973,38.121529,120 140.404930,38.121400,120 140.404630,38.120885,120 140.404458,38.120713,120 140.404286,38.120670,120 140.403857,38.120756,120 140.403600,38.121057,120 140.403771,38.121958,120 140.403256,38.123245,120 140.402870,38.123717,120 140.402055,38.123975,120 140.401540,38.123975,120 140.401154,38.123932,120 140.400639,38.123803,120 140.399909,38.123331,120 140.399566,38.122988,120 140.398793,38.121958,120 140.398364,38.121743,120 140.397935,38.121743,120 140.395703,38.122258,120 140.393558,38.122559,120 140.392656,38.122602,120 140.392056,38.122430,120 140.391455,38.121872,120 140.391240,38.121743,120 140.391111,38.121743,120 140.388021,38.122344,120 140.387721,38.122602,120 140.387421,38.123031,120 140.387077,38.123116,120 140.386777,38.123031,120 140.386648,38.122687,120 140.386648,38.122387,120 140.387077,38.121700,120 140.387034,38.121614,120 140.386820,38.121529,120 140.386648,38.121614,120 140.386305,38.121915,120 140.385618,38.122902,120 140.385532,38.123674,120 140.385361,38.123932,120 140.385146,38.123975,120 140.384974,38.123803,120 140.384974,38.123159,120 140.384932,38.122773,120 140.385189,38.122215,120 140.385060,38.122044,120 140.384846,38.122172,120 140.384288,38.123074,120 140.383387,38.123546,120 140.383129,38.123846,120 140.383258,38.124361,120 140.383172,38.124790,120 140.383000,38.125005,120 140.382786,38.125091,120 140.382700,38.125048,120 140.382657,38.124790,120 140.382700,38.124404,120 140.382314,38.123975,120 140.382271,38.123460,120 140.382271,38.123159,120 140.382872,38.122602,120 140.382915,38.122387,120 140.382614,38.122387,120 140.382357,38.122473,120 140.381713,38.122859,120 140.381241,38.123245,120 140.381112,38.123674,120 140.381026,38.124447,120 140.381026,38.124533,120 140.381284,38.125777,120 140.381670,38.126636,120 140.381842,38.126850,120 140.382314,38.127065,120 140.382614,38.127408,120 140.382786,38.127880,120 140.383086,38.129296,120 140.383043,38.129511,120 140.382915,38.129640,120 140.382614,38.129683,120 140.382400,38.129640,120 140.382185,38.129468,120 140.381370,38.128309,120 140.381284,38.128266,120 140.380983,38.128009,120 140.380554,38.128009,120 140.380383,38.128266,120 140.380511,38.128738,120 140.380468,38.128867,120 140.380340,38.128953,120 140.380125,38.128996,120 140.379953,38.128910,120 140.379653,38.128438,120 140.379438,38.128309,120 140.378237,38.128309,120 140.378065,38.128481,120 140.378065,38.128695,120 140.378280,38.128824,120 140.378752,38.128824,120 140.379095,38.128996,120 140.379267,38.129210,120 140.379224,38.129554,120 140.379095,38.129725,120 140.379052,38.129768,120 140.379041,38.129818,120 140.379043,38.129819,120 140.379041,38.129818,120 140.379052,38.129768,120 140.377464,38.130069,120 140.377164,38.130240,120 140.376778,38.130198,120 140.376735,38.130069,120 140.376863,38.129940,120 140.377550,38.129811,120 140.377636,38.129640,120 140.377550,38.129511,120 140.376778,38.129425,120 140.374074,38.128653,120 140.373859,38.128438,120 140.373816,38.128309,120 140.373902,38.128138,120 140.374031,38.128052,120 140.374417,38.127966,120 140.374932,38.127923,120 140.375147,38.127837,120 140.375233,38.127666,120 140.375190,38.127451,120 140.375104,38.127365,120 140.374804,38.127236,120 140.374117,38.127151,120 140.373645,38.127151,120 140.372486,38.127151,120 140.371628,38.127065,120 140.371113,38.127022,120 140.370255,38.127065,120 140.369568,38.127151,120 140.369439,38.127322,120 140.369482,38.127580,120 140.370255,38.128095,120 140.371628,38.129168,120 140.371842,38.129511,120 140.371799,38.129640,120 140.371628,38.129768,120 140.371585,38.129768,120 140.371370,38.129811,120 140.371113,38.129768,120 140.370212,38.129039,120 140.370040,38.128910,120 140.369182,38.128266,120 140.368967,38.128266,120 140.368109,38.128395,120 140.367937,38.128438,120 140.367765,38.128610,120 140.367551,38.129683,120 140.367551,38.129768,120 140.367336,38.130541,120 140.365233,38.130755,120 140.364804,38.130927,120 140.364075,38.131099,120 140.363474,38.131356,120 140.362444,38.131828,120 140.362272,38.131871,120 140.361371,38.132086,120 140.360856,38.132300,120 140.359654,38.132472,120 140.358796,38.132343,120 140.358710,38.132343,120 140.357938,38.132558,120 140.357208,38.132815,120 140.356908,38.132858,120 140.356436,38.132858,120 140.355878,38.132944,120 140.354075,38.133330,120 140.353603,38.133459,120 140.352702,38.134060,120 140.352187,38.134317,120 140.351501,38.134575,120 140.350428,38.134789,120 140.349398,38.135176,120 140.348969,38.135219,120 140.348411,38.135347,120 140.348196,38.135433,120 140.346866,38.135948,120 140.345578,38.136592,120 140.344291,38.137407,120 140.343390,38.137965,120 140.342188,38.138995,120 140.341759,38.139338,120 140.341158,38.139639,120 140.340343,38.140154,120 140.339785,38.140798,120 140.339227,38.141613,120 140.339098,38.142214,120 140.338840,38.142343,120 140.338669,38.142171,120 140.338840,38.141398,120 140.338798,38.141313,120 140.338583,38.141313,120 140.337853,38.141828,120 140.336695,38.142815,120 140.335965,38.143587,120 140.335665,38.143930,120 140.334678,38.144875,120 140.334635,38.144960,120 140.334249,38.145347,120 140.333991,38.145776,120 140.333648,38.146892,120 140.333476,38.147278,120 140.333176,38.147578,120 140.332317,38.148265,120 140.331631,38.149080,120 140.330687,38.150239,120 140.330515,38.150282,120 140.330086,38.150282,120 140.329442,38.150239,120 140.328670,38.150239,120 140.328369,38.150496,120 140.327597,38.151569,120 140.327296,38.151827,120 140.326695,38.152127,120 140.326266,38.152256,120 140.325537,38.152556,120 140.325322,38.152599,120 140.324893,38.152728,120 140.324163,38.152943,120 140.323048,38.153543,120 140.321074,38.154874,120 140.320301,38.155303,120 140.319872,38.155475,120 140.318928,38.155904,120 140.318799,38.156033,120 140.316782,38.157663,120 140.316052,38.158135,120 140.315709,38.158393,120 140.315537,38.158479,120 140.314507,38.159165,120 140.312705,38.160281,120 140.311546,38.161097,120 140.311332,38.161225,120 140.310774,38.161526,120 140.310345,38.161697,120 140.309658,38.161912,120 140.308456,38.162255,120 140.308156,38.162298,120 140.307469,38.162513,120 140.304551,38.163328,120 140.303993,38.163500,120 140.300517,38.160195,120 140.299659,38.159337,120 140.298972,38.158650,120 140.296998,38.156633,120 140.296268,38.155904,120 140.294509,38.154058,120 140.294294,38.153844,120 140.292020,38.151526,120 140.290604,38.150110,120 140.289831,38.150368,120 140.288672,38.150668,120 140.287428,38.150969,120 140.286398,38.151226,120 140.285411,38.151526,120 140.284638,38.151741,120 140.283823,38.151999,120 140.282922,38.152256,120 140.282621,38.152342,120 140.281935,38.152556,120 140.281291,38.152728,120 140.280905,38.152900,120 140.279961,38.153372,120 140.279746,38.153458,120 140.279274,38.153715,120 140.279188,38.153715,120 140.278416,38.154101,120 140.277944,38.154273,120 140.277686,38.154488,120 140.277300,38.154659,120 140.276871,38.154874,120 140.276313,38.155088,120 140.275669,38.154273,120 140.275626,38.154187,120 140.275369,38.153887,120 140.275197,38.153715,120 140.274854,38.153543,120 140.274038,38.153200,120 140.273652,38.153028,120 140.272751,38.152642,120 140.272365,38.152514,120 140.271635,38.152256,120 140.270691,38.151870,120 140.269918,38.151526,120 140.269189,38.151140,120 140.268416,38.150711,120 140.267773,38.150368,120 140.267172,38.150067,120 140.266528,38.149724,120 140.265026,38.148952,120 140.264597,38.148694,120 140.264425,38.148308,120 140.263224,38.148479,120 140.262890,38.148521,120 140.262885,38.148496,120</coordinates></LineString></Placemark>
</Document></kml>
